Accident_ID,State,City,Weather,Road_Type,Road_Surface,Light_Condition,Vehicle_Type,Driver_Age,Driver_Gender,Alcohol,Speed_Limit,Time,Day,Month,Casualties,Latitude,Longitude,Severity
ACC0001,Madhya Pradesh,Indore,Foggy,Expressway,Wet,Daylight,LCV,29,Female,No,70,01:50,Saturday,February,1,22.756,75.9179,Minor
ACC0002,Tamil Nadu,Coimbatore,Clear,Expressway,Dry,Daylight,Heavy Truck,50,Female,No,90,07:42,Wednesday,March,2,11.1046,76.9408,Serious
ACC0003,Punjab,Amritsar,Clear,National Highway,Wet,Night - Darkness,Bus,39,Male,Yes,80,13:17,Friday,September,6,31.6341,74.8597,Fatal
ACC0004,Rajasthan,Jaipur,Foggy,National Highway,Wet,Night - Darkness,LCV,18,Female,No,70,12:06,Monday,June,1,26.9164,75.8456,Minor
ACC0005,Telangana,Hyderabad,Clear,State Highway,Dry,Daylight,Bus,47,Male,No,70,04:08,Wednesday,February,2,17.3563,78.4822,Minor
ACC0006,Tamil Nadu,Chennai,Clear,Rural Road,Gravel,Daylight,Car,19,Male,No,90,06:57,Monday,June,0,13.0243,80.1964,Fatal
ACC0007,Gujarat,Ahmedabad,Clear,City Road,Gravel,Night - Street Lights On,Two-Wheeler,46,Male,Yes,120,14:31,Saturday,December,3,23.0935,72.4958,Minor
ACC0008,Gujarat,Ahmedabad,Foggy,National Highway,Wet,Daylight,Heavy Truck,41,Female,No,80,17:56,Tuesday,June,2,23.0725,72.5786,Fatal
ACC0009,Uttar Pradesh,Kanpur,Clear,State Highway,Slippery,Daylight,LCV,57,Female,No,60,10:13,Thursday,April,1,26.4065,80.2936,Minor
ACC0010,Telangana,Hyderabad,Clear,Rural Road,Gravel,Night - Darkness,Car,55,Male,No,90,20:02,Thursday,September,1,17.369,78.5016,Minor
ACC0011,Madhya Pradesh,Indore,Foggy,Expressway,Wet,Daylight,LCV,32,Female,No,60,01:10,Saturday,February,1,22.7661,75.8927,Minor
ACC0012,Uttar Pradesh,Kanpur,Clear,State Highway,Slippery,Daylight,LCV,52,Female,No,120,09:42,Thursday,April,1,26.4164,80.2888,Minor
ACC0013,Odisha,Bhubaneswar,Clear,National Highway,Slippery,Night - Street Lights On,Two-Wheeler,48,Male,Yes,100,00:59,Thursday,March,3,20.2145,85.7835,Minor
ACC0014,Maharashtra,Pune,Foggy,City Road,Wet,Night - Darkness,Two-Wheeler,22,Female,Yes,60,23:13,Friday,May,2,18.5208,73.8652,Fatal
ACC0015,Madhya Pradesh,Indore,Sunny,Expressway,Under Construction,Daylight,Two-Wheeler,33,Female,Yes,90,22:38,Monday,May,4,22.6523,75.8004,Minor
ACC0016,Tamil Nadu,Coimbatore,Clear,State Highway,Gravel,Daylight,Bus,61,Male,No,80,12:05,Sunday,June,2,11.0077,76.9483,Serious
ACC0017,Rajasthan,Jaipur,Foggy,Rural Road,Wet,Night - Street Lights On,LCV,46,Female,Yes,50,04:14,Saturday,November,3,26.9605,75.7503,Fatal
ACC0018,Uttar Pradesh,Lucknow,Mist,Expressway,Wet,Twilight/Dusk,Heavy Truck,47,Male,No,40,14:19,Friday,October,3,26.8221,81.0268,Serious
ACC0019,Rajasthan,Jaipur,Clear,State Highway,Slippery,Daylight,Car,24,Male,No,120,19:34,Tuesday,March,1,26.8328,75.7557,Minor
ACC0020,Madhya Pradesh,Indore,Clear,Expressway,Dry,Daylight,Two-Wheeler,51,Female,Yes,120,05:44,Friday,October,2,22.6674,75.8999,Fatal
ACC0021,Tamil Nadu,Madurai,Foggy,State Highway,Wet,Night - Darkness,LCV,50,Male,No,80,02:56,Thursday,September,3,9.9323,78.0978,Fatal
ACC0022,Uttar Pradesh,Lucknow,Foggy,Rural Road,Wet,Twilight/Dusk,Heavy Truck,27,Male,No,70,05:06,Monday,December,3,26.9001,80.9063,Minor
ACC0023,Odisha,Bhubaneswar,Clear,Rural Road,Dry,Night - Darkness,Heavy Truck,39,Male,No,120,05:14,Saturday,July,3,20.2696,85.7969,Serious
ACC0024,Karnataka,Bengaluru,Clear,Expressway,Slippery,Twilight/Dusk,LCV,55,Male,No,90,18:10,Wednesday,September,1,12.9023,77.5417,Serious
ACC0025,Haryana,Gurugram,Clear,Rural Road,Dry,Night - Street Lights On,Auto-Rickshaw,45,Male,Yes,80,19:45,Monday,December,1,28.5257,77.0921,Serious
ACC0026,Maharashtra,Mumbai,Mist,City Road,Wet,Daylight,Car,66,Male,Yes,100,06:03,Thursday,August,1,19.0408,72.8162,Minor
ACC0027,Gujarat,Surat,Mist,State Highway,Wet,Night - Darkness,Two-Wheeler,57,Male,No,120,19:06,Sunday,April,1,21.1505,72.7833,Fatal
ACC0028,Gujarat,Ahmedabad,Clear,State Highway,Dry,Night - Street Lights On,Two-Wheeler,57,Male,No,60,12:43,Saturday,December,2,23.0591,72.5326,Minor
ACC0029,Kerala,Thiruvananthapuram,Clear,National Highway,Dry,Night - Darkness,Bus,28,Male,Yes,100,14:19,Thursday,March,4,8.529,76.9756,Serious
ACC0030,Gujarat,Ahmedabad,Clear,National Highway,Gravel,Daylight,Heavy Truck,23,Male,No,120,11:28,Tuesday,August,3,23.0561,72.5948,Minor
ACC0031,Uttar Pradesh,Varanasi,Sunny,National Highway,Dry,Daylight,Bus,43,Male,Yes,120,22:07,Tuesday,November,5,25.344,83.0275,Serious
ACC0032,Uttar Pradesh,Kanpur,Heavy Rain,Rural Road,Slippery,Daylight,LCV,41,Male,No,40,19:37,Thursday,November,1,26.4111,80.3993,Serious
ACC0033,Madhya Pradesh,Indore,Clear,Expressway,Dry,Daylight,Two-Wheeler,57,Female,Yes,120,06:00,Friday,October,2,22.6382,75.8837,Fatal
ACC0034,Gujarat,Surat,Sunny,National Highway,Dry,Night - Street Lights On,Car,47,Male,Yes,90,11:49,Friday,September,4,21.1841,72.8381,Minor
ACC0035,Gujarat,Ahmedabad,Clear,National Highway,Gravel,Daylight,Heavy Truck,23,Male,No,80,11:29,Tuesday,August,3,23.0421,72.5973,Minor
ACC0036,West Bengal,Kolkata,Clear,City Road,Slippery,Night - Street Lights On,Two-Wheeler,64,Male,No,60,22:24,Sunday,February,2,22.6049,88.4033,Minor
ACC0037,Tamil Nadu,Coimbatore,Clear,State Highway,Gravel,Daylight,Bus,64,Male,No,120,11:58,Sunday,June,2,11.0037,76.9338,Minor
ACC0038,Uttar Pradesh,Varanasi,Clear,City Road,Under Construction,Night - Street Lights On,LCV,36,Male,No,90,21:56,Tuesday,February,1,25.3224,82.9735,Serious
ACC0039,Kerala,Kochi,Sunny,State Highway,Slippery,Night - Darkness,Bus,40,Male,No,120,04:14,Saturday,August,2,9.9898,76.2934,Minor
ACC0040,Kerala,Thiruvananthapuram,Clear,City Road,Wet,Night - Street Lights On,Heavy Truck,36,Male,No,70,17:22,Saturday,March,0,8.6232,76.9502,Serious
ACC0041,Kerala,Kochi,Clear,State Highway,Dry,Daylight,Heavy Truck,35,Male,No,80,22:57,Tuesday,March,1,10.0086,76.184,Serious
ACC0042,Gujarat,Surat,Sunny,National Highway,Slippery,Daylight,Auto-Rickshaw,47,Male,No,100,10:11,Monday,July,2,21.094,72.8201,Minor
ACC0043,Uttar Pradesh,Lucknow,Heavy Rain,State Highway,Slippery,Twilight/Dusk,Heavy Truck,33,Male,No,70,13:26,Thursday,June,1,26.8934,80.9304,Serious
ACC0044,Kerala,Kochi,Clear,State Highway,Dry,Daylight,Heavy Truck,69,Female,No,60,11:33,Tuesday,September,1,9.9904,76.2714,Minor
ACC0045,Maharashtra,Mumbai,Foggy,Expressway,Wet,Twilight/Dusk,LCV,22,Male,No,40,14:10,Tuesday,August,1,19.034,72.8009,Fatal
ACC0046,Uttar Pradesh,Kanpur,Clear,State Highway,Slippery,Daylight,LCV,50,Female,No,120,09:53,Thursday,April,1,26.4034,80.31,Serious
ACC0047,Madhya Pradesh,Indore,Mist,State Highway,Wet,Daylight,LCV,18,Female,No,80,08:13,Monday,June,2,22.7791,75.8316,Fatal
ACC0048,Uttar Pradesh,Varanasi,Clear,Rural Road,Dry,Daylight,Car,54,Male,No,100,17:59,Friday,October,2,25.3384,82.9455,Fatal
ACC0049,Madhya Pradesh,Bhopal,Clear,State Highway,Slippery,Daylight,Car,51,Male,No,70,08:16,Monday,January,2,23.2094,77.3879,Minor
ACC0050,Punjab,Ludhiana,Foggy,Rural Road,Wet,Daylight,Bus,44,Male,No,70,21:17,Monday,November,3,30.8862,75.8644,Minor
ACC0051,Rajasthan,Jaipur,Clear,State Highway,Gravel,Night - Street Lights On,Two-Wheeler,26,Female,No,90,04:28,Sunday,March,0,26.8585,75.8569,Minor
ACC0052,Madhya Pradesh,Indore,Sunny,Expressway,Under Construction,Daylight,Two-Wheeler,39,Female,Yes,80,23:06,Monday,May,4,22.6649,75.8076,Minor
ACC0053,Tamil Nadu,Madurai,Foggy,State Highway,Wet,Night - Darkness,LCV,48,Male,No,60,02:17,Thursday,September,3,9.9394,78.1184,Minor
ACC0054,Delhi,New Delhi,Heavy Rain,National Highway,Slippery,Night - Street Lights On,Heavy Truck,40,Male,No,50,15:08,Sunday,February,4,28.6571,77.279,Fatal
ACC0055,Jammu and Kashmir,Srinagar,Mist,Expressway,Wet,Night - Darkness,Two-Wheeler,25,Male,No,40,03:37,Thursday,January,3,34.1202,74.7637,Fatal
ACC0056,Rajasthan,Jaipur,Mist,National Highway,Wet,Daylight,Two-Wheeler,42,Male,No,90,05:06,Monday,March,2,26.8586,75.7344,Fatal
ACC0057,Madhya Pradesh,Bhopal,Heavy Rain,State Highway,Slippery,Night - Darkness,Two-Wheeler,62,Male,No,50,01:09,Saturday,November,2,23.2827,77.3415,Minor
ACC0058,Telangana,Hyderabad,Foggy,National Highway,Wet,Daylight,Bus,20,Male,No,80,13:26,Monday,May,3,17.4663,78.5367,Minor
ACC0059,Kerala,Thiruvananthapuram,Foggy,Rural Road,Wet,Twilight/Dusk,Auto-Rickshaw,36,Male,No,100,14:53,Wednesday,September,1,8.4669,76.8679,Serious
ACC0060,Uttar Pradesh,Kanpur,Mist,Expressway,Wet,Daylight,Auto-Rickshaw,57,Male,No,100,13:17,Monday,December,1,26.3767,80.3738,Minor
ACC0061,Uttar Pradesh,Varanasi,Clear,State Highway,Dry,Daylight,Two-Wheeler,64,Male,No,40,03:11,Wednesday,June,2,25.2551,83.0442,Minor
ACC0062,Karnataka,Bengaluru,Clear,National Highway,Wet,Night - Darkness,Two-Wheeler,25,Male,No,80,12:05,Saturday,December,6,12.9868,77.5491,Serious
ACC0063,Gujarat,Surat,Sunny,National Highway,Slippery,Daylight,Auto-Rickshaw,46,Male,No,40,09:33,Monday,July,2,21.1226,72.8364,Fatal
ACC0064,Telangana,Hyderabad,Clear,State Highway,Dry,Daylight,Bus,48,Male,No,80,03:46,Wednesday,February,2,17.3623,78.4832,Fatal
ACC0065,Kerala,Thiruvananthapuram,Heavy Rain,National Highway,Slippery,Twilight/Dusk,Heavy Truck,34,Male,Yes,80,13:02,Sunday,November,3,8.4551,76.9407,Serious
ACC0066,Gujarat,Ahmedabad,Foggy,Rural Road,Wet,Night - Darkness,Car,29,Male,Yes,90,11:57,Monday,December,6,23.075,72.6087,Serious
ACC0067,Maharashtra,Pune,Clear,State Highway,Gravel,Night - Street Lights On,Two-Wheeler,43,Female,No,70,21:33,Monday,March,0,18.5243,73.8691,Minor
ACC0068,Madhya Pradesh,Indore,Foggy,National Highway,Wet,Night - Darkness,Heavy Truck,63,Male,No,60,12:14,Thursday,February,2,22.6821,75.8655,Serious
ACC0069,Tamil Nadu,Chennai,Clear,Rural Road,Gravel,Daylight,Car,18,Male,No,40,06:43,Monday,June,0,13.0545,80.1935,Fatal
ACC0070,Kerala,Thiruvananthapuram,Foggy,Rural Road,Wet,Twilight/Dusk,Auto-Rickshaw,42,Male,No,100,15:00,Wednesday,September,1,8.4657,76.8792,Minor
ACC0071,Jammu and Kashmir,Srinagar,Sunny,Expressway,Slippery,Twilight/Dusk,LCV,51,Male,No,60,12:40,Thursday,April,1,34.1002,74.7608,Minor
ACC0072,Assam,Guwahati,Clear,State Highway,Slippery,Twilight/Dusk,Car,45,Male,No,80,15:00,Wednesday,January,1,26.0663,91.6796,Fatal
ACC0073,Uttarakhand,Dehradun,Clear,City Road,Dry,Daylight,LCV,19,Male,No,40,14:01,Sunday,August,2,30.3745,78.0797,Minor
ACC0074,Kerala,Thiruvananthapuram,Clear,City Road,Wet,Night - Street Lights On,Heavy Truck,32,Male,No,120,17:22,Saturday,March,0,8.5853,76.9641,Minor
ACC0075,Tamil Nadu,Madurai,Mist,City Road,Wet,Daylight,Bus,61,Male,No,50,16:54,Wednesday,March,2,9.9736,78.1087,Fatal
ACC0076,Assam,Guwahati,Clear,State Highway,Dry,Daylight,Auto-Rickshaw,21,Male,No,120,09:55,Monday,January,1,26.156,91.7477,Minor
ACC0077,Delhi,New Delhi,Clear,Expressway,Wet,Daylight,Two-Wheeler,27,Female,No,120,01:40,Monday,December,1,28.678,77.2127,Fatal
ACC0078,Kerala,Thiruvananthapuram,Clear,National Highway,Dry,Daylight,Auto-Rickshaw,54,Female,Yes,50,19:41,Monday,November,6,8.4451,76.8832,Serious
ACC0079,Maharashtra,Pune,Foggy,City Road,Wet,Night - Darkness,Two-Wheeler,18,Female,Yes,90,23:09,Friday,May,2,18.5264,73.8687,Minor
ACC0080,Uttar Pradesh,Varanasi,Clear,National Highway,Gravel,Daylight,Car,35,Male,No,40,23:53,Sunday,March,1,25.4066,83.0158,Fatal
ACC0081,Kerala,Kochi,Clear,City Road,Wet,Night - Street Lights On,Heavy Truck,40,Male,No,50,21:58,Monday,January,0,9.8849,76.2437,Minor
ACC0082,Punjab,Amritsar,Clear,City Road,Wet,Twilight/Dusk,Heavy Truck,22,Male,No,70,18:45,Thursday,March,1,31.7082,74.9243,Serious
ACC0083,Uttar Pradesh,Lucknow,Mist,Expressway,Wet,Twilight/Dusk,Heavy Truck,46,Male,No,90,13:40,Friday,October,3,26.8327,81.0245,Minor
ACC0084,Tamil Nadu,Chennai,Clear,Expressway,Dry,Daylight,Car,35,Male,No,120,21:54,Saturday,July,2,13.0903,80.276,Minor
ACC0085,Karnataka,Bengaluru,Heavy Rain,State Highway,Slippery,Daylight,Two-Wheeler,56,Female,No,40,07:59,Sunday,June,0,12.8791,77.6635,Serious
ACC0086,Kerala,Kochi,Sunny,State Highway,Slippery,Night - Darkness,Bus,39,Male,No,80,03:24,Saturday,August,2,10.0125,76.2829,Serious
ACC0087,Telangana,Hyderabad,Clear,Rural Road,Gravel,Night - Darkness,Car,56,Male,No,40,20:38,Thursday,September,1,17.3706,78.4949,Minor
ACC0088,Maharashtra,Nagpur,Clear,State Highway,Dry,Daylight,Bus,61,Male,No,60,19:05,Friday,July,1,21.156,79.0447,Minor
ACC0089,Gujarat,Ahmedabad,Foggy,Rural Road,Wet,Night - Darkness,Car,29,Male,Yes,60,11:54,Monday,December,6,23.0561,72.5997,Serious
ACC0090,Maharashtra,Pune,Foggy,City Road,Wet,Night - Darkness,Two-Wheeler,22,Female,Yes,60,23:33,Friday,May,2,18.5258,73.8989,Minor
ACC0091,Madhya Pradesh,Indore,Clear,National Highway,Gravel,Daylight,Two-Wheeler,34,Female,No,50,01:39,Monday,April,3,22.6553,75.8309,Serious
ACC0092,West Bengal,Kolkata,Sunny,Expressway,Dry,Daylight,Car,29,Male,No,60,11:21,Sunday,July,1,22.635,88.3862,Serious
ACC0093,Bihar,Patna,Foggy,State Highway,Wet,Twilight/Dusk,Two-Wheeler,54,Male,Yes,100,13:32,Friday,April,3,25.539,85.1038,Fatal
ACC0094,Assam,Guwahati,Sunny,Rural Road,Dry,Night - Street Lights On,Auto-Rickshaw,62,Male,Yes,70,10:10,Sunday,July,1,26.161,91.7687,Fatal
ACC0095,Gujarat,Ahmedabad,Clear,City Road,Gravel,Night - Street Lights On,Two-Wheeler,40,Male,Yes,70,14:18,Saturday,December,3,23.1156,72.5228,Serious
ACC0096,Delhi,New Delhi,Clear,Rural Road,Gravel,Daylight,Car,24,Male,No,120,03:32,Tuesday,December,2,28.5332,77.2127,Fatal
ACC0097,Karnataka,Bengaluru,Clear,National Highway,Wet,Night - Darkness,Two-Wheeler,25,Male,No,80,11:46,Saturday,December,6,13.0135,77.5307,Serious
ACC0098,Uttar Pradesh,Kanpur,Clear,State Highway,Dry,Night - Street Lights On,Heavy Truck,26,Male,No,60,12:08,Tuesday,August,2,26.3746,80.3423,Minor
ACC0099,Tamil Nadu,Coimbatore,Foggy,State Highway,Wet,Night - Street Lights On,LCV,31,Male,Yes,80,07:43,Sunday,May,3,10.9911,76.9495,Minor
ACC0100,Karnataka,Bengaluru,Sunny,Expressway,Under Construction,Night - Darkness,LCV,56,Male,Yes,60,04:46,Saturday,October,6,13.051,77.5983,Serious
ACC0101,Gujarat,Ahmedabad,Clear,Rural Road,Under Construction,Twilight/Dusk,Car,24,Female,No,120,03:36,Tuesday,May,0,23.029,72.5665,Serious
ACC0102,Tamil Nadu,Madurai,Foggy,State Highway,Wet,Daylight,LCV,22,Male,No,100,15:01,Wednesday,March,0,9.8914,78.1943,Fatal
ACC0103,Punjab,Ludhiana,Sunny,State Highway,Gravel,Daylight,Two-Wheeler,31,Male,No,80,00:51,Friday,October,1,30.9515,75.8954,Fatal
ACC0104,Kerala,Kochi,Sunny,State Highway,Slippery,Night - Darkness,Bus,38,Male,No,120,04:00,Saturday,August,2,9.992,76.2675,Serious
ACC0105,Rajasthan,Jaipur,Mist,National Highway,Wet,Daylight,Two-Wheeler,39,Male,No,40,05:22,Monday,March,2,26.8543,75.7502,Serious
ACC0106,Punjab,Ludhiana,Sunny,Rural Road,Dry,Twilight/Dusk,Heavy Truck,57,Male,No,70,08:23,Monday,December,2,30.8523,75.9228,Minor
ACC0107,Tamil Nadu,Coimbatore,Clear,Expressway,Dry,Daylight,Heavy Truck,44,Female,No,70,07:36,Wednesday,March,2,11.0895,76.9517,Fatal
ACC0108,Gujarat,Ahmedabad,Clear,National Highway,Gravel,Daylight,Heavy Truck,28,Male,No,100,11:02,Tuesday,August,3,23.0399,72.5787,Serious
ACC0109,Uttar Pradesh,Kanpur,Clear,State Highway,Slippery,Daylight,LCV,56,Female,No,100,09:47,Thursday,April,1,26.4082,80.3047,Minor
ACC0110,Madhya Pradesh,Bhopal,Heavy Rain,State Highway,Slippery,Night - Darkness,Two-Wheeler,64,Male,No,50,01:01,Saturday,November,2,23.3093,77.3649,Minor
ACC0111,Delhi,New Delhi,Clear,National Highway,Dry,Twilight/Dusk,LCV,21,Male,Yes,70,10:53,Thursday,October,2,28.6084,77.2669,Serious
ACC0112,West Bengal,Kolkata,Clear,City Road,Slippery,Night - Street Lights On,Two-Wheeler,60,Male,No,70,21:57,Sunday,February,2,22.6089,88.3958,Serious
ACC0113,Kerala,Thiruvananthapuram,Clear,National Highway,Dry,Night - Darkness,Bus,24,Male,Yes,90,14:26,Thursday,March,4,8.5086,77.0071,Minor
ACC0114,Assam,Guwahati,Mist,Expressway,Wet,Night - Darkness,Two-Wheeler,56,Male,Yes,100,13:44,Friday,October,6,26.1071,91.7364,Minor
ACC0115,Gujarat,Ahmedabad,Clear,City Road,Gravel,Night - Street Lights On,Two-Wheeler,47,Male,Yes,80,14:14,Saturday,December,3,23.101,72.5298,Fatal
ACC0116,Kerala,Thiruvananthapuram,Foggy,City Road,Wet,Twilight/Dusk,Auto-Rickshaw,53,Female,No,100,22:54,Sunday,September,2,8.5865,76.8765,Serious
ACC0117,Delhi,New Delhi,Clear,Rural Road,Wet,Daylight,Heavy Truck,53,Male,No,120,12:31,Wednesday,September,0,28.6157,77.2751,Minor
ACC0118,Tamil Nadu,Chennai,Heavy Rain,Rural Road,Slippery,Twilight/Dusk,LCV,27,Female,No,50,10:37,Saturday,August,2,13.1407,80.2382,Fatal
ACC0119,Tamil Nadu,Madurai,Foggy,State Highway,Wet,Daylight,LCV,24,Male,No,90,15:33,Wednesday,March,0,9.8962,78.2021,Serious
ACC0120,Gujarat,Ahmedabad,Clear,State Highway,Dry,Daylight,Two-Wheeler,37,Male,No,40,23:36,Friday,March,2,23.0588,72.5768,Fatal
ACC0121,Karnataka,Mysuru,Mist,City Road,Wet,Night - Street Lights On,Heavy Truck,62,Male,Yes,70,21:10,Wednesday,May,3,12.2095,76.5793,Minor
ACC0122,Tamil Nadu,Madurai,Mist,Expressway,Wet,Daylight,Auto-Rickshaw,41,Male,No,90,01:17,Sunday,July,2,9.8635,78.1585,Minor
ACC0123,Uttar Pradesh,Kanpur,Clear,National Highway,Under Construction,Daylight,LCV,23,Male,No,80,20:26,Saturday,August,2,26.4479,80.3652,Minor
ACC0124,Gujarat,Ahmedabad,Clear,National Highway,Gravel,Daylight,Heavy Truck,29,Male,No,60,11:31,Tuesday,August,3,23.0305,72.5704,Fatal
ACC0125,Maharashtra,Mumbai,Heavy Rain,Expressway,Slippery,Night - Darkness,LCV,65,Male,No,100,21:30,Friday,July,4,19.0546,72.8752,Minor
ACC0126,Bihar,Patna,Heavy Rain,Rural Road,Slippery,Daylight,Heavy Truck,40,Male,No,80,12:28,Wednesday,December,3,25.6621,85.1149,Minor
ACC0127,Uttar Pradesh,Kanpur,Sunny,National Highway,Slippery,Night - Darkness,Two-Wheeler,50,Male,Yes,50,09:23,Tuesday,February,6,26.5253,80.3399,Minor
ACC0128,Uttar Pradesh,Varanasi,Clear,National Highway,Wet,Night - Street Lights On,Heavy Truck,30,Female,No,50,20:34,Tuesday,February,3,25.2789,82.9965,Minor
ACC0129,Punjab,Amritsar,Mist,Expressway,Wet,Night - Street Lights On,Two-Wheeler,29,Male,Yes,120,05:28,Thursday,August,6,31.5625,74.9268,Minor
ACC0130,Madhya Pradesh,Indore,Clear,State Highway,Dry,Twilight/Dusk,Two-Wheeler,55,Female,No,60,13:02,Monday,February,1,22.7841,75.8021,Minor
ACC0131,Maharashtra,Pune,Clear,National Highway,Dry,Night - Darkness,Car,60,Male,Yes,50,23:44,Friday,August,4,18.5218,73.9127,Minor
ACC0132,Odisha,Bhubaneswar,Clear,National Highway,Slippery,Night - Street Lights On,Two-Wheeler,51,Male,Yes,70,01:29,Thursday,March,3,20.2136,85.7648,Minor
ACC0133,Delhi,New Delhi,Heavy Rain,State Highway,Slippery,Night - Darkness,Heavy Truck,30,Female,No,90,18:30,Friday,May,3,28.6835,77.1606,Minor
ACC0134,Punjab,Ludhiana,Sunny,Rural Road,Dry,Twilight/Dusk,Heavy Truck,63,Male,No,60,08:14,Monday,December,2,30.8875,75.9295,Serious
ACC0135,Kerala,Thiruvananthapuram,Heavy Rain,National Highway,Slippery,Night - Darkness,Auto-Rickshaw,37,Male,No,100,08:18,Wednesday,February,4,8.5333,76.9605,Fatal
ACC0136,Uttarakhand,Dehradun,Heavy Rain,City Road,Slippery,Daylight,Auto-Rickshaw,43,Female,No,90,04:21,Friday,January,1,30.2874,77.9857,Minor
ACC0137,Gujarat,Surat,Sunny,National Highway,Dry,Night - Street Lights On,Car,41,Male,Yes,120,11:45,Friday,September,4,21.1983,72.827,Fatal
ACC0138,Gujarat,Ahmedabad,Clear,City Road,Under Construction,Night - Street Lights On,Heavy Truck,44,Female,No,60,04:17,Tuesday,October,2,23.0818,72.5783,Minor
ACC0139,Rajasthan,Jaipur,Mist,National Highway,Wet,Daylight,Two-Wheeler,41,Male,No,120,05:39,Monday,March,2,26.8819,75.7376,Fatal
ACC0140,Rajasthan,Udaipur,Heavy Rain,National Highway,Slippery,Twilight/Dusk,Bus,29,Female,No,90,02:34,Wednesday,February,6,24.536,73.6564,Fatal
ACC0141,Telangana,Hyderabad,Sunny,State Highway,Dry,Night - Street Lights On,Auto-Rickshaw,28,Female,Yes,50,23:40,Friday,March,2,17.4661,78.5142,Fatal
ACC0142,Rajasthan,Jaipur,Clear,City Road,Wet,Daylight,Two-Wheeler,44,Male,No,120,21:08,Monday,January,1,26.9716,75.82,Minor
ACC0143,Gujarat,Surat,Mist,City Road,Wet,Twilight/Dusk,Bus,60,Female,No,50,11:41,Sunday,September,1,21.1106,72.8055,Serious
ACC0144,Uttar Pradesh,Kanpur,Clear,State Highway,Dry,Night - Street Lights On,Heavy Truck,25,Male,No,60,12:48,Tuesday,August,2,26.3738,80.345,Fatal
ACC0145,Tamil Nadu,Chennai,Clear,Expressway,Dry,Daylight,Car,38,Male,No,90,22:40,Saturday,July,2,13.08,80.2788,Minor
ACC0146,Uttarakhand,Dehradun,Heavy Rain,City Road,Slippery,Daylight,Auto-Rickshaw,41,Female,No,50,04:27,Friday,January,1,30.2633,77.9904,Serious
ACC0147,Telangana,Hyderabad,Foggy,National Highway,Wet,Daylight,Bus,21,Male,No,90,13:19,Monday,May,3,17.4693,78.5656,Minor
ACC0148,Tamil Nadu,Madurai,Mist,State Highway,Wet,Daylight,Heavy Truck,48,Female,No,100,02:50,Thursday,May,0,9.8881,78.121,Minor
ACC0149,Gujarat,Ahmedabad,Heavy Rain,Rural Road,Slippery,Daylight,Two-Wheeler,56,Male,No,40,05:53,Thursday,August,0,22.9687,72.6428,Minor
ACC0150,Rajasthan,Jaipur,Clear,State Highway,Slippery,Daylight,Car,25,Male,No,70,19:38,Tuesday,March,1,26.851,75.7358,Minor
ACC0151,Telangana,Hyderabad,Clear,State Highway,Dry,Daylight,Bus,47,Male,No,50,03:55,Wednesday,February,2,17.3693,78.4493,Minor
ACC0152,Tamil Nadu,Coimbatore,Sunny,City Road,Dry,Night - Street Lights On,Car,20,Male,No,60,16:24,Sunday,September,1,11.0711,76.8856,Minor
ACC0153,Haryana,Gurugram,Foggy,Expressway,Wet,Twilight/Dusk,Auto-Rickshaw,45,Female,No,100,10:05,Friday,January,3,28.4333,77.0514,Minor
ACC0154,Jammu and Kashmir,Srinagar,Clear,National Highway,Slippery,Daylight,Bus,22,Male,No,50,17:35,Saturday,February,2,34.0783,74.7428,Minor
ACC0155,Bihar,Patna,Heavy Rain,Rural Road,Slippery,Daylight,Heavy Truck,39,Male,No,70,12:22,Wednesday,December,3,25.6523,85.1425,Minor
ACC0156,Uttar Pradesh,Varanasi,Mist,Expressway,Wet,Night - Darkness,Two-Wheeler,50,Female,No,80,12:11,Wednesday,April,4,25.3849,82.9365,Serious
ACC0157,Rajasthan,Jaipur,Clear,State Highway,Dry,Night - Street Lights On,Car,64,Male,No,80,13:46,Saturday,March,0,26.8531,75.7082,Minor
ACC0158,Rajasthan,Jaipur,Clear,City Road,Wet,Daylight,Two-Wheeler,46,Male,No,50,20:55,Monday,January,1,26.9941,75.7972,Minor
ACC0159,Kerala,Kochi,Sunny,State Highway,Slippery,Night - Darkness,Bus,38,Male,No,80,03:56,Saturday,August,2,10.0158,76.2781,Serious
ACC0160,Punjab,Ludhiana,Mist,National Highway,Wet,Twilight/Dusk,Two-Wheeler,55,Male,No,120,14:15,Wednesday,November,1,30.8733,75.8091,Minor
ACC0161,Punjab,Ludhiana,Mist,National Highway,Wet,Twilight/Dusk,Two-Wheeler,53,Male,No,40,14:35,Wednesday,November,1,30.8431,75.8283,Serious
ACC0162,Telangana,Hyderabad,Clear,Rural Road,Gravel,Night - Darkness,Car,56,Male,No,70,20:09,Thursday,September,1,17.3832,78.488,Serious
ACC0163,Assam,Guwahati,Heavy Rain,National Highway,Slippery,Night - Darkness,Heavy Truck,49,Male,No,70,22:06,Thursday,March,3,26.1123,91.6594,Fatal
ACC0164,Uttar Pradesh,Lucknow,Foggy,Rural Road,Wet,Twilight/Dusk,Heavy Truck,22,Male,No,100,05:25,Monday,December,3,26.8974,80.9174,Minor
ACC0165,West Bengal,Kolkata,Sunny,City Road,Gravel,Twilight/Dusk,Auto-Rickshaw,56,Female,No,50,14:58,Wednesday,April,2,22.6664,88.372,Minor
ACC0166,Maharashtra,Nagpur,Clear,Expressway,Wet,Daylight,Two-Wheeler,48,Male,No,100,10:52,Saturday,November,1,21.1143,79.0675,Minor
ACC0167,Maharashtra,Mumbai,Foggy,National Highway,Wet,Night - Darkness,Auto-Rickshaw,59,Male,No,70,07:04,Saturday,December,2,19.022,72.9456,Minor
ACC0168,Kerala,Thiruvananthapuram,Clear,Expressway,Gravel,Daylight,Bus,49,Male,No,80,16:14,Wednesday,January,1,8.5296,76.9428,Serious
ACC0169,Gujarat,Surat,Foggy,Rural Road,Wet,Night - Darkness,Auto-Rickshaw,60,Female,No,120,05:10,Friday,January,1,21.1232,72.8721,Minor
ACC0170,Kerala,Thiruvananthapuram,Clear,City Road,Wet,Night - Street Lights On,Auto-Rickshaw,60,Male,No,120,12:30,Saturday,December,1,8.5786,77.0051,Fatal
ACC0171,Kerala,Kochi,Clear,State Highway,Dry,Daylight,Heavy Truck,33,Male,No,120,23:37,Tuesday,March,1,9.9924,76.2102,Minor
ACC0172,Kerala,Kochi,Clear,State Highway,Dry,Daylight,Heavy Truck,32,Male,No,40,23:08,Tuesday,March,1,9.9889,76.2012,Minor
ACC0173,Uttar Pradesh,Kanpur,Heavy Rain,Rural Road,Slippery,Daylight,LCV,44,Male,No,60,19:28,Thursday,November,1,26.4404,80.4217,Minor
ACC0174,Uttar Pradesh,Lucknow,Heavy Rain,State Highway,Slippery,Twilight/Dusk,Heavy Truck,34,Male,No,80,13:23,Thursday,June,1,26.8669,80.9367,Minor
ACC0175,Jammu and Kashmir,Srinagar,Mist,Expressway,Wet,Night - Darkness,Two-Wheeler,27,Male,No,60,03:16,Thursday,January,3,34.1184,74.7944,Minor
ACC0176,Odisha,Bhubaneswar,Clear,City Road,Under Construction,Daylight,Car,44,Male,No,80,19:26,Saturday,December,0,20.2064,85.7502,Serious
ACC0177,Gujarat,Surat,Sunny,National Highway,Slippery,Daylight,Auto-Rickshaw,44,Male,No,100,10:07,Monday,July,2,21.085,72.8291,Fatal
ACC0178,Maharashtra,Nagpur,Sunny,State Highway,Gravel,Daylight,Two-Wheeler,29,Male,No,50,18:02,Wednesday,January,0,21.1508,79.0758,Fatal
ACC0179,Telangana,Hyderabad,Foggy,National Highway,Wet,Daylight,Bus,18,Male,No,80,12:35,Monday,May,3,17.4567,78.5583,Minor
ACC0180,Tamil Nadu,Madurai,Mist,City Road,Wet,Daylight,Bus,64,Male,No,70,16:56,Wednesday,March,2,9.9975,78.1138,Minor
ACC0181,Kerala,Thiruvananthapuram,Clear,Expressway,Gravel,Daylight,Bus,42,Male,No,50,16:26,Wednesday,January,1,8.5072,76.9469,Minor
ACC0182,Punjab,Amritsar,Mist,Expressway,Wet,Night - Street Lights On,Two-Wheeler,30,Male,Yes,80,05:18,Thursday,August,6,31.5675,74.9003,Minor
ACC0183,Gujarat,Ahmedabad,Foggy,Rural Road,Wet,Night - Darkness,Car,27,Male,Yes,60,12:05,Monday,December,6,23.0631,72.5988,Serious
ACC0184,West Bengal,Kolkata,Sunny,City Road,Gravel,Twilight/Dusk,Auto-Rickshaw,56,Female,No,40,15:56,Wednesday,April,2,22.6326,88.3862,Fatal
ACC0185,Maharashtra,Pune,Clear,City Road,Gravel,Night - Street Lights On,LCV,30,Male,Yes,120,06:43,Saturday,October,1,18.4954,73.8846,Serious
ACC0186,Gujarat,Surat,Foggy,Rural Road,Wet,Night - Darkness,Auto-Rickshaw,64,Female,No,100,05:23,Friday,January,1,21.1105,72.8935,Minor
ACC0187,Maharashtra,Pune,Clear,State Highway,Gravel,Night - Street Lights On,Two-Wheeler,44,Female,No,60,21:20,Monday,March,0,18.4924,73.871,Fatal
ACC0188,Gujarat,Surat,Mist,National Highway,Wet,Daylight,Bus,44,Female,No,90,16:57,Thursday,February,2,21.1538,72.8232,Minor
ACC0189,Rajasthan,Jaipur,Foggy,City Road,Wet,Daylight,LCV,57,Male,No,80,05:48,Thursday,June,1,26.8605,75.8288,Minor
ACC0190,Maharashtra,Pune,Clear,State Highway,Gravel,Night - Street Lights On,Two-Wheeler,42,Female,No,80,21:56,Monday,March,0,18.498,73.8843,Serious
ACC0191,Tamil Nadu,Coimbatore,Sunny,Rural Road,Gravel,Daylight,Two-Wheeler,27,Male,No,100,21:20,Wednesday,August,2,11.0019,76.9869,Serious
ACC0192,Tamil Nadu,Coimbatore,Heavy Rain,Expressway,Slippery,Night - Darkness,Car,32,Female,No,80,14:22,Thursday,July,2,10.974,76.9426,Serious
ACC0193,Karnataka,Bengaluru,Clear,National Highway,Wet,Night - Darkness,Two-Wheeler,28,Male,No,70,12:05,Saturday,December,6,13.0047,77.5387,Minor
ACC0194,Maharashtra,Pune,Clear,State Highway,Gravel,Night - Street Lights On,Two-Wheeler,44,Female,No,50,22:05,Monday,March,0,18.5159,73.8804,Minor
ACC0195,Uttar Pradesh,Kanpur,Mist,Expressway,Wet,Night - Street Lights On,LCV,20,Male,Yes,90,10:28,Friday,February,3,26.5082,80.3353,Minor
ACC0196,Punjab,Amritsar,Mist,Expressway,Wet,Night - Street Lights On,Two-Wheeler,25,Male,Yes,120,05:28,Thursday,August,6,31.5612,74.9187,Minor
ACC0197,Tamil Nadu,Madurai,Mist,Expressway,Wet,Daylight,Auto-Rickshaw,42,Male,No,60,01:00,Sunday,July,2,9.8927,78.1508,Minor
ACC0198,Punjab,Amritsar,Foggy,State Highway,Wet,Daylight,Two-Wheeler,44,Male,No,70,21:19,Saturday,August,2,31.6652,74.8125,Fatal
ACC0199,Gujarat,Ahmedabad,Clear,City Road,Gravel,Night - Street Lights On,Two-Wheeler,40,Male,Yes,70,14:36,Saturday,December,3,23.0897,72.5175,Minor
ACC0200,Uttar Pradesh,Varanasi,Sunny,National Highway,Dry,Daylight,Bus,41,Male,Yes,60,22:05,Tuesday,November,5,25.3616,83.0393,Minor
ACC0201,Madhya Pradesh,Indore,Clear,National Highway,Gravel,Daylight,Two-Wheeler,38,Female,No,60,01:28,Monday,April,3,22.6344,75.8314,Serious
ACC0202,Gujarat,Surat,Clear,National Highway,Under Construction,Night - Darkness,Two-Wheeler,47,Male,No,40,10:42,Wednesday,May,2,21.1581,72.8958,Serious
ACC0203,Uttarakhand,Dehradun,Heavy Rain,City Road,Slippery,Daylight,Auto-Rickshaw,35,Female,No,40,05:04,Friday,January,1,30.2663,77.9867,Fatal
ACC0204,West Bengal,Kolkata,Clear,City Road,Slippery,Night - Street Lights On,Two-Wheeler,64,Male,No,50,22:24,Sunday,February,2,22.628,88.4129,Minor
ACC0205,Kerala,Thiruvananthapuram,Clear,National Highway,Dry,Daylight,Auto-Rickshaw,61,Female,Yes,60,19:21,Monday,November,6,8.4664,76.8855,Minor
ACC0206,Uttar Pradesh,Varanasi,Clear,Rural Road,Dry,Daylight,Car,49,Male,No,40,18:47,Friday,October,2,25.3657,82.9683,Minor
ACC0207,West Bengal,Kolkata,Foggy,National Highway,Wet,Night - Darkness,Bus,55,Male,Yes,90,22:21,Sunday,October,6,22.5924,88.3654,Minor
ACC0208,Madhya Pradesh,Indore,Foggy,National Highway,Wet,Night - Darkness,Heavy Truck,58,Male,No,70,12:49,Thursday,February,2,22.6601,75.8602,Minor
ACC0209,Uttar Pradesh,Varanasi,Clear,National Highway,Gravel,Daylight,Car,35,Male,No,60,00:32,Sunday,March,1,25.4013,83.0187,Minor
ACC0210,Gujarat,Ahmedabad,Clear,State Highway,Dry,Daylight,Two-Wheeler,38,Male,No,80,23:15,Friday,March,2,23.0427,72.5707,Fatal
ACC0211,Uttar Pradesh,Kanpur,Clear,National Highway,Under Construction,Daylight,LCV,22,Male,No,90,19:47,Saturday,August,2,26.4497,80.3953,Minor
ACC0212,Maharashtra,Nagpur,Clear,State Highway,Wet,Daylight,Two-Wheeler,61,Female,No,120,23:46,Monday,August,2,21.1014,79.0906,Serious
ACC0213,Madhya Pradesh,Indore,Clear,State Highway,Dry,Twilight/Dusk,Two-Wheeler,55,Female,No,120,13:13,Monday,February,1,22.7982,75.7768,Minor
ACC0214,Telangana,Hyderabad,Sunny,State Highway,Dry,Night - Street Lights On,Auto-Rickshaw,30,Female,Yes,120,23:06,Friday,March,2,17.4308,78.5218,Minor
ACC0215,Odisha,Bhubaneswar,Clear,National Highway,Slippery,Night - Street Lights On,Two-Wheeler,49,Male,Yes,60,01:44,Thursday,March,3,20.2057,85.7988,Minor
ACC0216,Rajasthan,Jaipur,Foggy,Rural Road,Wet,Night - Street Lights On,LCV,46,Female,Yes,70,03:48,Saturday,November,3,26.9569,75.7498,Minor
ACC0217,Punjab,Amritsar,Foggy,National Highway,Wet,Night - Darkness,Car,33,Male,Yes,100,21:27,Saturday,December,3,31.6858,74.8447,Serious
ACC0218,Maharashtra,Mumbai,Foggy,Expressway,Wet,Twilight/Dusk,LCV,18,Male,No,60,14:10,Tuesday,August,1,19.0315,72.8239,Fatal
ACC0219,Uttar Pradesh,Varanasi,Foggy,Rural Road,Wet,Daylight,LCV,37,Female,No,100,19:04,Friday,March,1,25.3189,82.9908,Minor
ACC0220,Tamil Nadu,Coimbatore,Heavy Rain,Expressway,Slippery,Night - Darkness,Car,28,Female,No,90,14:11,Thursday,July,2,11.0027,76.9257,Serious
ACC0221,Tamil Nadu,Coimbatore,Clear,Rural Road,Under Construction,Twilight/Dusk,Bus,58,Male,No,40,02:19,Saturday,October,1,11.0419,76.9713,Minor
ACC0222,Tamil Nadu,Chennai,Heavy Rain,Rural Road,Slippery,Twilight/Dusk,LCV,28,Female,No,70,10:40,Saturday,August,2,13.1322,80.2274,Minor
ACC0223,Uttarakhand,Dehradun,Clear,City Road,Dry,Daylight,LCV,23,Male,No,50,14:31,Sunday,August,2,30.3626,78.0683,Minor
ACC0224,Gujarat,Ahmedabad,Clear,City Road,Gravel,Night - Street Lights On,Two-Wheeler,40,Male,Yes,90,14:24,Saturday,December,3,23.0806,72.5115,Fatal
ACC0225,Kerala,Kochi,Clear,State Highway,Dry,Daylight,Heavy Truck,62,Female,No,50,11:37,Tuesday,September,1,9.9849,76.2923,Minor
ACC0226,Tamil Nadu,Madurai,Sunny,City Road,Slippery,Daylight,Heavy Truck,61,Female,No,40,20:54,Sunday,February,1,9.9704,78.1598,Minor
ACC0227,Maharashtra,Mumbai,Mist,City Road,Wet,Daylight,Car,69,Male,Yes,90,05:56,Thursday,August,1,19.0448,72.8287,Serious
ACC0228,West Bengal,Kolkata,Foggy,State Highway,Wet,Daylight,Two-Wheeler,33,Male,No,60,01:29,Friday,July,1,22.5477,88.4397,Minor
ACC0229,Uttar Pradesh,Varanasi,Clear,State Highway,Dry,Daylight,Two-Wheeler,60,Male,No,70,02:40,Wednesday,June,2,25.2564,83.0388,Fatal
ACC0230,Gujarat,Ahmedabad,Clear,City Road,Under Construction,Night - Street Lights On,Heavy Truck,41,Female,No,60,04:48,Tuesday,October,2,23.0837,72.5994,Minor
ACC0231,Madhya Pradesh,Indore,Clear,State Highway,Slippery,Night - Street Lights On,Auto-Rickshaw,39,Male,No,50,05:40,Sunday,September,0,22.7043,75.8506,Fatal
ACC0232,Rajasthan,Jaipur,Sunny,State Highway,Dry,Night - Darkness,Two-Wheeler,49,Male,Yes,50,18:49,Friday,July,3,26.9489,75.7859,Serious
ACC0233,Tamil Nadu,Madurai,Clear,National Highway,Slippery,Daylight,Bus,36,Male,No,60,14:54,Monday,July,1,9.8646,78.1539,Serious
ACC0234,Madhya Pradesh,Indore,Foggy,Expressway,Wet,Daylight,LCV,24,Female,No,60,01:08,Saturday,February,1,22.7503,75.8997,Serious
ACC0235,Kerala,Kochi,Foggy,State Highway,Wet,Daylight,Car,55,Female,No,80,00:41,Saturday,June,1,9.9233,76.3565,Minor
ACC0236,Maharashtra,Pune,Heavy Rain,National Highway,Slippery,Night - Street Lights On,Car,18,Male,No,40,10:29,Tuesday,March,1,18.4872,73.8263,Serious
ACC0237,Uttarakhand,Dehradun,Clear,Rural Road,Slippery,Night - Darkness,Two-Wheeler,38,Male,No,60,17:29,Saturday,September,2,30.3479,78.086,Minor
ACC0238,Punjab,Ludhiana,Sunny,State Highway,Gravel,Daylight,Two-Wheeler,32,Male,No,60,00:17,Friday,October,1,30.9578,75.8716,Fatal
ACC0239,Tamil Nadu,Coimbatore,Foggy,State Highway,Wet,Night - Street Lights On,LCV,30,Male,Yes,100,07:19,Sunday,May,3,11.0258,76.9529,Fatal
ACC0240,Delhi,New Delhi,Clear,Rural Road,Wet,Daylight,Heavy Truck,53,Male,No,100,12:48,Wednesday,September,0,28.602,77.2871,Minor
ACC0241,Gujarat,Ahmedabad,Clear,State Highway,Dry,Night - Street Lights On,Two-Wheeler,52,Male,No,120,11:50,Saturday,December,2,23.047,72.5388,Serious
ACC0242,West Bengal,Kolkata,Sunny,Expressway,Dry,Daylight,Car,36,Male,No,50,11:30,Sunday,July,1,22.63,88.4034,Fatal
ACC0243,Uttar Pradesh,Kanpur,Mist,Expressway,Wet,Daylight,Auto-Rickshaw,62,Male,No,90,13:20,Monday,December,1,26.3704,80.3455,Serious
ACC0244,Rajasthan,Udaipur,Heavy Rain,National Highway,Slippery,Twilight/Dusk,Bus,31,Female,No,60,02:20,Wednesday,February,6,24.529,73.6739,Minor
ACC0245,Assam,Guwahati,Sunny,Rural Road,Dry,Night - Street Lights On,Auto-Rickshaw,58,Male,Yes,70,09:55,Sunday,July,1,26.18,91.7797,Serious
ACC0246,Rajasthan,Jaipur,Mist,National Highway,Wet,Daylight,Two-Wheeler,44,Male,No,120,05:39,Monday,March,2,26.8538,75.7301,Minor
ACC0247,Tamil Nadu,Coimbatore,Mist,Expressway,Wet,Twilight/Dusk,Car,50,Male,No,80,15:05,Monday,June,1,10.9948,76.9474,Fatal
ACC0248,Telangana,Hyderabad,Clear,Rural Road,Gravel,Night - Darkness,Car,54,Male,No,70,20:45,Thursday,September,1,17.383,78.5119,Minor
ACC0249,Madhya Pradesh,Indore,Foggy,Expressway,Wet,Daylight,LCV,20,Male,No,70,16:45,Tuesday,January,1,22.6872,75.8628,Serious
ACC0250,Bihar,Patna,Heavy Rain,Expressway,Slippery,Daylight,Auto-Rickshaw,56,Male,No,60,19:52,Thursday,October,3,25.5065,85.1264,Fatal
ACC0251,Maharashtra,Nagpur,Clear,Expressway,Under Construction,Night - Darkness,Two-Wheeler,45,Female,No,70,18:16,Monday,November,2,21.1982,79.162,Fatal
ACC0252,West Bengal,Kolkata,Clear,City Road,Slippery,Night - Street Lights On,Two-Wheeler,66,Male,No,40,22:27,Sunday,February,2,22.6151,88.392,Serious
ACC0253,Assam,Guwahati,Clear,City Road,Dry,Daylight,Bus,42,Male,No,90,03:09,Sunday,January,1,26.0895,91.7793,Minor
ACC0254,Punjab,Amritsar,Clear,City Road,Dry,Daylight,Auto-Rickshaw,53,Male,No,70,01:09,Wednesday,October,2,31.6575,74.961,Fatal
ACC0255,Tamil Nadu,Madurai,Mist,City Road,Wet,Daylight,Bus,61,Male,No,90,17:08,Wednesday,March,2,9.9883,78.1081,Serious
ACC0256,Tamil Nadu,Coimbatore,Mist,Expressway,Wet,Twilight/Dusk,Car,49,Male,No,60,14:55,Monday,June,1,11.0276,76.9793,Minor
ACC0257,Tamil Nadu,Chennai,Sunny,State Highway,Dry,Daylight,Car,50,Male,Yes,40,02:23,Friday,March,0,13.1644,80.3178,Fatal
ACC0258,Rajasthan,Udaipur,Heavy Rain,Rural Road,Slippery,Night - Darkness,Heavy Truck,51,Male,No,100,23:24,Sunday,July,2,24.5666,73.6447,Minor
ACC0259,Jammu and Kashmir,Srinagar,Clear,National Highway,Slippery,Daylight,Bus,28,Male,No,50,17:40,Saturday,February,2,34.0634,74.7158,Minor
ACC0260,Uttar Pradesh,Varanasi,Clear,National Highway,Wet,Night - Street Lights On,Heavy Truck,28,Female,No,40,20:37,Tuesday,February,3,25.2839,83.0225,Fatal
ACC0261,Kerala,Kochi,Clear,State Highway,Dry,Daylight,Heavy Truck,62,Female,No,80,11:25,Tuesday,September,1,10.0041,76.2967,Minor
ACC0262,Kerala,Kochi,Clear,State Highway,Dry,Daylight,Heavy Truck,62,Female,No,100,11:43,Tuesday,September,1,10.0091,76.2817,Minor
ACC0263,Jammu and Kashmir,Srinagar,Mist,Expressway,Wet,Night - Darkness,Two-Wheeler,22,Male,No,90,03:47,Thursday,January,3,34.1392,74.7595,Serious
ACC0264,Punjab,Amritsar,Clear,City Road,Dry,Daylight,Auto-Rickshaw,50,Male,No,40,01:10,Wednesday,October,2,31.655,74.9377,Fatal
ACC0265,Tamil Nadu,Coimbatore,Clear,Expressway,Dry,Daylight,Heavy Truck,50,Female,No,80,07:28,Wednesday,March,2,11.0797,76.924,Fatal
ACC0266,Uttar Pradesh,Lucknow,Mist,Expressway,Wet,Twilight/Dusk,Heavy Truck,42,Male,No,80,14:09,Friday,October,3,26.8391,81.006,Minor
ACC0267,West Bengal,Kolkata,Sunny,City Road,Gravel,Twilight/Dusk,Auto-Rickshaw,52,Female,No,120,15:16,Wednesday,April,2,22.6563,88.3937,Minor
ACC0268,Uttar Pradesh,Varanasi,Mist,Expressway,Wet,Night - Darkness,Two-Wheeler,55,Female,No,60,12:35,Wednesday,April,4,25.3928,82.9351,Minor
ACC0269,Uttar Pradesh,Varanasi,Clear,Rural Road,Dry,Daylight,Car,51,Male,No,60,17:54,Friday,October,2,25.3561,82.9725,Serious
ACC0270,Rajasthan,Jaipur,Foggy,National Highway,Wet,Night - Darkness,LCV,18,Female,No,90,11:51,Monday,June,1,26.9037,75.8545,Minor
ACC0271,Tamil Nadu,Coimbatore,Clear,Rural Road,Under Construction,Twilight/Dusk,Bus,50,Male,No,90,02:13,Saturday,October,1,11.026,76.9818,Fatal
ACC0272,Madhya Pradesh,Bhopal,Heavy Rain,State Highway,Slippery,Night - Darkness,Two-Wheeler,68,Male,No,120,01:34,Saturday,November,2,23.2926,77.3599,Minor
ACC0273,Punjab,Amritsar,Clear,City Road,Dry,Daylight,Auto-Rickshaw,48,Male,No,70,00:47,Wednesday,October,2,31.6499,74.9423,Fatal
ACC0274,Bihar,Patna,Heavy Rain,Rural Road,Slippery,Daylight,Heavy Truck,35,Male,No,90,11:55,Wednesday,December,3,25.6622,85.1444,Minor
ACC0275,Uttar Pradesh,Kanpur,Clear,State Highway,Dry,Night - Street Lights On,Heavy Truck,21,Male,No,80,12:11,Tuesday,August,2,26.3851,80.3568,Minor
ACC0276,Jammu and Kashmir,Srinagar,Clear,Rural Road,Dry,Daylight,Two-Wheeler,31,Female,No,100,10:24,Thursday,October,0,34.0343,74.7839,Serious
ACC0277,Madhya Pradesh,Indore,Clear,State Highway,Dry,Twilight/Dusk,Two-Wheeler,52,Female,No,80,12:54,Monday,February,1,22.7807,75.7754,Minor
ACC0278,Uttarakhand,Dehradun,Clear,City Road,Dry,Daylight,LCV,25,Male,No,100,14:07,Sunday,August,2,30.358,78.0753,Minor
ACC0279,Uttar Pradesh,Kanpur,Clear,State Highway,Gravel,Daylight,Car,53,Female,No,60,10:22,Thursday,November,0,26.5046,80.2594,Serious
ACC0280,Maharashtra,Pune,Clear,National Highway,Dry,Night - Darkness,Car,58,Male,Yes,90,23:46,Friday,August,4,18.52,73.9075,Minor
ACC0281,Haryana,Gurugram,Clear,State Highway,Slippery,Night - Darkness,Two-Wheeler,21,Male,No,80,16:56,Monday,April,0,28.3897,76.9827,Serious
ACC0282,Karnataka,Mysuru,Clear,Rural Road,Slippery,Daylight,Two-Wheeler,37,Male,Yes,80,20:51,Tuesday,April,1,12.2728,76.6343,Minor
ACC0283,Gujarat,Ahmedabad,Foggy,Rural Road,Wet,Night - Darkness,Car,34,Male,Yes,80,12:02,Monday,December,6,23.0549,72.6103,Minor
ACC0284,West Bengal,Kolkata,Heavy Rain,Rural Road,Slippery,Night - Darkness,Two-Wheeler,39,Male,No,80,22:42,Wednesday,October,3,22.6515,88.3396,Minor
ACC0285,Rajasthan,Jaipur,Sunny,Rural Road,Slippery,Night - Darkness,Bus,31,Male,No,80,00:53,Saturday,August,3,26.915,75.7711,Serious
ACC0286,Rajasthan,Jaipur,Mist,City Road,Wet,Night - Darkness,Car,32,Male,Yes,80,02:36,Friday,April,3,26.9691,75.7466,Minor
ACC0287,Gujarat,Ahmedabad,Clear,State Highway,Dry,Daylight,Two-Wheeler,43,Male,No,50,23:20,Friday,March,2,23.0765,72.5618,Minor
ACC0288,West Bengal,Kolkata,Sunny,Expressway,Dry,Daylight,Car,34,Male,No,90,10:51,Sunday,July,1,22.627,88.3793,Fatal
ACC0289,Uttar Pradesh,Varanasi,Foggy,Rural Road,Wet,Daylight,LCV,45,Female,No,60,19:06,Friday,March,1,25.3215,82.9953,Minor
ACC0290,Punjab,Amritsar,Sunny,Rural Road,Wet,Twilight/Dusk,Heavy Truck,30,Male,No,90,09:57,Sunday,June,0,31.6184,74.8306,Minor
ACC0291,Kerala,Thiruvananthapuram,Clear,National Highway,Dry,Night - Darkness,Bus,21,Male,Yes,40,13:55,Thursday,March,4,8.523,76.9931,Serious
ACC0292,Uttar Pradesh,Lucknow,Clear,National Highway,Under Construction,Night - Darkness,Two-Wheeler,37,Male,Yes,50,01:53,Friday,November,2,26.8997,80.9679,Serious
ACC0293,Haryana,Gurugram,Foggy,National Highway,Wet,Night - Street Lights On,Car,57,Female,Yes,70,22:19,Friday,March,5,28.448,77.0661,Minor
ACC0294,Uttar Pradesh,Kanpur,Clear,National Highway,Slippery,Daylight,Two-Wheeler,44,Male,No,100,01:38,Monday,April,1,26.4873,80.3901,Minor
ACC0295,Uttar Pradesh,Kanpur,Clear,National Highway,Under Construction,Daylight,LCV,18,Male,No,40,20:03,Saturday,August,2,26.4816,80.3928,Minor
ACC0296,West Bengal,Kolkata,Sunny,City Road,Gravel,Twilight/Dusk,Auto-Rickshaw,55,Female,No,100,15:55,Wednesday,April,2,22.6402,88.3887,Minor
ACC0297,Karnataka,Bengaluru,Mist,Rural Road,Wet,Daylight,Bus,19,Male,No,70,16:29,Monday,September,0,12.9286,77.5434,Serious
ACC0298,Kerala,Thiruvananthapuram,Foggy,City Road,Wet,Twilight/Dusk,Auto-Rickshaw,56,Female,No,60,22:41,Sunday,September,2,8.5574,76.861,Fatal
ACC0299,Karnataka,Mysuru,Clear,Rural Road,Slippery,Daylight,Two-Wheeler,37,Male,Yes,80,21:24,Tuesday,April,1,12.3101,76.63,Minor
ACC0300,Punjab,Amritsar,Mist,Rural Road,Wet,Daylight,Car,24,Male,No,100,14:42,Saturday,March,0,31.6349,74.8208,Fatal
ACC0301,Uttarakhand,Dehradun,Heavy Rain,City Road,Slippery,Daylight,Auto-Rickshaw,42,Female,No,70,04:49,Friday,January,1,30.282,77.9687,Serious
ACC0302,Madhya Pradesh,Indore,Foggy,National Highway,Wet,Night - Darkness,Heavy Truck,59,Male,No,90,11:58,Thursday,February,2,22.6587,75.8652,Minor
ACC0303,Bihar,Patna,Sunny,Rural Road,Under Construction,Night - Darkness,Car,58,Male,No,40,18:06,Friday,May,2,25.6402,85.163,Minor
ACC0304,Madhya Pradesh,Indore,Clear,State Highway,Slippery,Night - Street Lights On,Auto-Rickshaw,40,Male,No,90,05:32,Sunday,September,0,22.7302,75.8628,Minor
ACC0305,Punjab,Amritsar,Clear,National Highway,Wet,Night - Darkness,Bus,34,Male,Yes,80,12:59,Friday,September,6,31.6352,74.8497,Minor
ACC0306,Gujarat,Surat,Sunny,National Highway,Dry,Night - Street Lights On,Car,47,Male,Yes,60,11:22,Friday,September,4,21.1823,72.8284,Minor
ACC0307,Bihar,Patna,Foggy,State Highway,Wet,Twilight/Dusk,Two-Wheeler,54,Male,Yes,80,13:27,Friday,April,3,25.5506,85.1014,Fatal
ACC0308,Tamil Nadu,Coimbatore,Mist,Expressway,Wet,Twilight/Dusk,Car,50,Male,No,60,14:12,Monday,June,1,10.9958,76.9566,Minor
ACC0309,Madhya Pradesh,Indore,Sunny,Expressway,Under Construction,Daylight,Two-Wheeler,38,Female,Yes,50,22:42,Monday,May,4,22.6593,75.8349,Minor
ACC0310,Kerala,Thiruvananthapuram,Foggy,City Road,Wet,Twilight/Dusk,Auto-Rickshaw,51,Female,No,70,23:11,Sunday,September,2,8.5686,76.8808,Minor
ACC0311,Delhi,New Delhi,Heavy Rain,State Highway,Slippery,Night - Darkness,Heavy Truck,33,Female,No,60,18:34,Friday,May,3,28.6911,77.1748,Serious
ACC0312,Gujarat,Surat,Clear,National Highway,Under Construction,Night - Darkness,Two-Wheeler,48,Male,No,100,11:09,Wednesday,May,2,21.1666,72.8617,Fatal
ACC0313,Karnataka,Bengaluru,Sunny,Expressway,Under Construction,Night - Darkness,LCV,54,Male,Yes,120,04:44,Saturday,October,6,13.0518,77.5787,Minor
ACC0314,Maharashtra,Mumbai,Heavy Rain,Expressway,Slippery,Night - Darkness,LCV,63,Male,No,70,21:34,Friday,July,4,19.0681,72.8642,Minor
ACC0315,Gujarat,Surat,Sunny,National Highway,Slippery,Daylight,Auto-Rickshaw,48,Male,No,70,09:48,Monday,July,2,21.0855,72.846,Minor
ACC0316,Rajasthan,Udaipur,Heavy Rain,Rural Road,Slippery,Night - Street Lights On,Auto-Rickshaw,65,Male,No,120,16:51,Wednesday,January,0,24.555,73.7659,Serious
ACC0317,Gujarat,Surat,Clear,State Highway,Slippery,Night - Darkness,LCV,27,Male,Yes,80,17:34,Tuesday,September,3,21.1596,72.8838,Minor
ACC0318,Punjab,Ludhiana,Sunny,Rural Road,Dry,Twilight/Dusk,Heavy Truck,62,Male,No,40,07:48,Monday,December,2,30.8818,75.9179,Minor
ACC0319,Tamil Nadu,Coimbatore,Heavy Rain,Expressway,Slippery,Night - Darkness,Car,31,Female,No,120,14:59,Thursday,July,2,10.9919,76.9572,Serious
ACC0320,Assam,Guwahati,Clear,State Highway,Slippery,Twilight/Dusk,Car,48,Male,No,40,15:02,Wednesday,January,1,26.0763,91.6819,Minor
ACC0321,Tamil Nadu,Chennai,Clear,Rural Road,Gravel,Daylight,Car,19,Male,No,90,07:16,Monday,June,0,13.0346,80.2125,Minor
ACC0322,Kerala,Thiruvananthapuram,Clear,National Highway,Dry,Daylight,Auto-Rickshaw,56,Female,Yes,40,19:05,Monday,November,6,8.4624,76.907,Fatal
ACC0323,Uttar Pradesh,Kanpur,Heavy Rain,Rural Road,Slippery,Twilight/Dusk,Car,50,Male,No,90,12:45,Sunday,October,1,26.5094,80.3673,Fatal
ACC0324,Rajasthan,Jaipur,Foggy,City Road,Wet,Daylight,LCV,51,Male,No,80,05:52,Thursday,June,1,26.8592,75.8256,Minor
ACC0325,Tamil Nadu,Chennai,Sunny,City Road,Under Construction,Daylight,Auto-Rickshaw,29,Male,No,100,15:39,Thursday,December,2,13.0759,80.2579,Minor
ACC0326,Uttar Pradesh,Kanpur,Heavy Rain,Rural Road,Slippery,Daylight,LCV,45,Male,No,40,19:31,Thursday,November,1,26.4276,80.412,Minor
ACC0327,Uttar Pradesh,Kanpur,Clear,State Highway,Gravel,Daylight,Car,55,Female,No,120,10:28,Thursday,November,0,26.4804,80.2633,Serious
ACC0328,Punjab,Amritsar,Clear,National Highway,Wet,Night - Darkness,Bus,39,Male,Yes,40,13:43,Friday,September,6,31.6227,74.8395,Minor
ACC0329,Gujarat,Ahmedabad,Clear,National Highway,Gravel,Daylight,Heavy Truck,29,Male,No,80,11:11,Tuesday,August,3,23.0262,72.5843,Minor
ACC0330,Karnataka,Bengaluru,Clear,State Highway,Slippery,Night - Street Lights On,LCV,31,Male,No,80,22:20,Tuesday,February,2,12.8823,77.6626,Minor
ACC0331,Uttarakhand,Dehradun,Heavy Rain,City Road,Slippery,Daylight,Auto-Rickshaw,40,Female,No,50,05:08,Friday,January,1,30.2612,77.9928,Minor
ACC0332,Maharashtra,Pune,Foggy,City Road,Wet,Night - Darkness,Two-Wheeler,18,Female,Yes,100,22:51,Friday,May,2,18.5269,73.8771,Minor
ACC0333,Tamil Nadu,Chennai,Clear,Expressway,Dry,Daylight,Car,37,Male,No,70,22:23,Saturday,July,2,13.0736,80.2934,Serious
ACC0334,Punjab,Amritsar,Foggy,National Highway,Wet,Night - Darkness,Car,30,Male,Yes,90,21:33,Saturday,December,3,31.6783,74.8748,Fatal
ACC0335,Tamil Nadu,Coimbatore,Foggy,National Highway,Wet,Night - Street Lights On,Heavy Truck,65,Female,Yes,90,10:12,Thursday,April,2,11.0087,76.928,Serious
ACC0336,Odisha,Bhubaneswar,Clear,City Road,Under Construction,Daylight,Car,51,Male,No,80,19:30,Saturday,December,0,20.2111,85.7879,Minor
ACC0337,Maharashtra,Nagpur,Clear,State Highway,Dry,Daylight,Bus,60,Male,No,60,19:15,Friday,July,1,21.1662,79.0757,Fatal
ACC0338,Telangana,Hyderabad,Clear,State Highway,Dry,Daylight,Bus,50,Male,No,120,04:22,Wednesday,February,2,17.3815,78.4833,Minor
ACC0339,Gujarat,Ahmedabad,Clear,State Highway,Dry,Daylight,Two-Wheeler,43,Male,No,90,23:45,Friday,March,2,23.0713,72.5633,Minor
ACC0340,Maharashtra,Mumbai,Clear,Rural Road,Dry,Daylight,LCV,51,Female,No,100,18:12,Saturday,August,0,19.166,72.8984,Minor
ACC0341,Tamil Nadu,Coimbatore,Sunny,Rural Road,Gravel,Daylight,Two-Wheeler,25,Male,No,90,20:58,Wednesday,August,2,11.0096,77.0047,Serious
ACC0342,Uttar Pradesh,Varanasi,Clear,Rural Road,Dry,Daylight,Car,51,Male,No,50,17:51,Friday,October,2,25.3627,82.9659,Minor
ACC0343,Kerala,Kochi,Sunny,State Highway,Slippery,Night - Darkness,Bus,34,Male,No,120,04:12,Saturday,August,2,9.9783,76.2752,Minor
ACC0344,West Bengal,Kolkata,Clear,State Highway,Wet,Night - Street Lights On,LCV,27,Male,Yes,70,12:58,Thursday,February,1,22.51,88.3493,Serious
ACC0345,Telangana,Hyderabad,Sunny,State Highway,Dry,Night - Street Lights On,Auto-Rickshaw,29,Female,Yes,70,23:42,Friday,March,2,17.4415,78.5466,Serious
ACC0346,Punjab,Amritsar,Sunny,Rural Road,Wet,Twilight/Dusk,Heavy Truck,24,Male,No,70,10:10,Sunday,June,0,31.6032,74.841,Fatal
ACC0347,Maharashtra,Mumbai,Clear,Expressway,Under Construction,Night - Darkness,Auto-Rickshaw,55,Male,Yes,120,17:00,Sunday,June,6,19.0655,72.8065,Minor
ACC0348,Kerala,Thiruvananthapuram,Clear,National Highway,Dry,Night - Darkness,Bus,21,Male,Yes,70,13:48,Thursday,March,4,8.5057,76.9979,Fatal
ACC0349,Madhya Pradesh,Indore,Foggy,Expressway,Wet,Daylight,LCV,30,Female,No,60,01:41,Saturday,February,1,22.7504,75.8956,Serious
ACC0350,Gujarat,Ahmedabad,Heavy Rain,Rural Road,Slippery,Daylight,Two-Wheeler,63,Male,No,50,05:49,Thursday,August,0,22.9761,72.6368,Serious
ACC0351,Gujarat,Surat,Sunny,National Highway,Dry,Night - Street Lights On,Car,46,Male,Yes,120,11:14,Friday,September,4,21.1848,72.8213,Minor
ACC0352,Tamil Nadu,Coimbatore,Clear,Expressway,Dry,Daylight,Heavy Truck,48,Female,No,120,07:56,Wednesday,March,2,11.0816,76.9391,Fatal
ACC0353,Uttar Pradesh,Kanpur,Mist,Expressway,Wet,Daylight,Auto-Rickshaw,58,Male,No,120,13:19,Monday,December,1,26.3783,80.3392,Fatal
ACC0354,Kerala,Thiruvananthapuram,Foggy,City Road,Wet,Twilight/Dusk,Auto-Rickshaw,49,Female,No,90,23:11,Sunday,September,2,8.5618,76.8859,Minor
ACC0355,Maharashtra,Nagpur,Sunny,State Highway,Gravel,Daylight,Two-Wheeler,32,Male,No,90,18:12,Wednesday,January,0,21.13,79.0672,Fatal
ACC0356,Uttar Pradesh,Kanpur,Mist,Expressway,Wet,Daylight,Auto-Rickshaw,58,Male,No,90,13:58,Monday,December,1,26.3744,80.3399,Fatal
ACC0357,Assam,Guwahati,Clear,Rural Road,Dry,Night - Darkness,Two-Wheeler,59,Male,Yes,120,22:24,Wednesday,June,2,26.172,91.6558,Minor
ACC0358,Odisha,Bhubaneswar,Clear,Rural Road,Dry,Night - Darkness,Heavy Truck,38,Male,No,70,05:59,Saturday,July,3,20.2775,85.8116,Fatal
ACC0359,Karnataka,Bengaluru,Heavy Rain,State Highway,Slippery,Daylight,Two-Wheeler,53,Female,No,120,07:59,Sunday,June,0,12.9034,77.6564,Minor
ACC0360,Punjab,Amritsar,Clear,City Road,Wet,Twilight/Dusk,Heavy Truck,20,Male,No,50,18:55,Thursday,March,1,31.6793,74.9141,Minor
ACC0361,Maharashtra,Nagpur,Clear,Expressway,Wet,Daylight,Two-Wheeler,51,Male,No,40,10:57,Saturday,November,1,21.1217,79.0385,Serious
ACC0362,Gujarat,Surat,Sunny,National Highway,Wet,Night - Street Lights On,Two-Wheeler,48,Male,No,100,19:42,Friday,August,2,21.2037,72.809,Minor
ACC0363,West Bengal,Kolkata,Clear,City Road,Slippery,Night - Street Lights On,Two-Wheeler,67,Male,No,50,22:06,Sunday,February,2,22.6283,88.4049,Serious
ACC0364,Karnataka,Mysuru,Mist,City Road,Wet,Night - Street Lights On,Heavy Truck,64,Male,Yes,50,21:05,Wednesday,May,3,12.222,76.5793,Fatal
ACC0365,Haryana,Gurugram,Clear,Rural Road,Dry,Night - Street Lights On,Auto-Rickshaw,45,Male,Yes,100,20:33,Monday,December,1,28.5279,77.097,Serious
ACC0366,Punjab,Amritsar,Foggy,State Highway,Wet,Daylight,Two-Wheeler,36,Male,No,50,21:51,Saturday,August,2,31.6612,74.8042,Minor
ACC0367,Uttar Pradesh,Varanasi,Clear,National Highway,Gravel,Daylight,Car,33,Male,No,90,00:28,Sunday,March,1,25.3864,83.0067,Fatal
ACC0368,Punjab,Ludhiana,Heavy Rain,State Highway,Slippery,Daylight,Auto-Rickshaw,62,Male,No,40,09:36,Friday,April,0,30.8472,75.8732,Minor
ACC0369,Delhi,New Delhi,Clear,Rural Road,Gravel,Daylight,Car,28,Male,No,120,04:12,Tuesday,December,2,28.551,77.2046,Fatal
ACC0370,Haryana,Gurugram,Clear,Rural Road,Dry,Night - Street Lights On,Auto-Rickshaw,40,Male,Yes,120,20:20,Monday,December,1,28.499,77.0937,Minor
ACC0371,Gujarat,Ahmedabad,Heavy Rain,Rural Road,Slippery,Daylight,Two-Wheeler,58,Male,No,80,05:44,Thursday,August,0,22.9826,72.6389,Serious
ACC0372,Madhya Pradesh,Bhopal,Clear,State Highway,Slippery,Daylight,Car,50,Male,No,40,08:34,Monday,January,2,23.221,77.3866,Serious
ACC0373,Haryana,Gurugram,Clear,State Highway,Slippery,Night - Darkness,Two-Wheeler,20,Male,No,120,17:36,Monday,April,0,28.3901,77.0044,Serious
ACC0374,Uttar Pradesh,Kanpur,Mist,Expressway,Wet,Night - Street Lights On,LCV,18,Male,Yes,40,10:46,Friday,February,3,26.4939,80.3245,Minor
ACC0375,Punjab,Amritsar,Clear,City Road,Wet,Night - Darkness,Auto-Rickshaw,47,Male,Yes,60,20:55,Wednesday,March,3,31.6966,74.8539,Serious
ACC0376,Rajasthan,Jaipur,Foggy,Rural Road,Wet,Night - Street Lights On,LCV,50,Female,Yes,50,04:21,Saturday,November,3,26.9528,75.7865,Fatal
ACC0377,Punjab,Amritsar,Heavy Rain,State Highway,Slippery,Daylight,Auto-Rickshaw,64,Female,No,100,07:15,Saturday,March,2,31.6095,74.8885,Serious
ACC0378,Telangana,Hyderabad,Foggy,National Highway,Wet,Daylight,Bus,18,Male,No,80,12:34,Monday,May,3,17.4345,78.5317,Serious
ACC0379,Rajasthan,Jaipur,Clear,State Highway,Dry,Night - Street Lights On,Car,59,Male,No,40,13:51,Saturday,March,0,26.8757,75.7303,Fatal
ACC0380,Kerala,Thiruvananthapuram,Foggy,Rural Road,Wet,Twilight/Dusk,Auto-Rickshaw,42,Male,No,120,15:31,Wednesday,September,1,8.4831,76.8878,Fatal
ACC0381,Gujarat,Ahmedabad,Clear,State Highway,Dry,Night - Street Lights On,Two-Wheeler,54,Male,No,80,12:38,Saturday,December,2,23.0635,72.5433,Minor
ACC0382,Tamil Nadu,Madurai,Mist,Expressway,Wet,Daylight,Auto-Rickshaw,48,Male,No,90,00:56,Sunday,July,2,9.8971,78.131,Serious
ACC0383,Punjab,Amritsar,Heavy Rain,State Highway,Slippery,Daylight,Auto-Rickshaw,60,Female,No,80,07:25,Saturday,March,2,31.6278,74.9083,Serious
ACC0384,Haryana,Gurugram,Clear,Rural Road,Dry,Night - Street Lights On,Auto-Rickshaw,42,Male,Yes,60,20:00,Monday,December,1,28.4979,77.0823,Minor
ACC0385,Uttar Pradesh,Lucknow,Clear,National Highway,Under Construction,Night - Darkness,Two-Wheeler,30,Male,Yes,60,01:25,Friday,November,2,26.9254,80.9625,Serious
ACC0386,Assam,Guwahati,Sunny,Rural Road,Dry,Night - Street Lights On,Auto-Rickshaw,63,Male,Yes,50,09:39,Sunday,July,1,26.1939,91.7911,Minor
ACC0387,Punjab,Amritsar,Clear,City Road,Wet,Twilight/Dusk,Heavy Truck,18,Male,No,100,18:48,Thursday,March,1,31.6821,74.9185,Minor
ACC0388,Karnataka,Mysuru,Mist,City Road,Wet,Night - Street Lights On,Heavy Truck,67,Male,Yes,90,21:08,Wednesday,May,3,12.2265,76.5727,Minor
ACC0389,Odisha,Bhubaneswar,Clear,City Road,Under Construction,Daylight,Car,46,Male,No,70,19:49,Saturday,December,0,20.2175,85.7667,Fatal
ACC0390,Gujarat,Surat,Mist,State Highway,Wet,Night - Darkness,Two-Wheeler,63,Male,No,90,18:31,Sunday,April,1,21.1468,72.7868,Serious
ACC0391,Maharashtra,Mumbai,Heavy Rain,Expressway,Slippery,Night - Darkness,LCV,63,Male,No,100,21:53,Friday,July,4,19.0791,72.8459,Serious
ACC0392,Haryana,Gurugram,Clear,State Highway,Slippery,Night - Darkness,Two-Wheeler,22,Male,No,80,17:35,Monday,April,0,28.3784,76.9917,Minor
ACC0393,Tamil Nadu,Madurai,Clear,National Highway,Slippery,Daylight,Bus,39,Male,No,50,14:30,Monday,July,1,9.8681,78.156,Minor
ACC0394,Uttar Pradesh,Kanpur,Mist,Expressway,Wet,Daylight,Auto-Rickshaw,55,Male,No,60,14:06,Monday,December,1,26.3808,80.3482,Serious
ACC0395,Tamil Nadu,Madurai,Foggy,State Highway,Wet,Daylight,LCV,28,Male,No,50,15:32,Wednesday,March,0,9.9018,78.1769,Minor
ACC0396,Karnataka,Bengaluru,Clear,State Highway,Slippery,Night - Street Lights On,LCV,34,Male,No,100,22:46,Tuesday,February,2,12.8938,77.6728,Minor
ACC0397,Karnataka,Bengaluru,Clear,Expressway,Slippery,Twilight/Dusk,LCV,53,Male,No,60,18:20,Wednesday,September,1,12.9096,77.534,Minor
ACC0398,Tamil Nadu,Madurai,Foggy,State Highway,Wet,Daylight,LCV,25,Male,No,100,15:55,Wednesday,March,0,9.8888,78.1948,Minor
ACC0399,Uttar Pradesh,Varanasi,Clear,National Highway,Gravel,Daylight,Car,34,Male,No,100,00:11,Sunday,March,1,25.3919,83.0164,Serious
ACC0400,Karnataka,Mysuru,Clear,Rural Road,Slippery,Daylight,Two-Wheeler,32,Male,Yes,60,21:25,Tuesday,April,1,12.2923,76.6416,Minor
ACC0401,Tamil Nadu,Chennai,Clear,Expressway,Dry,Daylight,Car,37,Male,No,80,22:48,Saturday,July,2,13.0831,80.2764,Minor
ACC0402,Haryana,Gurugram,Foggy,Expressway,Wet,Twilight/Dusk,Auto-Rickshaw,50,Female,No,50,10:04,Friday,January,3,28.4639,77.0531,Fatal
ACC0403,Madhya Pradesh,Bhopal,Clear,State Highway,Slippery,Daylight,Car,51,Male,No,50,08:44,Monday,January,2,23.2,77.4058,Minor
ACC0404,Maharashtra,Nagpur,Clear,State Highway,Wet,Daylight,Two-Wheeler,58,Female,No,70,23:28,Monday,August,2,21.1343,79.0615,Minor
ACC0405,Bihar,Patna,Heavy Rain,Expressway,Slippery,Daylight,Auto-Rickshaw,55,Male,No,80,19:40,Thursday,October,3,25.54,85.1235,Serious
ACC0406,Tamil Nadu,Coimbatore,Sunny,Rural Road,Gravel,Daylight,Two-Wheeler,28,Male,No,80,20:38,Wednesday,August,2,11.0034,76.9856,Minor
ACC0407,Rajasthan,Jaipur,Sunny,State Highway,Dry,Night - Darkness,Two-Wheeler,49,Male,Yes,40,17:59,Friday,July,3,26.9495,75.8032,Serious
ACC0408,Odisha,Bhubaneswar,Clear,City Road,Under Construction,Daylight,Car,50,Male,No,100,20:05,Saturday,December,0,20.223,85.7546,Fatal
ACC0409,Kerala,Thiruvananthapuram,Foggy,City Road,Wet,Twilight/Dusk,Auto-Rickshaw,51,Female,No,40,23:18,Sunday,September,2,8.581,76.8643,Minor
ACC0410,Assam,Guwahati,Clear,State Highway,Dry,Daylight,Auto-Rickshaw,20,Male,No,120,10:07,Monday,January,1,26.1507,91.7363,Serious
ACC0411,Jammu and Kashmir,Srinagar,Sunny,Rural Road,Gravel,Daylight,Car,44,Male,No,70,00:55,Wednesday,August,0,34.0232,74.8307,Minor
ACC0412,Haryana,Gurugram,Clear,State Highway,Slippery,Night - Darkness,Two-Wheeler,18,Male,No,70,17:21,Monday,April,0,28.3683,76.971,Serious
ACC0413,West Bengal,Kolkata,Sunny,City Road,Gravel,Twilight/Dusk,Auto-Rickshaw,51,Female,No,100,15:08,Wednesday,April,2,22.651,88.3701,Minor
ACC0414,Delhi,New Delhi,Heavy Rain,State Highway,Slippery,Night - Darkness,Heavy Truck,28,Female,No,120,18:36,Friday,May,3,28.6933,77.1823,Serious
ACC0415,Haryana,Gurugram,Foggy,Expressway,Wet,Twilight/Dusk,Auto-Rickshaw,45,Female,No,70,09:13,Friday,January,3,28.4413,77.0525,Serious
ACC0416,Gujarat,Surat,Mist,State Highway,Wet,Night - Darkness,Two-Wheeler,62,Male,No,100,18:47,Sunday,April,1,21.1491,72.8049,Minor
ACC0417,Odisha,Bhubaneswar,Clear,National Highway,Slippery,Night - Street Lights On,Two-Wheeler,51,Male,Yes,60,01:14,Thursday,March,3,20.2061,85.7806,Serious
ACC0418,Punjab,Ludhiana,Heavy Rain,State Highway,Slippery,Daylight,Auto-Rickshaw,61,Male,No,80,09:18,Friday,April,0,30.8423,75.899,Serious
ACC0419,Maharashtra,Mumbai,Clear,Expressway,Under Construction,Night - Darkness,Auto-Rickshaw,53,Male,Yes,50,16:40,Sunday,June,6,19.0438,72.8162,Minor
ACC0420,Odisha,Bhubaneswar,Clear,National Highway,Slippery,Night - Street Lights On,Two-Wheeler,56,Male,Yes,60,01:43,Thursday,March,3,20.2075,85.7793,Minor
ACC0421,Punjab,Ludhiana,Mist,National Highway,Wet,Twilight/Dusk,Two-Wheeler,51,Male,No,80,13:54,Wednesday,November,1,30.859,75.8352,Minor
ACC0422,Uttar Pradesh,Varanasi,Clear,State Highway,Dry,Daylight,Two-Wheeler,61,Male,No,100,02:49,Wednesday,June,2,25.2671,83.0377,Minor
ACC0423,Uttar Pradesh,Lucknow,Heavy Rain,State Highway,Slippery,Twilight/Dusk,Heavy Truck,32,Male,No,90,12:38,Thursday,June,1,26.8916,80.9471,Minor
ACC0424,Gujarat,Surat,Sunny,National Highway,Dry,Night - Street Lights On,Car,39,Male,Yes,100,11:06,Friday,September,4,21.2051,72.8416,Minor
ACC0425,Gujarat,Surat,Clear,State Highway,Slippery,Night - Darkness,LCV,24,Male,Yes,70,17:50,Tuesday,September,3,21.1893,72.8939,Fatal
ACC0426,Telangana,Hyderabad,Sunny,State Highway,Dry,Night - Street Lights On,Auto-Rickshaw,31,Female,Yes,40,22:47,Friday,March,2,17.4609,78.5137,Serious
ACC0427,Bihar,Patna,Heavy Rain,Expressway,Slippery,Daylight,Auto-Rickshaw,51,Male,No,50,20:24,Thursday,October,3,25.5333,85.1069,Minor
ACC0428,Tamil Nadu,Coimbatore,Sunny,Rural Road,Gravel,Daylight,Two-Wheeler,30,Male,No,120,20:50,Wednesday,August,2,10.9864,77.0059,Serious
ACC0429,Tamil Nadu,Madurai,Foggy,State Highway,Wet,Daylight,LCV,21,Male,No,90,15:27,Wednesday,March,0,9.8825,78.2061,Minor
ACC0430,Tamil Nadu,Madurai,Clear,National Highway,Slippery,Daylight,Bus,44,Male,No,70,14:08,Monday,July,1,9.8651,78.1485,Minor
ACC0431,Maharashtra,Pune,Heavy Rain,National Highway,Slippery,Night - Darkness,LCV,20,Male,Yes,70,02:09,Wednesday,October,6,18.5948,73.8986,Minor
ACC0432,Uttar Pradesh,Varanasi,Clear,City Road,Under Construction,Night - Street Lights On,LCV,31,Male,No,100,21:39,Tuesday,February,1,25.2974,82.9676,Minor
ACC0433,Madhya Pradesh,Indore,Clear,National Highway,Gravel,Daylight,Two-Wheeler,35,Female,No,40,01:47,Monday,April,3,22.6662,75.8639,Fatal
ACC0434,Madhya Pradesh,Indore,Sunny,Expressway,Under Construction,Daylight,Two-Wheeler,36,Female,Yes,70,22:47,Monday,May,4,22.6789,75.8161,Serious
ACC0435,Tamil Nadu,Chennai,Clear,Rural Road,Gravel,Daylight,Car,20,Male,No,70,07:10,Monday,June,0,13.0357,80.2033,Serious
ACC0436,Kerala,Thiruvananthapuram,Clear,City Road,Wet,Night - Street Lights On,Heavy Truck,29,Male,No,80,17:54,Saturday,March,0,8.5914,76.9566,Fatal
ACC0437,Maharashtra,Mumbai,Foggy,Expressway,Wet,Twilight/Dusk,LCV,19,Male,No,40,13:52,Tuesday,August,1,19.0166,72.8012,Serious
ACC0438,Punjab,Amritsar,Foggy,State Highway,Wet,Daylight,Two-Wheeler,36,Male,No,100,21:21,Saturday,August,2,31.6443,74.8008,Serious
ACC0439,Karnataka,Mysuru,Mist,City Road,Wet,Night - Street Lights On,Heavy Truck,63,Male,Yes,90,20:39,Wednesday,May,3,12.2072,76.5808,Fatal
ACC0440,West Bengal,Kolkata,Clear,City Road,Slippery,Night - Street Lights On,Two-Wheeler,64,Male,No,120,22:04,Sunday,February,2,22.6257,88.3948,Minor
ACC0441,Karnataka,Bengaluru,Clear,National Highway,Wet,Night - Darkness,Two-Wheeler,24,Male,No,40,12:00,Saturday,December,6,13.0008,77.5334,Serious
ACC0442,Maharashtra,Mumbai,Clear,Expressway,Under Construction,Night - Darkness,Auto-Rickshaw,56,Male,Yes,120,17:16,Sunday,June,6,19.0668,72.8068,Fatal
ACC0443,Assam,Guwahati,Sunny,Rural Road,Dry,Night - Street Lights On,Auto-Rickshaw,59,Male,Yes,70,09:58,Sunday,July,1,26.1642,91.7751,Minor
ACC0444,Haryana,Gurugram,Foggy,National Highway,Wet,Night - Street Lights On,Car,54,Female,Yes,50,22:52,Friday,March,5,28.4684,77.053,Minor
ACC0445,Rajasthan,Udaipur,Heavy Rain,National Highway,Slippery,Twilight/Dusk,Bus,29,Female,No,120,02:26,Wednesday,February,6,24.5488,73.6506,Serious
ACC0446,Tamil Nadu,Chennai,Clear,Expressway,Dry,Daylight,Car,37,Male,No,120,21:57,Saturday,July,2,13.099,80.2843,Minor
ACC0447,Kerala,Thiruvananthapuram,Clear,National Highway,Dry,Daylight,Auto-Rickshaw,61,Female,Yes,60,19:40,Monday,November,6,8.4673,76.8912,Fatal
ACC0448,Gujarat,Surat,Mist,City Road,Wet,Twilight/Dusk,Bus,60,Female,No,80,12:13,Sunday,September,1,21.0827,72.8003,Fatal
ACC0449,Uttar Pradesh,Varanasi,Clear,City Road,Under Construction,Night - Street Lights On,LCV,33,Male,No,90,21:37,Tuesday,February,1,25.3081,83.005,Minor
ACC0450,West Bengal,Kolkata,Foggy,State Highway,Wet,Daylight,Two-Wheeler,34,Male,No,90,00:38,Friday,July,1,22.549,88.426,Serious
ACC0451,Rajasthan,Udaipur,Mist,City Road,Wet,Daylight,LCV,28,Male,No,50,06:55,Wednesday,June,1,24.587,73.6534,Serious
ACC0452,Madhya Pradesh,Indore,Mist,State Highway,Wet,Daylight,LCV,26,Female,No,100,08:09,Monday,June,2,22.8171,75.8349,Minor
ACC0453,Delhi,New Delhi,Heavy Rain,National Highway,Slippery,Night - Street Lights On,Heavy Truck,39,Male,No,100,15:32,Sunday,February,4,28.6822,77.2847,Serious
ACC0454,Maharashtra,Pune,Heavy Rain,National Highway,Slippery,Night - Darkness,LCV,24,Male,Yes,90,02:23,Wednesday,October,6,18.595,73.9135,Fatal
ACC0455,Karnataka,Mysuru,Clear,Rural Road,Slippery,Daylight,Two-Wheeler,37,Male,Yes,120,20:53,Tuesday,April,1,12.2995,76.6165,Minor
ACC0456,Bihar,Patna,Sunny,Rural Road,Under Construction,Night - Darkness,Car,56,Male,No,60,18:24,Friday,May,2,25.6148,85.166,Serious
ACC0457,Telangana,Hyderabad,Foggy,National Highway,Wet,Daylight,Bus,23,Male,No,40,13:24,Monday,May,3,17.4699,78.5629,Minor
ACC0458,Punjab,Amritsar,Clear,City Road,Wet,Night - Darkness,Auto-Rickshaw,43,Male,Yes,80,21:38,Wednesday,March,3,31.6812,74.8424,Fatal
ACC0459,Tamil Nadu,Chennai,Heavy Rain,Rural Road,Slippery,Twilight/Dusk,LCV,24,Female,No,40,10:32,Saturday,August,2,13.1481,80.2639,Minor
ACC0460,Punjab,Amritsar,Foggy,State Highway,Wet,Daylight,Two-Wheeler,40,Male,No,120,21:46,Saturday,August,2,31.6507,74.8143,Serious
ACC0461,West Bengal,Kolkata,Clear,State Highway,Wet,Night - Street Lights On,LCV,27,Male,Yes,80,13:42,Thursday,February,1,22.5043,88.3335,Serious
ACC0462,Madhya Pradesh,Indore,Clear,State Highway,Slippery,Night - Street Lights On,Auto-Rickshaw,41,Male,No,50,05:59,Sunday,September,0,22.7317,75.8586,Minor
ACC0463,Maharashtra,Mumbai,Foggy,National Highway,Wet,Night - Darkness,Auto-Rickshaw,62,Male,No,70,07:28,Saturday,December,2,18.9944,72.9408,Serious
ACC0464,Tamil Nadu,Coimbatore,Sunny,Rural Road,Gravel,Daylight,Two-Wheeler,31,Male,No,50,20:54,Wednesday,August,2,10.9943,76.9979,Minor
ACC0465,Gujarat,Ahmedabad,Clear,City Road,Gravel,Night - Street Lights On,Two-Wheeler,47,Male,Yes,100,14:19,Saturday,December,3,23.0891,72.5091,Serious
ACC0466,Rajasthan,Jaipur,Mist,City Road,Wet,Night - Darkness,Car,36,Male,Yes,40,02:37,Friday,April,3,26.9988,75.7456,Minor
ACC0467,Rajasthan,Udaipur,Mist,City Road,Wet,Daylight,LCV,29,Male,No,100,06:46,Wednesday,June,1,24.5821,73.63,Minor
ACC0468,Kerala,Kochi,Clear,State Highway,Dry,Daylight,Heavy Truck,32,Male,No,120,23:54,Tuesday,March,1,10.0222,76.2025,Serious
ACC0469,West Bengal,Kolkata,Clear,Rural Road,Dry,Twilight/Dusk,LCV,30,Female,No,40,02:55,Saturday,July,1,22.5269,88.3991,Minor
ACC0470,Tamil Nadu,Coimbatore,Foggy,National Highway,Wet,Night - Street Lights On,Heavy Truck,62,Female,Yes,80,09:47,Thursday,April,2,11.0047,76.9267,Serious
ACC0471,Maharashtra,Mumbai,Foggy,National Highway,Wet,Night - Darkness,Auto-Rickshaw,61,Male,No,100,07:07,Saturday,December,2,18.9954,72.9373,Fatal
ACC0472,Tamil Nadu,Coimbatore,Heavy Rain,Expressway,Slippery,Night - Darkness,Car,27,Female,No,70,14:30,Thursday,July,2,10.9916,76.9634,Fatal
ACC0473,Tamil Nadu,Madurai,Mist,City Road,Wet,Daylight,Bus,62,Male,No,60,17:36,Wednesday,March,2,9.9701,78.1114,Fatal
ACC0474,Rajasthan,Jaipur,Clear,State Highway,Slippery,Daylight,Car,27,Male,No,90,19:47,Tuesday,March,1,26.8427,75.7387,Fatal
ACC0475,Karnataka,Bengaluru,Clear,Expressway,Slippery,Twilight/Dusk,LCV,55,Male,No,70,17:47,Wednesday,September,1,12.8938,77.5559,Minor
ACC0476,Punjab,Amritsar,Clear,City Road,Wet,Twilight/Dusk,Heavy Truck,18,Male,No,90,18:29,Thursday,March,1,31.6767,74.9292,Serious
ACC0477,Uttarakhand,Dehradun,Clear,Rural Road,Slippery,Night - Darkness,Two-Wheeler,40,Male,No,40,18:15,Saturday,September,2,30.3402,78.088,Fatal
ACC0478,Tamil Nadu,Chennai,Clear,Expressway,Dry,Daylight,Car,38,Male,No,50,21:49,Saturday,July,2,13.1001,80.2878,Minor
ACC0479,Punjab,Ludhiana,Heavy Rain,State Highway,Slippery,Daylight,Auto-Rickshaw,63,Male,No,80,09:15,Friday,April,0,30.8662,75.8957,Minor
ACC0480,Punjab,Amritsar,Foggy,State Highway,Wet,Daylight,Two-Wheeler,43,Male,No,120,21:14,Saturday,August,2,31.6466,74.8049,Minor
ACC0481,Maharashtra,Pune,Clear,State Highway,Gravel,Night - Street Lights On,Two-Wheeler,38,Female,No,40,21:34,Monday,March,0,18.5045,73.8762,Fatal
ACC0482,Bihar,Patna,Foggy,State Highway,Wet,Twilight/Dusk,Two-Wheeler,52,Male,Yes,80,13:03,Friday,April,3,25.544,85.1198,Minor
ACC0483,Maharashtra,Nagpur,Clear,Expressway,Under Construction,Night - Darkness,Two-Wheeler,42,Female,No,120,18:07,Monday,November,2,21.1864,79.1444,Fatal
ACC0484,Uttar Pradesh,Kanpur,Clear,National Highway,Slippery,Daylight,Two-Wheeler,37,Male,No,80,01:48,Monday,April,1,26.4903,80.3739,Fatal
ACC0485,Gujarat,Ahmedabad,Heavy Rain,Rural Road,Slippery,Daylight,Two-Wheeler,57,Male,No,50,05:13,Thursday,August,0,22.9925,72.6335,Fatal
ACC0486,Rajasthan,Udaipur,Mist,City Road,Wet,Daylight,LCV,26,Male,No,120,06:25,Wednesday,June,1,24.5776,73.6532,Minor
ACC0487,West Bengal,Kolkata,Clear,City Road,Slippery,Night - Street Lights On,Two-Wheeler,68,Male,No,80,22:13,Sunday,February,2,22.6048,88.4074,Minor
ACC0488,Haryana,Gurugram,Foggy,National Highway,Wet,Night - Street Lights On,Car,59,Female,Yes,40,22:42,Friday,March,5,28.4486,77.0537,Minor
ACC0489,Delhi,New Delhi,Heavy Rain,National Highway,Slippery,Night - Street Lights On,Heavy Truck,41,Male,No,60,15:37,Sunday,February,4,28.6934,77.2792,Serious
ACC0490,Uttarakhand,Dehradun,Heavy Rain,City Road,Slippery,Daylight,Auto-Rickshaw,37,Female,No,40,04:43,Friday,January,1,30.2569,77.9972,Serious
ACC0491,Punjab,Amritsar,Sunny,Rural Road,Wet,Twilight/Dusk,Heavy Truck,29,Male,No,50,10:15,Sunday,June,0,31.6238,74.8416,Serious
ACC0492,Punjab,Amritsar,Clear,City Road,Wet,Twilight/Dusk,Heavy Truck,22,Male,No,50,19:06,Thursday,March,1,31.689,74.9209,Serious
ACC0493,Rajasthan,Udaipur,Mist,City Road,Wet,Daylight,LCV,30,Male,No,100,06:55,Wednesday,June,1,24.5782,73.6412,Fatal
ACC0494,Delhi,New Delhi,Clear,Rural Road,Gravel,Daylight,Car,25,Male,No,60,03:58,Tuesday,December,2,28.5429,77.2299,Minor
ACC0495,Madhya Pradesh,Indore,Foggy,National Highway,Wet,Night - Darkness,Heavy Truck,61,Male,No,120,12:22,Thursday,February,2,22.6625,75.8758,Serious
ACC0496,Punjab,Amritsar,Mist,Expressway,Wet,Night - Street Lights On,Two-Wheeler,24,Male,Yes,70,05:06,Thursday,August,6,31.5757,74.9274,Serious
ACC0497,Punjab,Ludhiana,Mist,National Highway,Wet,Twilight/Dusk,Two-Wheeler,50,Male,No,40,14:07,Wednesday,November,1,30.8635,75.8124,Serious
ACC0498,Maharashtra,Mumbai,Foggy,Expressway,Wet,Twilight/Dusk,LCV,18,Male,No,90,13:55,Tuesday,August,1,19.0132,72.8255,Minor
ACC0499,West Bengal,Kolkata,Foggy,State Highway,Wet,Daylight,Two-Wheeler,37,Male,No,40,00:38,Friday,July,1,22.5418,88.4401,Serious
ACC0500,Uttar Pradesh,Varanasi,Clear,National Highway,Wet,Night - Street Lights On,Heavy Truck,25,Female,No,100,21:05,Tuesday,February,3,25.3045,82.991,Fatal
ACC0501,Bihar,Patna,Heavy Rain,Rural Road,Slippery,Daylight,Heavy Truck,37,Male,No,80,12:20,Wednesday,December,3,25.6502,85.116,Serious
ACC0502,West Bengal,Kolkata,Foggy,Expressway,Wet,Night - Street Lights On,Bus,28,Female,No,40,18:31,Friday,September,6,22.5672,88.4003,Fatal
ACC0503,Punjab,Ludhiana,Mist,National Highway,Wet,Twilight/Dusk,Two-Wheeler,54,Male,No,60,14:26,Wednesday,November,1,30.8506,75.8265,Fatal
ACC0504,Maharashtra,Nagpur,Clear,Expressway,Under Construction,Night - Darkness,Two-Wheeler,40,Female,No,120,17:51,Monday,November,2,21.1966,79.1644,Minor
ACC0505,West Bengal,Kolkata,Clear,State Highway,Wet,Night - Street Lights On,LCV,28,Male,Yes,90,13:15,Thursday,February,1,22.5012,88.3467,Minor
ACC0506,Madhya Pradesh,Indore,Clear,National Highway,Gravel,Daylight,Two-Wheeler,31,Female,No,90,01:33,Monday,April,3,22.6647,75.8321,Fatal
ACC0507,Bihar,Patna,Heavy Rain,Expressway,Slippery,Daylight,Auto-Rickshaw,56,Male,No,40,20:00,Thursday,October,3,25.5333,85.1121,Minor
ACC0508,Rajasthan,Jaipur,Clear,State Highway,Dry,Night - Street Lights On,Car,59,Male,No,60,13:31,Saturday,March,0,26.8553,75.733,Fatal
ACC0509,Tamil Nadu,Madurai,Sunny,City Road,Slippery,Daylight,Heavy Truck,56,Female,No,70,20:48,Sunday,February,1,9.9632,78.1887,Fatal
ACC0510,Tamil Nadu,Madurai,Foggy,State Highway,Wet,Daylight,LCV,22,Male,No,40,15:22,Wednesday,March,0,9.8922,78.1869,Serious
ACC0511,Madhya Pradesh,Indore,Clear,National Highway,Gravel,Daylight,Two-Wheeler,38,Female,No,60,01:45,Monday,April,3,22.6354,75.8354,Minor
ACC0512,West Bengal,Kolkata,Foggy,State Highway,Wet,Daylight,Two-Wheeler,32,Male,No,90,00:44,Friday,July,1,22.5451,88.4295,Minor
ACC0513,Delhi,New Delhi,Heavy Rain,National Highway,Slippery,Night - Street Lights On,Heavy Truck,44,Male,No,60,15:00,Sunday,February,4,28.6769,77.29,Minor
ACC0514,Uttar Pradesh,Kanpur,Clear,State Highway,Dry,Night - Street Lights On,Heavy Truck,29,Male,No,90,12:11,Tuesday,August,2,26.3573,80.3707,Minor
ACC0515,Bihar,Patna,Heavy Rain,Rural Road,Slippery,Daylight,Heavy Truck,34,Male,No,50,12:45,Wednesday,December,3,25.6391,85.1232,Minor
ACC0516,Uttar Pradesh,Varanasi,Foggy,Rural Road,Wet,Daylight,LCV,42,Female,No,60,18:34,Friday,March,1,25.305,82.9721,Minor
ACC0517,Punjab,Amritsar,Foggy,National Highway,Wet,Night - Darkness,Car,30,Male,Yes,50,21:26,Saturday,December,3,31.6716,74.8642,Fatal
ACC0518,Gujarat,Ahmedabad,Foggy,National Highway,Wet,Daylight,Heavy Truck,44,Female,No,120,18:05,Tuesday,June,2,23.0877,72.5763,Fatal
ACC0519,Gujarat,Surat,Mist,National Highway,Wet,Daylight,Bus,41,Female,No,90,17:05,Thursday,February,2,21.1504,72.7845,Serious
ACC0520,Gujarat,Surat,Sunny,National Highway,Slippery,Daylight,Auto-Rickshaw,45,Male,No,60,09:37,Monday,July,2,21.0983,72.821,Fatal
ACC0521,Punjab,Ludhiana,Mist,National Highway,Wet,Night - Street Lights On,Auto-Rickshaw,55,Male,No,70,21:52,Friday,February,3,30.9241,75.7947,Minor
ACC0522,West Bengal,Kolkata,Clear,Rural Road,Dry,Twilight/Dusk,LCV,37,Female,No,70,03:29,Saturday,July,1,22.5467,88.3791,Minor
ACC0523,West Bengal,Kolkata,Sunny,Expressway,Dry,Daylight,Car,34,Male,No,70,10:59,Sunday,July,1,22.6319,88.4001,Serious
ACC0524,Odisha,Bhubaneswar,Clear,National Highway,Slippery,Night - Street Lights On,Two-Wheeler,54,Male,Yes,60,01:04,Thursday,March,3,20.2025,85.7908,Minor
ACC0525,Gujarat,Surat,Sunny,National Highway,Slippery,Daylight,Auto-Rickshaw,44,Male,No,80,09:32,Monday,July,2,21.0857,72.8301,Minor
ACC0526,Gujarat,Surat,Sunny,National Highway,Dry,Night - Street Lights On,Car,47,Male,Yes,80,11:47,Friday,September,4,21.1907,72.846,Minor
ACC0527,Kerala,Thiruvananthapuram,Clear,City Road,Wet,Night - Street Lights On,Auto-Rickshaw,56,Male,No,70,12:11,Saturday,December,1,8.5683,77.0201,Minor
ACC0528,Maharashtra,Mumbai,Foggy,Expressway,Wet,Twilight/Dusk,LCV,18,Male,No,100,13:40,Tuesday,August,1,19.0311,72.8233,Serious
ACC0529,Kerala,Thiruvananthapuram,Clear,City Road,Wet,Night - Street Lights On,Heavy Truck,33,Male,No,100,17:42,Saturday,March,0,8.5934,76.9475,Minor
ACC0530,Jammu and Kashmir,Srinagar,Sunny,Rural Road,Gravel,Daylight,Car,42,Male,No,50,00:29,Wednesday,August,0,34.0365,74.8195,Minor
ACC0531,Madhya Pradesh,Indore,Clear,Expressway,Dry,Daylight,Two-Wheeler,57,Female,Yes,70,05:59,Friday,October,2,22.6469,75.9042,Minor
ACC0532,Madhya Pradesh,Indore,Clear,State Highway,Dry,Twilight/Dusk,LCV,64,Male,Yes,90,07:37,Friday,July,2,22.6912,75.8134,Serious
ACC0533,Telangana,Hyderabad,Clear,State Highway,Dry,Daylight,Bus,46,Male,No,40,04:27,Wednesday,February,2,17.3816,78.4768,Minor
ACC0534,Maharashtra,Nagpur,Sunny,State Highway,Gravel,Daylight,Two-Wheeler,29,Male,No,60,18:33,Wednesday,January,0,21.1486,79.0659,Serious
ACC0535,Madhya Pradesh,Bhopal,Clear,State Highway,Slippery,Daylight,Car,49,Male,No,50,08:00,Monday,January,2,23.1891,77.4023,Fatal
ACC0536,Tamil Nadu,Coimbatore,Heavy Rain,Expressway,Slippery,Night - Darkness,Car,27,Female,No,40,14:58,Thursday,July,2,10.9971,76.9525,Minor
ACC0537,Uttar Pradesh,Kanpur,Clear,State Highway,Dry,Night - Street Lights On,Heavy Truck,29,Male,No,60,12:31,Tuesday,August,2,26.3821,80.3448,Fatal
ACC0538,Karnataka,Bengaluru,Heavy Rain,State Highway,Slippery,Daylight,Two-Wheeler,58,Female,No,50,07:17,Sunday,June,0,12.9014,77.6336,Minor
ACC0539,Uttar Pradesh,Varanasi,Clear,National Highway,Gravel,Daylight,Car,30,Male,No,80,00:41,Sunday,March,1,25.3948,83.0,Serious
ACC0540,Gujarat,Ahmedabad,Foggy,National Highway,Wet,Daylight,Heavy Truck,47,Female,No,40,18:31,Tuesday,June,2,23.0887,72.5807,Serious
ACC0541,Tamil Nadu,Madurai,Sunny,City Road,Slippery,Daylight,Heavy Truck,59,Female,No,70,21:13,Sunday,February,1,9.9653,78.1837,Serious
ACC0542,Tamil Nadu,Madurai,Clear,National Highway,Slippery,Daylight,Bus,36,Male,No,40,14:18,Monday,July,1,9.8669,78.1488,Fatal
ACC0543,Bihar,Patna,Sunny,Rural Road,Under Construction,Night - Darkness,Car,59,Male,No,100,18:19,Friday,May,2,25.6282,85.1773,Minor
ACC0544,Rajasthan,Jaipur,Clear,State Highway,Gravel,Night - Street Lights On,Two-Wheeler,27,Female,No,80,04:20,Sunday,March,0,26.8418,75.8458,Minor
ACC0545,Maharashtra,Mumbai,Mist,City Road,Wet,Daylight,Car,69,Male,Yes,100,05:57,Thursday,August,1,19.0323,72.8124,Minor
ACC0546,Kerala,Thiruvananthapuram,Clear,City Road,Wet,Night - Street Lights On,Auto-Rickshaw,57,Male,No,50,12:12,Saturday,December,1,8.5708,77.0299,Fatal
ACC0547,Maharashtra,Pune,Heavy Rain,National Highway,Slippery,Night - Darkness,LCV,20,Male,Yes,70,01:49,Wednesday,October,6,18.5962,73.9161,Fatal
ACC0548,Punjab,Amritsar,Mist,Rural Road,Wet,Daylight,Car,25,Male,No,90,14:38,Saturday,March,0,31.6456,74.8143,Serious
ACC0549,Gujarat,Ahmedabad,Clear,National Highway,Gravel,Daylight,Heavy Truck,23,Male,No,90,11:38,Tuesday,August,3,23.032,72.5831,Serious
ACC0550,Haryana,Gurugram,Foggy,National Highway,Wet,Night - Street Lights On,Car,59,Female,Yes,50,22:32,Friday,March,5,28.4803,77.0449,Minor
ACC0551,Assam,Guwahati,Clear,State Highway,Slippery,Twilight/Dusk,Car,44,Male,No,80,15:12,Wednesday,January,1,26.1026,91.6862,Serious
ACC0552,Karnataka,Mysuru,Clear,Rural Road,Slippery,Daylight,Two-Wheeler,37,Male,Yes,60,21:13,Tuesday,April,1,12.2999,76.6305,Serious
ACC0553,Uttar Pradesh,Varanasi,Foggy,Rural Road,Wet,Daylight,LCV,43,Female,No,100,18:45,Friday,March,1,25.3113,82.9727,Minor
ACC0554,Madhya Pradesh,Indore,Clear,Expressway,Dry,Daylight,Two-Wheeler,55,Female,Yes,40,05:59,Friday,October,2,22.6511,75.9064,Fatal
ACC0555,Rajasthan,Jaipur,Foggy,City Road,Wet,Daylight,LCV,58,Male,No,70,05:43,Thursday,June,1,26.8534,75.798,Minor
ACC0556,Punjab,Ludhiana,Sunny,Rural Road,Dry,Twilight/Dusk,Heavy Truck,58,Male,No,80,07:46,Monday,December,2,30.886,75.9359,Serious
ACC0557,Madhya Pradesh,Indore,Clear,State Highway,Slippery,Night - Street Lights On,Auto-Rickshaw,38,Male,No,120,06:09,Sunday,September,0,22.733,75.863,Minor
ACC0558,Gujarat,Surat,Sunny,National Highway,Dry,Night - Street Lights On,Car,45,Male,Yes,80,11:13,Friday,September,4,21.1948,72.848,Minor
ACC0559,Punjab,Amritsar,Sunny,Rural Road,Wet,Twilight/Dusk,Heavy Truck,25,Male,No,40,09:58,Sunday,June,0,31.6114,74.8222,Minor
ACC0560,Madhya Pradesh,Indore,Clear,Expressway,Slippery,Night - Darkness,Two-Wheeler,44,Male,No,100,05:25,Wednesday,February,4,22.7828,75.8635,Minor
ACC0561,Tamil Nadu,Chennai,Heavy Rain,Rural Road,Slippery,Twilight/Dusk,LCV,25,Female,No,50,10:28,Saturday,August,2,13.1687,80.2615,Minor
ACC0562,Tamil Nadu,Coimbatore,Clear,Rural Road,Wet,Daylight,Heavy Truck,26,Male,No,50,19:37,Monday,September,2,10.9886,76.9824,Minor
ACC0563,Madhya Pradesh,Indore,Clear,Expressway,Slippery,Night - Darkness,Two-Wheeler,44,Male,No,60,05:58,Wednesday,February,4,22.7702,75.8639,Minor
ACC0564,Uttar Pradesh,Varanasi,Sunny,National Highway,Dry,Daylight,Bus,41,Male,Yes,70,22:18,Tuesday,November,5,25.337,83.0105,Serious
ACC0565,Karnataka,Mysuru,Mist,State Highway,Wet,Daylight,Heavy Truck,47,Male,No,40,14:26,Sunday,February,0,12.3555,76.5781,Minor
ACC0566,West Bengal,Kolkata,Foggy,State Highway,Wet,Daylight,Two-Wheeler,32,Male,No,120,01:19,Friday,July,1,22.5665,88.447,Minor
ACC0567,Tamil Nadu,Coimbatore,Foggy,State Highway,Wet,Night - Street Lights On,LCV,29,Male,Yes,50,07:07,Sunday,May,3,10.998,76.963,Minor
ACC0568,Rajasthan,Jaipur,Clear,State Highway,Gravel,Night - Street Lights On,Two-Wheeler,26,Female,No,40,04:53,Sunday,March,0,26.8707,75.8783,Serious
ACC0569,Rajasthan,Jaipur,Clear,State Highway,Dry,Night - Street Lights On,Car,65,Male,No,70,13:13,Saturday,March,0,26.8737,75.7139,Minor
ACC0570,Rajasthan,Udaipur,Heavy Rain,National Highway,Slippery,Twilight/Dusk,Bus,33,Female,No,70,02:42,Wednesday,February,6,24.5632,73.6396,Fatal
ACC0571,Punjab,Ludhiana,Mist,National Highway,Wet,Twilight/Dusk,Two-Wheeler,50,Male,No,40,13:44,Wednesday,November,1,30.8453,75.8027,Minor
ACC0572,Haryana,Gurugram,Heavy Rain,National Highway,Slippery,Daylight,Heavy Truck,23,Female,No,90,14:31,Monday,April,1,28.5077,77.05,Serious
ACC0573,Rajasthan,Jaipur,Clear,State Highway,Dry,Night - Street Lights On,Car,65,Male,No,120,13:50,Saturday,March,0,26.855,75.7224,Minor
ACC0574,Uttar Pradesh,Kanpur,Clear,National Highway,Slippery,Daylight,Two-Wheeler,42,Male,No,120,02:06,Monday,April,1,26.4927,80.3693,Serious
ACC0575,Uttar Pradesh,Kanpur,Clear,State Highway,Dry,Night - Street Lights On,Heavy Truck,27,Male,No,100,12:14,Tuesday,August,2,26.366,80.3689,Minor
ACC0576,Gujarat,Surat,Mist,National Highway,Wet,Daylight,Bus,43,Female,No,90,17:20,Thursday,February,2,21.1276,72.8087,Minor
ACC0577,Assam,Guwahati,Clear,City Road,Dry,Daylight,Bus,41,Male,No,80,03:49,Sunday,January,1,26.1008,91.7796,Serious
ACC0578,Delhi,New Delhi,Heavy Rain,National Highway,Slippery,Night - Street Lights On,Heavy Truck,37,Male,No,50,15:31,Sunday,February,4,28.6787,77.2724,Fatal
ACC0579,Haryana,Gurugram,Foggy,Expressway,Wet,Twilight/Dusk,Auto-Rickshaw,48,Female,No,90,09:23,Friday,January,3,28.459,77.054,Fatal
ACC0580,Tamil Nadu,Madurai,Mist,Expressway,Wet,Daylight,Auto-Rickshaw,43,Male,No,60,01:16,Sunday,July,2,9.8722,78.1529,Minor
ACC0581,Maharashtra,Pune,Clear,City Road,Gravel,Night - Street Lights On,LCV,35,Male,Yes,40,06:30,Saturday,October,1,18.5006,73.8796,Serious
ACC0582,Uttar Pradesh,Varanasi,Mist,Expressway,Wet,Night - Darkness,Two-Wheeler,52,Female,No,80,12:09,Wednesday,April,4,25.3582,82.941,Minor
ACC0583,Kerala,Thiruvananthapuram,Clear,National Highway,Dry,Daylight,Auto-Rickshaw,57,Female,Yes,90,19:55,Monday,November,6,8.472,76.9164,Minor
ACC0584,Jammu and Kashmir,Srinagar,Clear,Rural Road,Dry,Daylight,Two-Wheeler,38,Female,No,60,09:57,Thursday,October,0,34.0465,74.7587,Fatal
ACC0585,Jammu and Kashmir,Srinagar,Clear,National Highway,Slippery,Daylight,Bus,29,Male,No,40,17:51,Saturday,February,2,34.0763,74.7335,Minor
ACC0586,Uttar Pradesh,Varanasi,Foggy,Rural Road,Wet,Daylight,LCV,42,Female,No,80,18:21,Friday,March,1,25.3216,82.9611,Serious
ACC0587,Delhi,New Delhi,Clear,Expressway,Wet,Daylight,Two-Wheeler,26,Female,No,40,01:16,Monday,December,1,28.6981,77.2013,Minor
ACC0588,Haryana,Gurugram,Clear,State Highway,Slippery,Night - Darkness,Two-Wheeler,23,Male,No,100,17:49,Monday,April,0,28.4008,76.9725,Serious
ACC0589,Madhya Pradesh,Indore,Foggy,National Highway,Wet,Night - Darkness,Heavy Truck,55,Male,No,100,12:01,Thursday,February,2,22.6668,75.885,Minor
ACC0590,Delhi,New Delhi,Clear,Expressway,Wet,Daylight,Two-Wheeler,19,Female,No,70,01:27,Monday,December,1,28.7003,77.1979,Minor
ACC0591,Assam,Guwahati,Clear,City Road,Dry,Daylight,Bus,40,Male,No,60,03:40,Sunday,January,1,26.0846,91.781,Minor
ACC0592,Rajasthan,Jaipur,Clear,State Highway,Slippery,Daylight,Car,24,Male,No,70,19:09,Tuesday,March,1,26.8683,75.7457,Serious
ACC0593,Uttar Pradesh,Varanasi,Clear,State Highway,Dry,Daylight,Two-Wheeler,60,Male,No,100,03:04,Wednesday,June,2,25.2656,83.0449,Serious
ACC0594,Karnataka,Bengaluru,Clear,Expressway,Slippery,Twilight/Dusk,LCV,53,Male,No,100,17:58,Wednesday,September,1,12.8872,77.5629,Fatal
ACC0595,Bihar,Patna,Sunny,Rural Road,Under Construction,Night - Darkness,Car,57,Male,No,60,18:39,Friday,May,2,25.6369,85.1495,Minor
ACC0596,Gujarat,Surat,Sunny,National Highway,Slippery,Daylight,Auto-Rickshaw,44,Male,No,100,09:55,Monday,July,2,21.0992,72.8431,Minor
ACC0597,Tamil Nadu,Madurai,Mist,State Highway,Wet,Daylight,Heavy Truck,46,Female,No,50,02:30,Thursday,May,0,9.879,78.1529,Fatal
ACC0598,Uttar Pradesh,Kanpur,Heavy Rain,Rural Road,Slippery,Daylight,LCV,48,Male,No,120,19:38,Thursday,November,1,26.4219,80.3902,Fatal
ACC0599,West Bengal,Kolkata,Sunny,City Road,Gravel,Twilight/Dusk,Auto-Rickshaw,53,Female,No,40,15:09,Wednesday,April,2,22.6676,88.3859,Serious
ACC0600,Maharashtra,Nagpur,Clear,Expressway,Under Construction,Night - Darkness,Two-Wheeler,41,Female,No,100,18:11,Monday,November,2,21.1957,79.1322,Serious
ACC0601,Assam,Guwahati,Clear,State Highway,Slippery,Twilight/Dusk,Car,41,Male,No,100,15:03,Wednesday,January,1,26.0989,91.6887,Fatal
ACC0602,Assam,Guwahati,Heavy Rain,National Highway,Slippery,Night - Darkness,Heavy Truck,48,Male,No,90,22:06,Thursday,March,3,26.1408,91.6811,Serious
ACC0603,Uttar Pradesh,Varanasi,Clear,Rural Road,Dry,Daylight,Car,53,Male,No,70,17:56,Friday,October,2,25.3451,82.95,Minor
ACC0604,Tamil Nadu,Coimbatore,Clear,National Highway,Wet,Night - Darkness,Car,47,Male,No,50,18:15,Wednesday,November,2,11.0936,76.9571,Minor
ACC0605,Haryana,Gurugram,Heavy Rain,National Highway,Slippery,Daylight,Heavy Truck,19,Female,No,50,14:26,Monday,April,1,28.5034,77.0294,Minor
ACC0606,Bihar,Patna,Heavy Rain,Expressway,Slippery,Daylight,Auto-Rickshaw,58,Male,No,70,19:42,Thursday,October,3,25.5055,85.1306,Serious
ACC0607,Madhya Pradesh,Indore,Clear,National Highway,Gravel,Daylight,Two-Wheeler,37,Female,No,50,01:50,Monday,April,3,22.655,75.8311,Minor
ACC0608,Bihar,Patna,Foggy,State Highway,Wet,Twilight/Dusk,Two-Wheeler,55,Male,Yes,70,13:46,Friday,April,3,25.5682,85.0918,Minor
ACC0609,Tamil Nadu,Coimbatore,Clear,Rural Road,Under Construction,Twilight/Dusk,Bus,55,Male,No,80,01:34,Saturday,October,1,11.0286,76.9511,Fatal
ACC0610,Karnataka,Bengaluru,Sunny,Expressway,Under Construction,Night - Darkness,LCV,57,Male,Yes,90,04:49,Saturday,October,6,13.0341,77.6063,Minor
ACC0611,Tamil Nadu,Coimbatore,Heavy Rain,Expressway,Slippery,Night - Darkness,Car,27,Female,No,80,14:28,Thursday,July,2,10.9875,76.9618,Minor
ACC0612,Maharashtra,Mumbai,Mist,City Road,Wet,Daylight,Car,68,Male,Yes,60,05:55,Thursday,August,1,19.0343,72.8228,Minor
ACC0613,Tamil Nadu,Coimbatore,Mist,Expressway,Wet,Twilight/Dusk,Car,48,Male,No,50,14:15,Monday,June,1,11.0028,76.9753,Minor
ACC0614,Uttarakhand,Dehradun,Clear,Rural Road,Slippery,Night - Darkness,Two-Wheeler,44,Male,No,40,17:34,Saturday,September,2,30.3611,78.0933,Minor
ACC0615,Kerala,Thiruvananthapuram,Foggy,National Highway,Wet,Twilight/Dusk,Bus,46,Male,No,70,02:44,Friday,April,6,8.4667,76.8705,Serious
ACC0616,Punjab,Amritsar,Mist,Rural Road,Wet,Daylight,Car,21,Male,No,80,14:42,Saturday,March,0,31.6307,74.8115,Minor
ACC0617,Madhya Pradesh,Indore,Foggy,National Highway,Wet,Night - Darkness,Heavy Truck,56,Male,No,60,12:47,Thursday,February,2,22.683,75.8809,Fatal
ACC0618,Uttar Pradesh,Varanasi,Sunny,National Highway,Dry,Daylight,Bus,47,Male,Yes,50,22:11,Tuesday,November,5,25.3336,83.0204,Minor
ACC0619,Maharashtra,Pune,Clear,State Highway,Gravel,Night - Street Lights On,Two-Wheeler,46,Female,No,40,21:26,Monday,March,0,18.5207,73.8508,Minor
ACC0620,Jammu and Kashmir,Srinagar,Clear,Rural Road,Dry,Daylight,Two-Wheeler,33,Female,No,40,09:52,Thursday,October,0,34.0499,74.7827,Serious
ACC0621,Maharashtra,Pune,Heavy Rain,National Highway,Slippery,Night - Darkness,LCV,18,Male,Yes,60,02:11,Wednesday,October,6,18.613,73.9134,Minor
ACC0622,Gujarat,Ahmedabad,Clear,State Highway,Dry,Night - Street Lights On,Two-Wheeler,56,Male,No,60,12:01,Saturday,December,2,23.0528,72.5538,Fatal
ACC0623,Punjab,Ludhiana,Mist,National Highway,Wet,Twilight/Dusk,Two-Wheeler,49,Male,No,70,14:04,Wednesday,November,1,30.8598,75.8271,Minor
ACC0624,Maharashtra,Nagpur,Clear,Expressway,Under Construction,Night - Darkness,Two-Wheeler,45,Female,No,50,18:13,Monday,November,2,21.1914,79.1326,Serious
ACC0625,Tamil Nadu,Coimbatore,Heavy Rain,Expressway,Slippery,Night - Darkness,Car,25,Female,No,60,14:37,Thursday,July,2,11.0074,76.9615,Minor
ACC0626,Telangana,Hyderabad,Foggy,National Highway,Wet,Daylight,Bus,18,Male,No,70,13:28,Monday,May,3,17.4433,78.5512,Minor
ACC0627,Assam,Guwahati,Clear,State Highway,Slippery,Twilight/Dusk,Car,41,Male,No,40,14:28,Wednesday,January,1,26.0691,91.6794,Fatal
ACC0628,Tamil Nadu,Coimbatore,Clear,State Highway,Gravel,Daylight,Bus,60,Male,No,40,12:20,Sunday,June,2,11.0102,76.9503,Minor
ACC0629,Haryana,Gurugram,Foggy,National Highway,Wet,Night - Street Lights On,Car,56,Female,Yes,120,22:22,Friday,March,5,28.4822,77.0653,Minor
ACC0630,Madhya Pradesh,Bhopal,Clear,State Highway,Slippery,Daylight,Car,53,Male,No,90,07:51,Monday,January,2,23.2182,77.4188,Serious
ACC0631,Kerala,Thiruvananthapuram,Clear,City Road,Wet,Night - Street Lights On,Auto-Rickshaw,59,Male,No,40,12:31,Saturday,December,1,8.5902,77.0271,Minor
ACC0632,Uttar Pradesh,Lucknow,Heavy Rain,State Highway,Slippery,Twilight/Dusk,Heavy Truck,40,Male,No,120,13:11,Thursday,June,1,26.8594,80.9413,Minor
ACC0633,Haryana,Gurugram,Foggy,Expressway,Wet,Twilight/Dusk,Auto-Rickshaw,48,Female,No,90,10:05,Friday,January,3,28.4431,77.0311,Fatal
ACC0634,Tamil Nadu,Coimbatore,Clear,State Highway,Gravel,Daylight,Bus,64,Male,No,100,12:21,Sunday,June,2,11.0068,76.9686,Serious
ACC0635,Uttar Pradesh,Varanasi,Clear,City Road,Under Construction,Night - Street Lights On,LCV,36,Male,No,50,21:35,Tuesday,February,1,25.3309,82.9822,Minor
ACC0636,Gujarat,Ahmedabad,Clear,National Highway,Gravel,Daylight,Heavy Truck,28,Male,No,100,11:08,Tuesday,August,3,23.0293,72.5927,Serious
ACC0637,Karnataka,Mysuru,Mist,City Road,Wet,Night - Street Lights On,Heavy Truck,65,Male,Yes,100,21:18,Wednesday,May,3,12.2077,76.5725,Minor
ACC0638,Uttar Pradesh,Varanasi,Clear,City Road,Under Construction,Night - Street Lights On,LCV,33,Male,No,80,21:42,Tuesday,February,1,25.3093,82.998,Minor
ACC0639,Tamil Nadu,Madurai,Mist,State Highway,Wet,Daylight,Heavy Truck,54,Female,No,90,02:32,Thursday,May,0,9.886,78.1472,Minor
ACC0640,Gujarat,Surat,Mist,National Highway,Wet,Daylight,Bus,45,Female,No,90,16:57,Thursday,February,2,21.1384,72.801,Serious
ACC0641,Punjab,Amritsar,Foggy,State Highway,Wet,Daylight,Two-Wheeler,40,Male,No,50,21:42,Saturday,August,2,31.6442,74.8027,Minor
ACC0642,Tamil Nadu,Madurai,Sunny,City Road,Slippery,Daylight,Heavy Truck,60,Female,No,100,20:31,Sunday,February,1,9.9726,78.1839,Serious
ACC0643,Uttar Pradesh,Kanpur,Clear,State Highway,Gravel,Daylight,Car,58,Female,No,80,09:56,Thursday,November,0,26.47,80.2623,Serious
ACC0644,Maharashtra,Mumbai,Mist,City Road,Wet,Daylight,Car,63,Male,Yes,40,06:19,Thursday,August,1,19.0416,72.8043,Serious
ACC0645,Punjab,Amritsar,Mist,Expressway,Wet,Night - Street Lights On,Two-Wheeler,26,Male,Yes,60,05:11,Thursday,August,6,31.5894,74.9164,Serious
ACC0646,Uttar Pradesh,Kanpur,Clear,National Highway,Slippery,Daylight,Two-Wheeler,37,Male,No,50,01:37,Monday,April,1,26.4995,80.3993,Fatal
ACC0647,Bihar,Patna,Foggy,State Highway,Wet,Twilight/Dusk,Two-Wheeler,48,Male,Yes,90,13:26,Friday,April,3,25.541,85.1002,Minor
ACC0648,Madhya Pradesh,Indore,Clear,State Highway,Dry,Twilight/Dusk,Two-Wheeler,58,Female,No,40,13:10,Monday,February,1,22.7929,75.8128,Minor
ACC0649,Madhya Pradesh,Indore,Clear,State Highway,Dry,Twilight/Dusk,LCV,62,Male,Yes,70,07:07,Friday,July,2,22.6948,75.7979,Fatal
ACC0650,Punjab,Amritsar,Clear,City Road,Wet,Night - Darkness,Auto-Rickshaw,41,Male,Yes,40,21:20,Wednesday,March,3,31.6925,74.8723,Minor
ACC0651,Maharashtra,Pune,Clear,State Highway,Gravel,Night - Street Lights On,Two-Wheeler,42,Female,No,50,21:30,Monday,March,0,18.4971,73.8497,Minor
ACC0652,Uttar Pradesh,Kanpur,Clear,State Highway,Dry,Night - Street Lights On,Heavy Truck,26,Male,No,60,12:19,Tuesday,August,2,26.3832,80.3475,Serious
ACC0653,Tamil Nadu,Madurai,Sunny,City Road,Slippery,Daylight,Heavy Truck,61,Female,No,40,21:14,Sunday,February,1,9.9768,78.1561,Minor
ACC0654,Maharashtra,Mumbai,Clear,Expressway,Under Construction,Night - Darkness,Auto-Rickshaw,53,Male,Yes,40,16:35,Sunday,June,6,19.0308,72.8098,Minor
ACC0655,Uttar Pradesh,Lucknow,Mist,Expressway,Wet,Twilight/Dusk,Heavy Truck,46,Male,No,120,14:04,Friday,October,3,26.8326,81.0121,Minor
ACC0656,Tamil Nadu,Chennai,Clear,Rural Road,Gravel,Daylight,Car,19,Male,No,120,07:05,Monday,June,0,13.0516,80.1921,Minor
ACC0657,Uttar Pradesh,Lucknow,Foggy,Rural Road,Wet,Twilight/Dusk,Heavy Truck,23,Male,No,100,05:06,Monday,December,3,26.8979,80.9157,Serious
ACC0658,Uttar Pradesh,Varanasi,Sunny,National Highway,Dry,Daylight,Bus,45,Male,Yes,90,22:47,Tuesday,November,5,25.3468,83.0277,Minor
ACC0659,Uttar Pradesh,Kanpur,Clear,State Highway,Dry,Night - Street Lights On,Heavy Truck,25,Male,No,90,12:17,Tuesday,August,2,26.372,80.3398,Minor
ACC0660,Tamil Nadu,Chennai,Heavy Rain,Rural Road,Slippery,Twilight/Dusk,LCV,22,Female,No,60,10:07,Saturday,August,2,13.1325,80.2535,Minor
ACC0661,Uttar Pradesh,Lucknow,Foggy,Rural Road,Wet,Twilight/Dusk,Heavy Truck,20,Male,No,100,05:12,Monday,December,3,26.8895,80.9186,Minor
ACC0662,West Bengal,Kolkata,Clear,City Road,Slippery,Night - Street Lights On,Two-Wheeler,65,Male,No,70,22:05,Sunday,February,2,22.6296,88.409,Minor
ACC0663,Punjab,Amritsar,Mist,Expressway,Wet,Night - Street Lights On,Two-Wheeler,29,Male,Yes,70,05:11,Thursday,August,6,31.5703,74.9326,Serious
ACC0664,Odisha,Bhubaneswar,Clear,National Highway,Slippery,Night - Street Lights On,Two-Wheeler,53,Male,Yes,80,01:21,Thursday,March,3,20.2086,85.7719,Minor
ACC0665,Gujarat,Ahmedabad,Clear,State Highway,Dry,Night - Street Lights On,Two-Wheeler,53,Male,No,120,12:03,Saturday,December,2,23.0579,72.5477,Serious
ACC0666,Punjab,Ludhiana,Mist,National Highway,Wet,Night - Street Lights On,Auto-Rickshaw,61,Male,No,80,22:23,Friday,February,3,30.9323,75.8123,Minor
ACC0667,Delhi,New Delhi,Clear,Expressway,Wet,Daylight,Two-Wheeler,27,Female,No,120,01:22,Monday,December,1,28.6937,77.1828,Minor
ACC0668,Rajasthan,Jaipur,Mist,National Highway,Wet,Daylight,Two-Wheeler,43,Male,No,80,05:24,Monday,March,2,26.8706,75.7192,Minor
ACC0669,Uttar Pradesh,Varanasi,Clear,Rural Road,Dry,Daylight,Car,60,Female,No,90,18:45,Saturday,October,2,25.2375,82.9411,Minor
ACC0670,Telangana,Hyderabad,Clear,State Highway,Dry,Daylight,Bus,49,Male,No,120,04:09,Wednesday,February,2,17.3538,78.4539,Fatal
ACC0671,Odisha,Bhubaneswar,Clear,City Road,Under Construction,Daylight,Car,48,Male,No,50,19:34,Saturday,December,0,20.2089,85.7579,Serious
ACC0672,Kerala,Kochi,Clear,City Road,Wet,Night - Street Lights On,Heavy Truck,40,Male,No,50,22:05,Monday,January,0,9.9048,76.2584,Fatal
ACC0673,Rajasthan,Udaipur,Mist,City Road,Wet,Daylight,LCV,32,Male,No,120,06:15,Wednesday,June,1,24.6009,73.6224,Minor
ACC0674,Karnataka,Bengaluru,Heavy Rain,State Highway,Slippery,Daylight,Two-Wheeler,53,Female,No,80,07:31,Sunday,June,0,12.902,77.6606,Minor
ACC0675,Kerala,Thiruvananthapuram,Clear,City Road,Wet,Night - Street Lights On,Auto-Rickshaw,63,Male,No,80,12:23,Saturday,December,1,8.5839,77.009,Fatal
ACC0676,Rajasthan,Jaipur,Sunny,Rural Road,Slippery,Night - Darkness,Bus,30,Male,No,50,01:49,Saturday,August,3,26.9053,75.7779,Minor
ACC0677,Gujarat,Ahmedabad,Clear,City Road,Under Construction,Night - Street Lights On,Heavy Truck,43,Female,No,60,04:24,Tuesday,October,2,23.1038,72.6045,Fatal
ACC0678,Gujarat,Surat,Sunny,National Highway,Dry,Night - Street Lights On,Car,43,Male,Yes,70,11:07,Friday,September,4,21.1996,72.8374,Fatal
ACC0679,Tamil Nadu,Coimbatore,Clear,State Highway,Gravel,Daylight,Bus,60,Male,No,100,12:34,Sunday,June,2,11.0041,76.9533,Minor
ACC0680,Uttar Pradesh,Varanasi,Clear,National Highway,Gravel,Daylight,Car,31,Male,No,80,00:25,Sunday,March,1,25.3781,83.0313,Minor
ACC0681,Karnataka,Mysuru,Mist,City Road,Wet,Night - Street Lights On,Heavy Truck,63,Male,Yes,90,21:05,Wednesday,May,3,12.2256,76.5665,Serious
ACC0682,Rajasthan,Udaipur,Heavy Rain,Rural Road,Slippery,Night - Street Lights On,Auto-Rickshaw,68,Male,No,120,16:24,Wednesday,January,0,24.5396,73.7466,Fatal
ACC0683,Tamil Nadu,Coimbatore,Heavy Rain,Expressway,Slippery,Night - Darkness,Car,26,Female,No,50,14:17,Thursday,July,2,10.9962,76.9439,Minor
ACC0684,Delhi,New Delhi,Clear,National Highway,Dry,Twilight/Dusk,LCV,23,Male,Yes,60,11:52,Thursday,October,2,28.6007,77.2497,Minor
ACC0685,Delhi,New Delhi,Clear,National Highway,Dry,Twilight/Dusk,LCV,24,Male,Yes,70,11:31,Thursday,October,2,28.6182,77.2668,Minor
ACC0686,Bihar,Patna,Foggy,State Highway,Wet,Twilight/Dusk,Two-Wheeler,54,Male,Yes,90,13:24,Friday,April,3,25.5423,85.0831,Minor
ACC0687,Gujarat,Ahmedabad,Clear,City Road,Gravel,Night - Street Lights On,Two-Wheeler,46,Male,Yes,80,13:54,Saturday,December,3,23.0916,72.5173,Minor
ACC0688,Telangana,Hyderabad,Sunny,State Highway,Dry,Night - Street Lights On,Auto-Rickshaw,28,Female,Yes,70,23:00,Friday,March,2,17.4321,78.5384,Minor
ACC0689,Madhya Pradesh,Indore,Mist,State Highway,Wet,Daylight,LCV,23,Female,No,100,09:05,Monday,June,2,22.7957,75.83,Minor
ACC0690,Tamil Nadu,Coimbatore,Heavy Rain,Expressway,Slippery,Night - Darkness,Car,33,Female,No,70,14:20,Thursday,July,2,10.9755,76.9574,Fatal
ACC0691,Delhi,New Delhi,Clear,Rural Road,Gravel,Daylight,Car,26,Male,No,50,03:52,Tuesday,December,2,28.5323,77.2197,Serious
ACC0692,Uttar Pradesh,Kanpur,Clear,State Highway,Dry,Night - Street Lights On,Heavy Truck,29,Male,No,50,12:44,Tuesday,August,2,26.3769,80.357,Fatal
ACC0693,Madhya Pradesh,Indore,Clear,State Highway,Dry,Twilight/Dusk,Two-Wheeler,53,Female,No,60,12:48,Monday,February,1,22.7966,75.7922,Serious
ACC0694,Karnataka,Bengaluru,Clear,Expressway,Slippery,Twilight/Dusk,LCV,55,Male,No,100,17:53,Wednesday,September,1,12.8911,77.5426,Minor
ACC0695,Kerala,Thiruvananthapuram,Heavy Rain,National Highway,Slippery,Night - Darkness,Auto-Rickshaw,34,Male,No,120,08:22,Wednesday,February,4,8.5273,76.9577,Serious
ACC0696,Rajasthan,Jaipur,Mist,National Highway,Wet,Daylight,Two-Wheeler,37,Male,No,120,04:48,Monday,March,2,26.878,75.7239,Minor
ACC0697,Gujarat,Ahmedabad,Foggy,Rural Road,Wet,Night - Darkness,Car,30,Male,Yes,70,11:15,Monday,December,6,23.0597,72.6112,Serious
ACC0698,West Bengal,Kolkata,Clear,State Highway,Wet,Night - Street Lights On,LCV,23,Male,Yes,60,13:47,Thursday,February,1,22.5253,88.3511,Serious
ACC0699,Karnataka,Bengaluru,Sunny,Expressway,Under Construction,Night - Darkness,LCV,57,Male,Yes,120,04:14,Saturday,October,6,13.0242,77.5928,Minor
ACC0700,Tamil Nadu,Coimbatore,Clear,Rural Road,Wet,Daylight,Heavy Truck,30,Male,No,100,19:16,Monday,September,2,11.0002,76.9768,Minor
ACC0701,Tamil Nadu,Coimbatore,Clear,Expressway,Dry,Daylight,Heavy Truck,43,Female,No,60,07:26,Wednesday,March,2,11.0891,76.9257,Minor
ACC0702,Uttar Pradesh,Varanasi,Clear,State Highway,Dry,Daylight,Two-Wheeler,56,Male,No,80,02:59,Wednesday,June,2,25.2521,83.028,Fatal
ACC0703,Kerala,Kochi,Clear,State Highway,Dry,Daylight,Heavy Truck,63,Female,No,80,11:32,Tuesday,September,1,9.9915,76.2774,Serious
ACC0704,Madhya Pradesh,Bhopal,Heavy Rain,State Highway,Slippery,Night - Darkness,Two-Wheeler,64,Male,No,50,01:21,Saturday,November,2,23.3011,77.3554,Fatal
ACC0705,Uttar Pradesh,Varanasi,Foggy,Rural Road,Wet,Daylight,LCV,38,Female,No,50,18:16,Friday,March,1,25.3332,82.9751,Minor
ACC0706,Tamil Nadu,Madurai,Clear,National Highway,Slippery,Daylight,Bus,39,Male,No,40,14:35,Monday,July,1,9.8872,78.1723,Minor
ACC0707,Madhya Pradesh,Indore,Clear,National Highway,Gravel,Daylight,Two-Wheeler,34,Female,No,60,01:30,Monday,April,3,22.6341,75.8364,Minor
ACC0708,Madhya Pradesh,Indore,Sunny,Expressway,Under Construction,Daylight,Two-Wheeler,34,Female,Yes,90,23:12,Monday,May,4,22.6689,75.8022,Serious
ACC0709,Gujarat,Ahmedabad,Foggy,National Highway,Wet,Daylight,Heavy Truck,42,Female,No,70,17:36,Tuesday,June,2,23.0661,72.599,Minor
ACC0710,Jammu and Kashmir,Srinagar,Sunny,Rural Road,Gravel,Daylight,Car,39,Male,No,40,01:02,Wednesday,August,0,34.0157,74.8047,Minor
ACC0711,Madhya Pradesh,Indore,Clear,Expressway,Dry,Daylight,Two-Wheeler,57,Female,Yes,40,05:54,Friday,October,2,22.6433,75.8958,Serious
ACC0712,Madhya Pradesh,Indore,Clear,Expressway,Dry,Daylight,Two-Wheeler,51,Female,Yes,50,06:09,Friday,October,2,22.6562,75.8934,Serious
ACC0713,Bihar,Patna,Heavy Rain,Expressway,Slippery,Daylight,Auto-Rickshaw,51,Male,No,90,20:22,Thursday,October,3,25.508,85.0984,Minor
ACC0714,Madhya Pradesh,Indore,Clear,National Highway,Gravel,Daylight,Two-Wheeler,36,Female,No,100,02:01,Monday,April,3,22.6645,75.8468,Fatal
ACC0715,Kerala,Thiruvananthapuram,Foggy,Rural Road,Wet,Twilight/Dusk,Auto-Rickshaw,38,Male,No,80,15:30,Wednesday,September,1,8.4626,76.8537,Minor
ACC0716,Rajasthan,Jaipur,Mist,National Highway,Wet,Daylight,Two-Wheeler,40,Male,No,60,05:42,Monday,March,2,26.8584,75.721,Fatal
ACC0717,Jammu and Kashmir,Srinagar,Sunny,Expressway,Slippery,Twilight/Dusk,LCV,52,Male,No,40,12:51,Thursday,April,1,34.0871,74.7591,Serious
ACC0718,Rajasthan,Jaipur,Foggy,City Road,Wet,Daylight,LCV,55,Male,No,70,05:48,Thursday,June,1,26.8445,75.8066,Serious
ACC0719,Maharashtra,Pune,Clear,State Highway,Gravel,Night - Street Lights On,Two-Wheeler,38,Female,No,40,21:10,Monday,March,0,18.5104,73.8722,Minor
ACC0720,Assam,Guwahati,Clear,State Highway,Slippery,Twilight/Dusk,Car,42,Male,No,80,14:43,Wednesday,January,1,26.0757,91.6842,Minor
ACC0721,Assam,Guwahati,Mist,Expressway,Wet,Night - Darkness,Two-Wheeler,54,Male,Yes,60,13:28,Friday,October,6,26.0797,91.7477,Serious
ACC0722,Tamil Nadu,Chennai,Clear,Expressway,Dry,Daylight,Car,41,Male,No,60,22:07,Saturday,July,2,13.1068,80.2822,Minor
ACC0723,Uttar Pradesh,Lucknow,Foggy,Rural Road,Wet,Twilight/Dusk,Heavy Truck,23,Male,No,80,05:39,Monday,December,3,26.8783,80.8928,Serious
ACC0724,Punjab,Ludhiana,Mist,National Highway,Wet,Night - Street Lights On,Auto-Rickshaw,59,Male,No,90,21:41,Friday,February,3,30.9124,75.8103,Minor
ACC0725,Uttar Pradesh,Kanpur,Clear,National Highway,Under Construction,Daylight,LCV,22,Male,No,100,19:44,Saturday,August,2,26.4674,80.3866,Minor
ACC0726,Odisha,Bhubaneswar,Clear,Rural Road,Dry,Night - Darkness,Heavy Truck,38,Male,No,40,05:34,Saturday,July,3,20.2731,85.7886,Serious
ACC0727,Uttar Pradesh,Kanpur,Sunny,National Highway,Slippery,Night - Darkness,Two-Wheeler,50,Male,Yes,40,08:48,Tuesday,February,6,26.5293,80.3402,Serious
ACC0728,Rajasthan,Jaipur,Mist,National Highway,Wet,Daylight,Two-Wheeler,41,Male,No,60,05:34,Monday,March,2,26.8846,75.7219,Serious
ACC0729,Gujarat,Surat,Sunny,National Highway,Wet,Night - Street Lights On,Two-Wheeler,40,Male,No,60,19:55,Friday,August,2,21.1987,72.8178,Serious
ACC0730,Punjab,Amritsar,Mist,Rural Road,Wet,Daylight,Car,22,Male,No,50,15:12,Saturday,March,0,31.6361,74.8259,Fatal
ACC0731,Gujarat,Surat,Sunny,National Highway,Wet,Night - Street Lights On,Two-Wheeler,40,Male,No,40,20:00,Friday,August,2,21.1857,72.7804,Serious
ACC0732,Punjab,Amritsar,Clear,National Highway,Wet,Night - Darkness,Bus,39,Male,Yes,70,13:26,Friday,September,6,31.6146,74.8444,Fatal
ACC0733,Tamil Nadu,Madurai,Sunny,City Road,Slippery,Daylight,Heavy Truck,61,Female,No,40,21:19,Sunday,February,1,9.9684,78.1777,Fatal
ACC0734,Kerala,Kochi,Clear,State Highway,Dry,Daylight,Heavy Truck,63,Female,No,50,10:49,Tuesday,September,1,9.9748,76.3074,Minor
ACC0735,Uttar Pradesh,Kanpur,Heavy Rain,Rural Road,Slippery,Daylight,LCV,45,Male,No,70,20:02,Thursday,November,1,26.4251,80.4084,Minor
ACC0736,Tamil Nadu,Madurai,Mist,Expressway,Wet,Daylight,Auto-Rickshaw,45,Male,No,80,01:22,Sunday,July,2,9.896,78.1509,Minor
ACC0737,Uttarakhand,Dehradun,Heavy Rain,City Road,Slippery,Daylight,Auto-Rickshaw,37,Female,No,100,04:22,Friday,January,1,30.271,78.0072,Minor
ACC0738,Punjab,Ludhiana,Mist,National Highway,Wet,Twilight/Dusk,Two-Wheeler,54,Male,No,70,13:54,Wednesday,November,1,30.8672,75.8405,Fatal
ACC0739,Gujarat,Ahmedabad,Foggy,Rural Road,Wet,Night - Darkness,Car,34,Male,Yes,60,11:55,Monday,December,6,23.0715,72.601,Minor
ACC0740,Gujarat,Ahmedabad,Clear,Rural Road,Under Construction,Twilight/Dusk,Car,28,Female,No,80,03:56,Tuesday,May,0,23.0146,72.5799,Minor
ACC0741,Telangana,Hyderabad,Clear,Rural Road,Gravel,Night - Darkness,Car,50,Male,No,90,20:49,Thursday,September,1,17.3633,78.5128,Serious
ACC0742,Maharashtra,Nagpur,Clear,Expressway,Under Construction,Night - Darkness,Two-Wheeler,45,Female,No,50,17:51,Monday,November,2,21.1758,79.1631,Serious
ACC0743,Karnataka,Mysuru,Mist,State Highway,Wet,Daylight,Heavy Truck,41,Male,No,60,13:51,Sunday,February,0,12.3765,76.6051,Serious
ACC0744,West Bengal,Kolkata,Clear,Rural Road,Dry,Twilight/Dusk,LCV,35,Female,No,60,03:21,Saturday,July,1,22.5244,88.4067,Minor
ACC0745,Maharashtra,Mumbai,Clear,Rural Road,Dry,Daylight,LCV,50,Female,No,80,18:23,Saturday,August,0,19.1567,72.9044,Minor
ACC0746,Punjab,Ludhiana,Heavy Rain,State Highway,Slippery,Daylight,Auto-Rickshaw,64,Male,No,60,09:44,Friday,April,0,30.8603,75.8884,Minor
ACC0747,Assam,Guwahati,Clear,State Highway,Dry,Daylight,Auto-Rickshaw,20,Male,No,100,09:51,Monday,January,1,26.1534,91.7416,Serious
ACC0748,Kerala,Thiruvananthapuram,Clear,Expressway,Gravel,Daylight,Bus,49,Male,No,80,17:11,Wednesday,January,1,8.5207,76.9378,Serious
ACC0749,Telangana,Hyderabad,Clear,State Highway,Dry,Daylight,Bus,47,Male,No,80,03:49,Wednesday,February,2,17.3924,78.4575,Minor
ACC0750,Maharashtra,Pune,Heavy Rain,National Highway,Slippery,Night - Darkness,LCV,26,Male,Yes,40,02:05,Wednesday,October,6,18.5997,73.8951,Serious
ACC0751,Maharashtra,Pune,Heavy Rain,National Highway,Slippery,Night - Darkness,LCV,26,Male,Yes,50,02:25,Wednesday,October,6,18.5979,73.9263,Minor
ACC0752,Uttar Pradesh,Lucknow,Heavy Rain,State Highway,Slippery,Twilight/Dusk,Heavy Truck,35,Male,No,60,12:33,Thursday,June,1,26.8646,80.9488,Minor
ACC0753,Tamil Nadu,Coimbatore,Clear,Rural Road,Under Construction,Twilight/Dusk,Bus,56,Male,No,80,01:58,Saturday,October,1,11.0459,76.954,Serious
ACC0754,Assam,Guwahati,Sunny,Rural Road,Dry,Night - Street Lights On,Auto-Rickshaw,57,Male,Yes,80,09:56,Sunday,July,1,26.1586,91.7912,Minor
ACC0755,Karnataka,Bengaluru,Clear,State Highway,Slippery,Night - Street Lights On,LCV,29,Male,No,80,22:43,Tuesday,February,2,12.8994,77.6604,Fatal
ACC0756,Rajasthan,Jaipur,Foggy,City Road,Wet,Daylight,LCV,52,Male,No,40,05:19,Thursday,June,1,26.8497,75.8031,Serious
ACC0757,Madhya Pradesh,Indore,Sunny,Expressway,Under Construction,Daylight,Two-Wheeler,39,Female,Yes,70,22:38,Monday,May,4,22.6815,75.8289,Serious
ACC0758,Jammu and Kashmir,Srinagar,Mist,Expressway,Wet,Night - Darkness,Two-Wheeler,26,Male,No,80,04:01,Thursday,January,3,34.139,74.7716,Minor
ACC0759,Gujarat,Ahmedabad,Foggy,Rural Road,Wet,Night - Darkness,Car,31,Male,Yes,50,11:35,Monday,December,6,23.059,72.6354,Fatal
ACC0760,Rajasthan,Jaipur,Mist,City Road,Wet,Night - Darkness,Car,39,Male,Yes,90,02:12,Friday,April,3,26.9742,75.7494,Minor
ACC0761,Bihar,Patna,Heavy Rain,Expressway,Slippery,Daylight,Auto-Rickshaw,52,Male,No,70,20:24,Thursday,October,3,25.5153,85.1069,Minor
ACC0762,Punjab,Amritsar,Mist,Rural Road,Wet,Daylight,Car,18,Male,No,70,14:50,Saturday,March,0,31.6617,74.8231,Minor
ACC0763,Assam,Guwahati,Clear,State Highway,Dry,Daylight,Auto-Rickshaw,25,Male,No,60,09:39,Monday,January,1,26.136,91.7595,Minor
ACC0764,Gujarat,Ahmedabad,Foggy,National Highway,Wet,Daylight,Heavy Truck,40,Female,No,70,18:03,Tuesday,June,2,23.0833,72.5993,Serious
ACC0765,Gujarat,Ahmedabad,Clear,City Road,Under Construction,Night - Street Lights On,Heavy Truck,40,Female,No,70,04:02,Tuesday,October,2,23.0778,72.5784,Minor
ACC0766,Kerala,Thiruvananthapuram,Foggy,National Highway,Wet,Twilight/Dusk,Bus,39,Male,No,80,02:39,Friday,April,6,8.473,76.871,Minor
ACC0767,Delhi,New Delhi,Heavy Rain,State Highway,Slippery,Night - Darkness,Heavy Truck,28,Female,No,50,18:48,Friday,May,3,28.6902,77.1835,Fatal
ACC0768,Punjab,Ludhiana,Foggy,Rural Road,Wet,Daylight,Bus,45,Male,No,50,21:24,Monday,November,3,30.8953,75.8413,Serious
ACC0769,Tamil Nadu,Chennai,Clear,Expressway,Dry,Daylight,Car,35,Male,No,90,22:06,Saturday,July,2,13.1042,80.2947,Minor
ACC0770,Uttar Pradesh,Varanasi,Mist,Expressway,Wet,Night - Darkness,Two-Wheeler,56,Female,No,80,12:30,Wednesday,April,4,25.3705,82.9403,Serious
ACC0771,Gujarat,Ahmedabad,Clear,National Highway,Gravel,Daylight,Heavy Truck,22,Male,No,60,11:22,Tuesday,August,3,23.0288,72.598,Serious
ACC0772,Punjab,Ludhiana,Heavy Rain,State Highway,Slippery,Daylight,Auto-Rickshaw,62,Male,No,90,09:31,Friday,April,0,30.844,75.8669,Minor
ACC0773,Uttar Pradesh,Kanpur,Clear,State Highway,Slippery,Daylight,LCV,54,Female,No,40,10:17,Thursday,April,1,26.4034,80.2889,Fatal
ACC0774,Maharashtra,Pune,Foggy,City Road,Wet,Night - Darkness,Two-Wheeler,18,Female,Yes,70,23:02,Friday,May,2,18.534,73.8854,Serious
ACC0775,Uttar Pradesh,Kanpur,Clear,National Highway,Slippery,Daylight,Two-Wheeler,40,Male,No,90,01:35,Monday,April,1,26.4954,80.4013,Serious
ACC0776,West Bengal,Kolkata,Clear,City Road,Slippery,Night - Street Lights On,Two-Wheeler,65,Male,No,120,22:14,Sunday,February,2,22.5933,88.4109,Minor
ACC0777,Gujarat,Surat,Mist,State Highway,Wet,Night - Darkness,Two-Wheeler,65,Male,No,50,18:32,Sunday,April,1,21.1549,72.7925,Serious
ACC0778,Tamil Nadu,Chennai,Clear,Rural Road,Gravel,Daylight,Car,21,Male,No,50,06:50,Monday,June,0,13.0318,80.2094,Minor
ACC0779,Jammu and Kashmir,Srinagar,Clear,Rural Road,Dry,Daylight,Two-Wheeler,37,Female,No,50,10:18,Thursday,October,0,34.0203,74.7494,Fatal
ACC0780,Delhi,New Delhi,Heavy Rain,National Highway,Slippery,Night - Street Lights On,Heavy Truck,41,Male,No,40,15:36,Sunday,February,4,28.6693,77.2892,Fatal
ACC0781,Madhya Pradesh,Indore,Foggy,National Highway,Wet,Night - Darkness,Heavy Truck,59,Male,No,120,12:38,Thursday,February,2,22.6774,75.8742,Serious
ACC0782,Uttar Pradesh,Kanpur,Clear,State Highway,Gravel,Daylight,Car,60,Female,No,100,10:32,Thursday,November,0,26.4661,80.2735,Minor
ACC0783,West Bengal,Kolkata,Clear,City Road,Slippery,Night - Street Lights On,Two-Wheeler,66,Male,No,120,22:47,Sunday,February,2,22.6033,88.3882,Fatal
ACC0784,Uttar Pradesh,Varanasi,Clear,City Road,Under Construction,Night - Street Lights On,LCV,33,Male,No,90,21:53,Tuesday,February,1,25.3102,82.9909,Minor
ACC0785,Rajasthan,Jaipur,Sunny,State Highway,Dry,Night - Darkness,Two-Wheeler,49,Male,Yes,120,18:26,Friday,July,3,26.9356,75.7939,Minor
ACC0786,Tamil Nadu,Chennai,Clear,Rural Road,Gravel,Daylight,Car,18,Male,No,100,07:10,Monday,June,0,13.0238,80.1848,Minor
ACC0787,Madhya Pradesh,Indore,Clear,State Highway,Slippery,Night - Street Lights On,Auto-Rickshaw,40,Male,No,80,05:58,Sunday,September,0,22.7191,75.8532,Serious
ACC0788,Madhya Pradesh,Indore,Clear,National Highway,Gravel,Daylight,Two-Wheeler,33,Female,No,40,01:59,Monday,April,3,22.6494,75.8656,Serious
ACC0789,Jammu and Kashmir,Srinagar,Clear,Rural Road,Dry,Daylight,Two-Wheeler,38,Female,No,60,10:31,Thursday,October,0,34.0243,74.7634,Minor
ACC0790,Karnataka,Bengaluru,Mist,Rural Road,Wet,Daylight,Bus,20,Male,No,80,15:54,Monday,September,0,12.9393,77.526,Serious
ACC0791,Maharashtra,Nagpur,Clear,Expressway,Wet,Daylight,Two-Wheeler,47,Male,No,50,11:08,Saturday,November,1,21.1185,79.0536,Minor
ACC0792,Kerala,Thiruvananthapuram,Clear,National Highway,Dry,Night - Darkness,Bus,24,Male,Yes,40,14:11,Thursday,March,4,8.4982,77.0026,Fatal
ACC0793,Madhya Pradesh,Bhopal,Heavy Rain,State Highway,Slippery,Night - Darkness,Two-Wheeler,65,Male,No,40,00:37,Saturday,November,2,23.2796,77.3741,Minor
ACC0794,Rajasthan,Jaipur,Sunny,State Highway,Dry,Night - Darkness,Two-Wheeler,44,Male,Yes,90,18:17,Friday,July,3,26.9389,75.7963,Fatal
ACC0795,Gujarat,Ahmedabad,Clear,State Highway,Dry,Night - Street Lights On,Two-Wheeler,53,Male,No,70,12:20,Saturday,December,2,23.0461,72.5315,Fatal
ACC0796,Tamil Nadu,Madurai,Mist,Expressway,Wet,Daylight,Auto-Rickshaw,48,Male,No,70,01:37,Sunday,July,2,9.8715,78.1693,Serious
ACC0797,Karnataka,Mysuru,Mist,City Road,Wet,Night - Street Lights On,Heavy Truck,66,Male,Yes,100,21:06,Wednesday,May,3,12.2271,76.5659,Minor
ACC0798,Haryana,Gurugram,Heavy Rain,State Highway,Slippery,Night - Darkness,LCV,42,Female,Yes,70,16:51,Saturday,June,2,28.4935,77.0695,Minor
ACC0799,Maharashtra,Nagpur,Sunny,State Highway,Gravel,Daylight,Two-Wheeler,32,Male,No,40,18:48,Wednesday,January,0,21.1382,79.085,Fatal
ACC0800,Uttar Pradesh,Varanasi,Clear,National Highway,Wet,Night - Street Lights On,Heavy Truck,30,Female,No,120,20:59,Tuesday,February,3,25.2877,83.0056,Minor
ACC0801,Tamil Nadu,Chennai,Sunny,City Road,Under Construction,Daylight,Auto-Rickshaw,25,Male,No,60,15:26,Thursday,December,2,13.0533,80.2427,Serious
ACC0802,Rajasthan,Udaipur,Heavy Rain,National Highway,Slippery,Twilight/Dusk,Bus,37,Female,No,90,02:38,Wednesday,February,6,24.5275,73.6636,Serious
ACC0803,West Bengal,Kolkata,Sunny,Expressway,Dry,Daylight,Car,33,Male,No,50,10:58,Sunday,July,1,22.636,88.3946,Serious
ACC0804,Maharashtra,Nagpur,Clear,Expressway,Wet,Daylight,Two-Wheeler,54,Male,No,100,11:29,Saturday,November,1,21.1217,79.0697,Minor
ACC0805,Kerala,Thiruvananthapuram,Clear,National Highway,Dry,Night - Darkness,Bus,26,Male,Yes,100,14:10,Thursday,March,4,8.5179,77.0087,Minor
ACC0806,Rajasthan,Jaipur,Clear,State Highway,Dry,Night - Street Lights On,Car,61,Male,No,60,13:36,Saturday,March,0,26.8572,75.7166,Minor
ACC0807,Maharashtra,Mumbai,Clear,National Highway,Under Construction,Daylight,Bus,34,Male,No,90,16:30,Wednesday,August,1,19.0613,72.8464,Fatal
ACC0808,Punjab,Ludhiana,Sunny,State Highway,Gravel,Daylight,Two-Wheeler,28,Male,No,50,00:25,Friday,October,1,30.9728,75.8887,Minor
ACC0809,Punjab,Amritsar,Clear,City Road,Wet,Night - Darkness,Auto-Rickshaw,47,Male,Yes,120,20:52,Wednesday,March,3,31.7076,74.8428,Minor
ACC0810,Bihar,Patna,Foggy,State Highway,Wet,Twilight/Dusk,Two-Wheeler,51,Male,Yes,40,13:03,Friday,April,3,25.5367,85.0988,Serious
ACC0811,Haryana,Gurugram,Heavy Rain,State Highway,Slippery,Night - Darkness,LCV,41,Female,Yes,60,17:26,Saturday,June,2,28.4866,77.0469,Minor
ACC0812,Delhi,New Delhi,Clear,Rural Road,Wet,Daylight,Heavy Truck,49,Male,No,40,12:44,Wednesday,September,0,28.5831,77.2759,Minor
ACC0813,Gujarat,Ahmedabad,Foggy,Rural Road,Wet,Night - Darkness,Car,31,Male,Yes,50,11:06,Monday,December,6,23.0708,72.596,Minor
ACC0814,Uttar Pradesh,Kanpur,Clear,National Highway,Under Construction,Daylight,LCV,19,Male,No,120,20:08,Saturday,August,2,26.4446,80.4011,Serious
ACC0815,Tamil Nadu,Coimbatore,Mist,Expressway,Wet,Twilight/Dusk,Car,45,Male,No,70,14:50,Monday,June,1,11.0268,76.9756,Minor
ACC0816,Tamil Nadu,Chennai,Sunny,City Road,Under Construction,Daylight,Auto-Rickshaw,28,Male,No,40,15:55,Thursday,December,2,13.0806,80.2611,Minor
ACC0817,Gujarat,Ahmedabad,Foggy,National Highway,Wet,Daylight,Heavy Truck,42,Female,No,60,18:01,Tuesday,June,2,23.0807,72.5712,Fatal
ACC0818,Delhi,New Delhi,Clear,Rural Road,Wet,Daylight,Heavy Truck,48,Male,No,40,12:38,Wednesday,September,0,28.6184,77.2922,Minor
ACC0819,Gujarat,Ahmedabad,Clear,State Highway,Dry,Night - Street Lights On,Two-Wheeler,55,Male,No,80,12:34,Saturday,December,2,23.0548,72.559,Minor
ACC0820,Jammu and Kashmir,Srinagar,Clear,National Highway,Slippery,Daylight,Bus,26,Male,No,100,17:25,Saturday,February,2,34.0738,74.7376,Minor
ACC0821,Rajasthan,Jaipur,Clear,State Highway,Gravel,Night - Street Lights On,Two-Wheeler,23,Female,No,60,04:28,Sunday,March,0,26.8723,75.8616,Minor
ACC0822,West Bengal,Kolkata,Foggy,National Highway,Wet,Night - Darkness,Bus,60,Male,Yes,40,21:32,Sunday,October,6,22.5804,88.3509,Minor
ACC0823,Maharashtra,Mumbai,Foggy,National Highway,Wet,Night - Darkness,Auto-Rickshaw,57,Male,No,120,07:17,Saturday,December,2,19.0127,72.9545,Serious
ACC0824,Rajasthan,Jaipur,Mist,City Road,Wet,Night - Darkness,Car,36,Male,Yes,40,02:14,Friday,April,3,26.9868,75.7452,Fatal
ACC0825,West Bengal,Kolkata,Sunny,Expressway,Dry,Daylight,Car,32,Male,No,80,11:20,Sunday,July,1,22.6065,88.3768,Minor
ACC0826,Karnataka,Mysuru,Clear,Rural Road,Slippery,Daylight,Two-Wheeler,35,Male,Yes,40,21:07,Tuesday,April,1,12.2704,76.624,Minor
ACC0827,Tamil Nadu,Chennai,Clear,Rural Road,Gravel,Daylight,Car,19,Male,No,50,07:09,Monday,June,0,13.0436,80.188,Minor
ACC0828,Maharashtra,Mumbai,Foggy,Expressway,Wet,Twilight/Dusk,LCV,18,Male,No,50,13:27,Tuesday,August,1,19.03,72.8111,Serious
ACC0829,Assam,Guwahati,Clear,Rural Road,Dry,Night - Darkness,Two-Wheeler,52,Male,Yes,100,22:53,Wednesday,June,2,26.1555,91.6785,Serious
ACC0830,Punjab,Amritsar,Foggy,National Highway,Wet,Night - Darkness,Car,30,Male,Yes,120,22:08,Saturday,December,3,31.6953,74.8643,Minor
ACC0831,Maharashtra,Nagpur,Clear,Expressway,Under Construction,Night - Darkness,Two-Wheeler,41,Female,No,70,17:48,Monday,November,2,21.1697,79.1616,Fatal
ACC0832,Rajasthan,Jaipur,Clear,City Road,Wet,Daylight,Two-Wheeler,49,Male,No,90,20:50,Monday,January,1,26.9839,75.8165,Minor
ACC0833,Tamil Nadu,Chennai,Clear,Rural Road,Gravel,Daylight,Car,18,Male,No,60,07:00,Monday,June,0,13.0319,80.2136,Minor
ACC0834,Telangana,Hyderabad,Foggy,National Highway,Wet,Daylight,Bus,22,Male,No,100,12:40,Monday,May,3,17.4332,78.5568,Serious
ACC0835,Karnataka,Mysuru,Mist,State Highway,Wet,Daylight,Heavy Truck,40,Male,No,60,14:32,Sunday,February,0,12.3634,76.6089,Minor
ACC0836,Gujarat,Ahmedabad,Clear,National Highway,Gravel,Daylight,Heavy Truck,26,Male,No,90,11:26,Tuesday,August,3,23.0594,72.5952,Minor
ACC0837,Tamil Nadu,Chennai,Clear,Expressway,Dry,Daylight,Car,33,Male,No,70,22:22,Saturday,July,2,13.0859,80.2847,Fatal
ACC0838,Maharashtra,Mumbai,Clear,National Highway,Under Construction,Daylight,Bus,33,Male,No,40,16:55,Wednesday,August,1,19.0714,72.8356,Fatal
ACC0839,Kerala,Thiruvananthapuram,Clear,Expressway,Gravel,Daylight,Bus,42,Male,No,50,16:41,Wednesday,January,1,8.5203,76.9116,Minor
ACC0840,Gujarat,Surat,Clear,State Highway,Slippery,Night - Darkness,LCV,30,Male,Yes,70,17:41,Tuesday,September,3,21.168,72.885,Fatal
ACC0841,Uttarakhand,Dehradun,Heavy Rain,City Road,Slippery,Daylight,Auto-Rickshaw,42,Female,No,40,04:29,Friday,January,1,30.289,77.9893,Minor
ACC0842,Gujarat,Surat,Clear,National Highway,Under Construction,Night - Darkness,Two-Wheeler,45,Male,No,100,10:24,Wednesday,May,2,21.1331,72.8656,Minor
ACC0843,Uttar Pradesh,Kanpur,Heavy Rain,Rural Road,Slippery,Daylight,LCV,40,Male,No,60,20:08,Thursday,November,1,26.4044,80.4133,Minor
ACC0844,Gujarat,Surat,Clear,State Highway,Slippery,Night - Darkness,LCV,25,Male,Yes,70,17:42,Tuesday,September,3,21.1813,72.8939,Minor
ACC0845,West Bengal,Kolkata,Sunny,City Road,Gravel,Twilight/Dusk,Auto-Rickshaw,51,Female,No,120,15:46,Wednesday,April,2,22.6382,88.38,Minor
ACC0846,Rajasthan,Udaipur,Heavy Rain,Rural Road,Slippery,Night - Darkness,Heavy Truck,52,Male,No,60,23:21,Sunday,July,2,24.56,73.659,Minor
ACC0847,Assam,Guwahati,Clear,State Highway,Dry,Daylight,Auto-Rickshaw,23,Male,No,50,09:27,Monday,January,1,26.1399,91.7537,Serious
ACC0848,Delhi,New Delhi,Clear,National Highway,Dry,Twilight/Dusk,LCV,22,Male,Yes,60,11:02,Thursday,October,2,28.5964,77.2576,Fatal
ACC0849,Haryana,Gurugram,Clear,State Highway,Slippery,Night - Darkness,Two-Wheeler,18,Male,No,90,17:42,Monday,April,0,28.3719,76.9701,Fatal
ACC0850,Uttar Pradesh,Kanpur,Heavy Rain,Rural Road,Slippery,Twilight/Dusk,Car,50,Male,No,100,11:54,Sunday,October,1,26.5041,80.3763,Minor
ACC0851,West Bengal,Kolkata,Clear,Rural Road,Dry,Twilight/Dusk,LCV,32,Female,No,80,03:01,Saturday,July,1,22.511,88.3927,Fatal
ACC0852,West Bengal,Kolkata,Foggy,Expressway,Wet,Night - Street Lights On,Bus,29,Female,No,120,17:55,Friday,September,6,22.5465,88.3657,Fatal
ACC0853,Rajasthan,Udaipur,Mist,City Road,Wet,Daylight,LCV,33,Male,No,50,06:47,Wednesday,June,1,24.5864,73.6397,Fatal
ACC0854,Maharashtra,Nagpur,Clear,State Highway,Dry,Daylight,Bus,65,Male,No,100,19:13,Friday,July,1,21.1782,79.0663,Minor
ACC0855,Gujarat,Ahmedabad,Clear,Rural Road,Under Construction,Twilight/Dusk,Car,27,Female,No,40,03:08,Tuesday,May,0,23.0124,72.5635,Minor
ACC0856,Uttarakhand,Dehradun,Heavy Rain,City Road,Slippery,Daylight,Auto-Rickshaw,37,Female,No,70,04:51,Friday,January,1,30.2877,77.9881,Minor
ACC0857,Assam,Guwahati,Sunny,Rural Road,Dry,Night - Street Lights On,Auto-Rickshaw,57,Male,Yes,50,09:43,Sunday,July,1,26.1815,91.7773,Serious
ACC0858,Karnataka,Bengaluru,Sunny,Expressway,Under Construction,Night - Darkness,LCV,58,Male,Yes,120,04:54,Saturday,October,6,13.0496,77.5709,Minor
ACC0859,Madhya Pradesh,Indore,Clear,State Highway,Slippery,Night - Street Lights On,Auto-Rickshaw,43,Male,No,40,05:44,Sunday,September,0,22.7324,75.8536,Serious
ACC0860,Rajasthan,Jaipur,Foggy,National Highway,Wet,Night - Darkness,LCV,18,Female,No,70,12:07,Monday,June,1,26.9051,75.882,Serious
ACC0861,Kerala,Kochi,Sunny,State Highway,Slippery,Night - Darkness,Bus,37,Male,No,40,03:46,Saturday,August,2,9.999,76.2646,Minor
ACC0862,Uttar Pradesh,Varanasi,Foggy,Rural Road,Wet,Daylight,LCV,39,Female,No,40,18:43,Friday,March,1,25.3342,82.9659,Minor
ACC0863,Kerala,Thiruvananthapuram,Clear,City Road,Wet,Night - Street Lights On,Heavy Truck,33,Male,No,100,18:16,Saturday,March,0,8.6207,76.9485,Minor
ACC0864,Uttar Pradesh,Kanpur,Clear,National Highway,Slippery,Daylight,Two-Wheeler,38,Male,No,70,01:22,Monday,April,1,26.5067,80.3936,Minor
ACC0865,Uttar Pradesh,Kanpur,Clear,State Highway,Slippery,Daylight,LCV,52,Female,No,80,10:41,Thursday,April,1,26.4367,80.2802,Minor
ACC0866,Uttarakhand,Dehradun,Clear,Rural Road,Slippery,Night - Darkness,Two-Wheeler,37,Male,No,120,17:26,Saturday,September,2,30.363,78.0979,Fatal
ACC0867,Assam,Guwahati,Clear,State Highway,Dry,Daylight,Auto-Rickshaw,20,Male,No,40,10:24,Monday,January,1,26.1589,91.7619,Fatal
ACC0868,Telangana,Hyderabad,Clear,Rural Road,Gravel,Night - Darkness,Car,50,Male,No,60,20:08,Thursday,September,1,17.3725,78.5052,Serious
ACC0869,Kerala,Thiruvananthapuram,Heavy Rain,National Highway,Slippery,Night - Darkness,Auto-Rickshaw,34,Male,No,40,07:53,Wednesday,February,4,8.5469,76.9878,Serious
ACC0870,Madhya Pradesh,Bhopal,Clear,State Highway,Slippery,Daylight,Car,50,Male,No,100,08:30,Monday,January,2,23.187,77.3952,Minor
ACC0871,Uttar Pradesh,Varanasi,Clear,State Highway,Dry,Daylight,Two-Wheeler,61,Male,No,60,02:34,Wednesday,June,2,25.2621,83.0394,Minor
ACC0872,Uttar Pradesh,Lucknow,Heavy Rain,State Highway,Slippery,Twilight/Dusk,Heavy Truck,38,Male,No,100,13:24,Thursday,June,1,26.8742,80.9471,Serious
ACC0873,Gujarat,Surat,Clear,National Highway,Under Construction,Night - Darkness,Two-Wheeler,41,Male,No,80,10:55,Wednesday,May,2,21.1359,72.8899,Minor
ACC0874,Kerala,Thiruvananthapuram,Clear,City Road,Wet,Night - Street Lights On,Auto-Rickshaw,59,Male,No,70,12:08,Saturday,December,1,8.5863,77.027,Minor
ACC0875,Bihar,Patna,Heavy Rain,Rural Road,Slippery,Daylight,Heavy Truck,36,Male,No,50,12:26,Wednesday,December,3,25.6323,85.1443,Minor
ACC0876,Madhya Pradesh,Indore,Sunny,Expressway,Under Construction,Daylight,Two-Wheeler,36,Female,Yes,70,23:12,Monday,May,4,22.659,75.8029,Serious
ACC0877,West Bengal,Kolkata,Foggy,State Highway,Wet,Daylight,Two-Wheeler,33,Male,No,80,00:50,Friday,July,1,22.5648,88.4534,Minor
ACC0878,Gujarat,Ahmedabad,Heavy Rain,Rural Road,Slippery,Daylight,Two-Wheeler,57,Male,No,100,05:44,Thursday,August,0,22.9868,72.6221,Minor
ACC0879,Tamil Nadu,Madurai,Mist,Expressway,Wet,Daylight,Auto-Rickshaw,46,Male,No,60,01:18,Sunday,July,2,9.9014,78.1606,Minor
ACC0880,Madhya Pradesh,Indore,Foggy,National Highway,Wet,Night - Darkness,Heavy Truck,60,Male,No,80,12:38,Thursday,February,2,22.6558,75.8814,Fatal
ACC0881,Gujarat,Surat,Sunny,National Highway,Wet,Night - Street Lights On,Two-Wheeler,42,Male,No,50,20:29,Friday,August,2,21.1867,72.7921,Fatal
ACC0882,Maharashtra,Pune,Foggy,City Road,Wet,Night - Darkness,Two-Wheeler,18,Female,Yes,90,23:12,Friday,May,2,18.5505,73.8889,Minor
ACC0883,Kerala,Kochi,Clear,City Road,Wet,Night - Street Lights On,Heavy Truck,36,Male,No,120,21:53,Monday,January,0,9.8709,76.2476,Serious
ACC0884,Uttar Pradesh,Kanpur,Clear,State Highway,Slippery,Daylight,LCV,58,Female,No,50,10:35,Thursday,April,1,26.4259,80.2961,Fatal
ACC0885,Uttar Pradesh,Varanasi,Foggy,Rural Road,Wet,Daylight,LCV,37,Female,No,70,18:57,Friday,March,1,25.3053,82.9802,Minor
ACC0886,Gujarat,Ahmedabad,Clear,Rural Road,Under Construction,Twilight/Dusk,Car,30,Female,No,90,03:21,Tuesday,May,0,23.0015,72.5547,Serious
ACC0887,Rajasthan,Jaipur,Sunny,State Highway,Gravel,Daylight,Two-Wheeler,18,Male,No,70,07:39,Monday,July,1,26.8636,75.7969,Minor
ACC0888,Tamil Nadu,Coimbatore,Clear,National Highway,Wet,Night - Darkness,Car,50,Male,No,70,17:48,Wednesday,November,2,11.09,76.9482,Fatal
ACC0889,West Bengal,Kolkata,Foggy,Expressway,Wet,Night - Street Lights On,Bus,30,Female,No,100,18:21,Friday,September,6,22.5546,88.3799,Minor
ACC0890,Haryana,Gurugram,Clear,State Highway,Slippery,Night - Darkness,Two-Wheeler,18,Male,No,60,17:45,Monday,April,0,28.3963,76.9776,Minor
ACC0891,Uttar Pradesh,Varanasi,Clear,National Highway,Wet,Night - Street Lights On,Heavy Truck,22,Female,No,50,21:08,Tuesday,February,3,25.2992,82.9969,Serious
ACC0892,Tamil Nadu,Madurai,Foggy,State Highway,Wet,Night - Darkness,LCV,49,Male,No,50,02:56,Thursday,September,3,9.916,78.1267,Minor
ACC0893,Rajasthan,Jaipur,Clear,State Highway,Slippery,Daylight,Car,26,Male,No,50,19:13,Tuesday,March,1,26.8594,75.7373,Fatal
ACC0894,Rajasthan,Jaipur,Clear,State Highway,Slippery,Daylight,Car,21,Male,No,80,18:58,Tuesday,March,1,26.8569,75.728,Minor
ACC0895,Tamil Nadu,Coimbatore,Sunny,Rural Road,Gravel,Daylight,Two-Wheeler,26,Male,No,80,20:46,Wednesday,August,2,11.0099,76.9786,Minor
ACC0896,Punjab,Ludhiana,Mist,National Highway,Wet,Twilight/Dusk,Two-Wheeler,50,Male,No,80,13:40,Wednesday,November,1,30.8374,75.8226,Fatal
ACC0897,Karnataka,Bengaluru,Sunny,Expressway,Under Construction,Night - Darkness,LCV,55,Male,Yes,80,05:02,Saturday,October,6,13.0333,77.5988,Minor
ACC0898,Uttar Pradesh,Kanpur,Clear,State Highway,Gravel,Daylight,Car,60,Female,No,120,09:50,Thursday,November,0,26.4764,80.2602,Serious
ACC0899,Tamil Nadu,Madurai,Mist,Expressway,Wet,Daylight,Auto-Rickshaw,47,Male,No,90,00:54,Sunday,July,2,9.8933,78.1374,Minor
ACC0900,Uttar Pradesh,Kanpur,Clear,National Highway,Under Construction,Daylight,LCV,18,Male,No,50,19:37,Saturday,August,2,26.4615,80.3735,Serious
ACC0901,Madhya Pradesh,Indore,Clear,State Highway,Dry,Twilight/Dusk,Two-Wheeler,53,Female,No,100,13:05,Monday,February,1,22.791,75.7793,Fatal
ACC0902,Tamil Nadu,Coimbatore,Clear,Rural Road,Wet,Daylight,Heavy Truck,31,Male,No,80,19:14,Monday,September,2,10.9875,76.9832,Minor
ACC0903,Bihar,Patna,Heavy Rain,Rural Road,Slippery,Daylight,Heavy Truck,36,Male,No,40,12:32,Wednesday,December,3,25.6638,85.1126,Serious
ACC0904,Maharashtra,Mumbai,Clear,National Highway,Under Construction,Daylight,Bus,33,Male,No,100,16:37,Wednesday,August,1,19.0836,72.851,Minor
ACC0905,Uttar Pradesh,Lucknow,Clear,National Highway,Under Construction,Night - Darkness,Two-Wheeler,34,Male,Yes,40,01:22,Friday,November,2,26.9288,80.9734,Fatal
ACC0906,Rajasthan,Jaipur,Foggy,City Road,Wet,Daylight,LCV,59,Male,No,120,05:36,Thursday,June,1,26.8493,75.805,Minor
ACC0907,Kerala,Thiruvananthapuram,Clear,National Highway,Dry,Night - Darkness,Bus,24,Male,Yes,60,14:25,Thursday,March,4,8.52,77.0034,Fatal
ACC0908,Gujarat,Surat,Sunny,National Highway,Dry,Night - Street Lights On,Car,39,Male,Yes,100,11:58,Friday,September,4,21.2067,72.8425,Fatal
ACC0909,Maharashtra,Pune,Heavy Rain,National Highway,Slippery,Night - Darkness,LCV,24,Male,Yes,120,01:57,Wednesday,October,6,18.6171,73.9205,Serious
ACC0910,Gujarat,Surat,Mist,City Road,Wet,Twilight/Dusk,Bus,66,Female,No,60,11:56,Sunday,September,1,21.1088,72.8198,Minor
ACC0911,Tamil Nadu,Coimbatore,Sunny,City Road,Dry,Night - Street Lights On,Car,24,Male,No,120,16:03,Sunday,September,1,11.0802,76.8961,Minor
ACC0912,Assam,Guwahati,Clear,State Highway,Slippery,Twilight/Dusk,Car,44,Male,No,40,14:29,Wednesday,January,1,26.0657,91.6829,Serious
ACC0913,Tamil Nadu,Coimbatore,Foggy,National Highway,Wet,Night - Street Lights On,Heavy Truck,63,Female,Yes,70,09:21,Thursday,April,2,11.0142,76.9262,Minor
ACC0914,Uttar Pradesh,Lucknow,Heavy Rain,State Highway,Slippery,Twilight/Dusk,Heavy Truck,34,Male,No,120,13:03,Thursday,June,1,26.8738,80.9301,Minor
ACC0915,Uttar Pradesh,Kanpur,Heavy Rain,Rural Road,Slippery,Daylight,LCV,47,Male,No,90,19:35,Thursday,November,1,26.4078,80.4255,Minor
ACC0916,Kerala,Thiruvananthapuram,Clear,City Road,Wet,Night - Street Lights On,Heavy Truck,32,Male,No,40,17:35,Saturday,March,0,8.5958,76.9545,Minor
ACC0917,Uttar Pradesh,Kanpur,Clear,National Highway,Under Construction,Daylight,LCV,18,Male,No,40,20:16,Saturday,August,2,26.4666,80.3964,Minor
ACC0918,Bihar,Patna,Foggy,State Highway,Wet,Twilight/Dusk,Two-Wheeler,51,Male,Yes,60,13:22,Friday,April,3,25.5567,85.1077,Serious
ACC0919,Bihar,Patna,Heavy Rain,Rural Road,Slippery,Daylight,Heavy Truck,42,Male,No,60,12:07,Wednesday,December,3,25.6589,85.1438,Minor
ACC0920,Tamil Nadu,Coimbatore,Sunny,City Road,Dry,Night - Street Lights On,Car,23,Male,No,50,16:54,Sunday,September,1,11.057,76.8854,Fatal
ACC0921,Delhi,New Delhi,Clear,Expressway,Wet,Daylight,Two-Wheeler,21,Female,No,70,01:46,Monday,December,1,28.682,77.2149,Fatal
ACC0922,Gujarat,Ahmedabad,Clear,City Road,Under Construction,Night - Street Lights On,Heavy Truck,41,Female,No,40,04:21,Tuesday,October,2,23.0864,72.593,Fatal
ACC0923,Kerala,Thiruvananthapuram,Clear,City Road,Wet,Night - Street Lights On,Auto-Rickshaw,56,Male,No,60,11:57,Saturday,December,1,8.6006,77.0292,Serious
ACC0924,West Bengal,Kolkata,Clear,City Road,Slippery,Night - Street Lights On,Two-Wheeler,60,Male,No,70,22:21,Sunday,February,2,22.6075,88.3873,Fatal
ACC0925,Assam,Guwahati,Heavy Rain,National Highway,Slippery,Night - Darkness,Heavy Truck,47,Male,No,60,22:00,Thursday,March,3,26.1374,91.6578,Minor
ACC0926,Uttar Pradesh,Varanasi,Clear,State Highway,Dry,Daylight,Two-Wheeler,59,Male,No,80,02:26,Wednesday,June,2,25.2635,83.0244,Minor
ACC0927,Assam,Guwahati,Clear,State Highway,Dry,Daylight,Auto-Rickshaw,28,Male,No,90,09:59,Monday,January,1,26.1643,91.7712,Minor
ACC0928,Madhya Pradesh,Bhopal,Heavy Rain,State Highway,Slippery,Night - Darkness,Two-Wheeler,65,Male,No,60,01:04,Saturday,November,2,23.3102,77.3695,Minor
ACC0929,Assam,Guwahati,Sunny,Rural Road,Dry,Night - Street Lights On,Auto-Rickshaw,59,Male,Yes,80,10:03,Sunday,July,1,26.1826,91.7763,Serious
ACC0930,Maharashtra,Mumbai,Foggy,Expressway,Wet,Twilight/Dusk,LCV,18,Male,No,60,13:31,Tuesday,August,1,19.0244,72.8247,Minor
ACC0931,West Bengal,Kolkata,Foggy,Expressway,Wet,Night - Street Lights On,Bus,31,Female,No,40,18:24,Friday,September,6,22.5851,88.364,Serious
ACC0932,Rajasthan,Jaipur,Foggy,City Road,Wet,Daylight,LCV,56,Male,No,50,05:50,Thursday,June,1,26.8603,75.8212,Minor
ACC0933,Maharashtra,Nagpur,Clear,Expressway,Wet,Daylight,Two-Wheeler,47,Male,No,40,11:03,Saturday,November,1,21.1385,79.0769,Minor
ACC0934,Tamil Nadu,Madurai,Mist,State Highway,Wet,Daylight,Heavy Truck,50,Female,No,50,02:42,Thursday,May,0,9.8794,78.1277,Fatal
ACC0935,Odisha,Bhubaneswar,Clear,Rural Road,Dry,Night - Darkness,Heavy Truck,37,Male,No,120,05:55,Saturday,July,3,20.2625,85.8127,Serious
ACC0936,Maharashtra,Nagpur,Clear,Expressway,Under Construction,Night - Darkness,Two-Wheeler,43,Female,No,40,17:44,Monday,November,2,21.1876,79.1531,Minor
ACC0937,Maharashtra,Mumbai,Foggy,National Highway,Wet,Night - Darkness,Auto-Rickshaw,58,Male,No,80,07:03,Saturday,December,2,18.9953,72.975,Serious
ACC0938,Tamil Nadu,Madurai,Foggy,State Highway,Wet,Daylight,LCV,26,Male,No,120,14:59,Wednesday,March,0,9.8814,78.2061,Fatal
ACC0939,Madhya Pradesh,Indore,Clear,State Highway,Dry,Twilight/Dusk,Two-Wheeler,57,Female,No,80,13:20,Monday,February,1,22.7918,75.7883,Minor
ACC0940,Tamil Nadu,Coimbatore,Clear,Expressway,Dry,Daylight,Heavy Truck,46,Female,No,100,07:24,Wednesday,March,2,11.1104,76.9537,Minor
ACC0941,Gujarat,Surat,Mist,National Highway,Wet,Daylight,Bus,41,Female,No,90,17:04,Thursday,February,2,21.1375,72.7902,Serious
ACC0942,Kerala,Thiruvananthapuram,Heavy Rain,City Road,Slippery,Night - Street Lights On,Two-Wheeler,45,Male,Yes,50,16:42,Thursday,November,1,8.5126,76.9776,Serious
ACC0943,Tamil Nadu,Chennai,Clear,Expressway,Dry,Daylight,Car,39,Male,No,50,22:11,Saturday,July,2,13.0704,80.2978,Fatal
ACC0944,Karnataka,Bengaluru,Clear,National Highway,Wet,Night - Darkness,Two-Wheeler,23,Male,No,100,11:57,Saturday,December,6,12.9958,77.5235,Minor
ACC0945,Kerala,Kochi,Foggy,State Highway,Wet,Daylight,Car,52,Female,No,80,01:04,Saturday,June,1,9.9246,76.3448,Fatal
ACC0946,Maharashtra,Mumbai,Clear,Expressway,Under Construction,Night - Darkness,Auto-Rickshaw,54,Male,Yes,40,16:43,Sunday,June,6,19.0317,72.8164,Serious
ACC0947,Uttar Pradesh,Kanpur,Clear,State Highway,Slippery,Daylight,LCV,58,Female,No,80,09:59,Thursday,April,1,26.436,80.2985,Serious
ACC0948,Madhya Pradesh,Bhopal,Clear,State Highway,Slippery,Daylight,Car,48,Male,No,60,08:11,Monday,January,2,23.2181,77.4187,Serious
ACC0949,Haryana,Gurugram,Foggy,National Highway,Wet,Night - Street Lights On,Car,58,Female,Yes,40,22:28,Friday,March,5,28.4587,77.0577,Minor
ACC0950,Tamil Nadu,Coimbatore,Clear,Rural Road,Wet,Daylight,Heavy Truck,34,Male,No,100,19:24,Monday,September,2,10.971,77.0062,Minor
ACC0951,Punjab,Amritsar,Clear,City Road,Wet,Twilight/Dusk,Heavy Truck,21,Male,No,90,18:28,Thursday,March,1,31.6979,74.9295,Minor
ACC0952,Jammu and Kashmir,Srinagar,Clear,Rural Road,Dry,Daylight,Two-Wheeler,37,Female,No,70,10:34,Thursday,October,0,34.0553,74.7514,Serious
ACC0953,Telangana,Hyderabad,Clear,State Highway,Dry,Daylight,Bus,50,Male,No,50,04:14,Wednesday,February,2,17.3914,78.477,Minor
ACC0954,Gujarat,Surat,Mist,National Highway,Wet,Daylight,Bus,48,Female,No,80,17:09,Thursday,February,2,21.1553,72.8154,Minor
ACC0955,Punjab,Amritsar,Foggy,National Highway,Wet,Night - Darkness,Car,33,Male,Yes,80,21:43,Saturday,December,3,31.686,74.8785,Minor
ACC0956,Maharashtra,Pune,Clear,National Highway,Dry,Night - Darkness,Car,62,Male,Yes,90,00:10,Friday,August,4,18.5392,73.9216,Serious
ACC0957,Haryana,Gurugram,Clear,Rural Road,Dry,Night - Street Lights On,Auto-Rickshaw,43,Male,Yes,80,19:51,Monday,December,1,28.5088,77.0861,Minor
ACC0958,Jammu and Kashmir,Srinagar,Sunny,Rural Road,Gravel,Daylight,Car,41,Male,No,60,00:53,Wednesday,August,0,34.0118,74.8312,Serious
ACC0959,Rajasthan,Jaipur,Clear,State Highway,Gravel,Night - Street Lights On,Two-Wheeler,22,Female,No,120,05:00,Sunday,March,0,26.8533,75.8789,Minor
ACC0960,Maharashtra,Mumbai,Clear,Rural Road,Dry,Daylight,LCV,55,Female,No,40,18:29,Saturday,August,0,19.1594,72.9048,Serious
ACC0961,Tamil Nadu,Coimbatore,Clear,Rural Road,Under Construction,Twilight/Dusk,Bus,52,Male,No,100,01:55,Saturday,October,1,11.0502,76.9575,Minor
ACC0962,Uttar Pradesh,Lucknow,Foggy,Rural Road,Wet,Twilight/Dusk,Heavy Truck,20,Male,No,80,05:11,Monday,December,3,26.9022,80.8974,Minor
ACC0963,Punjab,Ludhiana,Mist,National Highway,Wet,Twilight/Dusk,Two-Wheeler,50,Male,No,50,14:32,Wednesday,November,1,30.8463,75.8414,Minor
ACC0964,Karnataka,Bengaluru,Clear,State Highway,Slippery,Night - Street Lights On,LCV,27,Male,No,100,21:51,Tuesday,February,2,12.8942,77.6586,Serious
ACC0965,Gujarat,Ahmedabad,Clear,State Highway,Dry,Night - Street Lights On,Two-Wheeler,53,Male,No,100,12:00,Saturday,December,2,23.0594,72.5405,Minor
ACC0966,Karnataka,Mysuru,Mist,State Highway,Wet,Daylight,Heavy Truck,44,Male,No,100,13:56,Sunday,February,0,12.3588,76.5878,Fatal
ACC0967,Assam,Guwahati,Clear,State Highway,Slippery,Twilight/Dusk,Car,44,Male,No,60,15:04,Wednesday,January,1,26.077,91.674,Serious
ACC0968,Punjab,Amritsar,Clear,City Road,Wet,Twilight/Dusk,Heavy Truck,21,Male,No,100,18:13,Thursday,March,1,31.6813,74.9354,Serious
ACC0969,Madhya Pradesh,Bhopal,Clear,State Highway,Slippery,Daylight,Car,48,Male,No,50,07:48,Monday,January,2,23.2209,77.4182,Serious
ACC0970,Madhya Pradesh,Bhopal,Clear,State Highway,Slippery,Daylight,Car,52,Male,No,80,08:27,Monday,January,2,23.1875,77.3967,Minor
ACC0971,West Bengal,Kolkata,Foggy,Expressway,Wet,Night - Street Lights On,Bus,30,Female,No,120,18:30,Friday,September,6,22.5818,88.375,Minor
ACC0972,Karnataka,Mysuru,Mist,City Road,Wet,Night - Street Lights On,Heavy Truck,63,Male,Yes,70,20:50,Wednesday,May,3,12.2217,76.5836,Fatal
ACC0973,Odisha,Bhubaneswar,Clear,Rural Road,Dry,Night - Darkness,Heavy Truck,31,Male,No,50,05:30,Saturday,July,3,20.2708,85.7998,Minor
ACC0974,Madhya Pradesh,Indore,Sunny,Expressway,Under Construction,Daylight,Two-Wheeler,36,Female,Yes,70,22:57,Monday,May,4,22.689,75.8105,Fatal
ACC0975,Haryana,Gurugram,Clear,State Highway,Slippery,Night - Darkness,Two-Wheeler,18,Male,No,90,17:53,Monday,April,0,28.3941,76.9973,Serious
ACC0976,Punjab,Ludhiana,Mist,National Highway,Wet,Twilight/Dusk,Two-Wheeler,51,Male,No,100,13:57,Wednesday,November,1,30.8588,75.8381,Fatal
ACC0977,Uttar Pradesh,Varanasi,Clear,Rural Road,Dry,Daylight,Car,46,Male,No,70,18:23,Friday,October,2,25.3643,82.9408,Serious
ACC0978,Punjab,Ludhiana,Foggy,Rural Road,Wet,Daylight,Bus,39,Male,No,40,21:43,Monday,November,3,30.8731,75.8638,Minor
ACC0979,West Bengal,Kolkata,Clear,City Road,Slippery,Night - Street Lights On,Two-Wheeler,60,Male,No,90,22:36,Sunday,February,2,22.6103,88.3866,Serious
ACC0980,Gujarat,Surat,Sunny,National Highway,Slippery,Daylight,Auto-Rickshaw,51,Male,No,120,09:33,Monday,July,2,21.1159,72.8213,Minor
ACC0981,Gujarat,Ahmedabad,Foggy,Rural Road,Wet,Night - Darkness,Car,29,Male,Yes,80,12:00,Monday,December,6,23.074,72.6234,Minor
ACC0982,Rajasthan,Udaipur,Heavy Rain,National Highway,Slippery,Twilight/Dusk,Bus,31,Female,No,80,03:02,Wednesday,February,6,24.5426,73.6693,Minor
ACC0983,Bihar,Patna,Heavy Rain,Expressway,Slippery,Daylight,Auto-Rickshaw,54,Male,No,60,19:40,Thursday,October,3,25.5355,85.1121,Serious
ACC0984,Maharashtra,Pune,Clear,State Highway,Gravel,Night - Street Lights On,Two-Wheeler,44,Female,No,70,21:30,Monday,March,0,18.5161,73.8741,Minor
ACC0985,Haryana,Gurugram,Clear,Rural Road,Dry,Night - Street Lights On,Auto-Rickshaw,41,Male,Yes,80,20:12,Monday,December,1,28.5122,77.0844,Minor
ACC0986,Odisha,Bhubaneswar,Clear,National Highway,Slippery,Night - Street Lights On,Two-Wheeler,56,Male,Yes,60,01:00,Thursday,March,3,20.2337,85.787,Minor
ACC0987,Gujarat,Ahmedabad,Foggy,Rural Road,Wet,Night - Darkness,Car,32,Male,Yes,40,12:05,Monday,December,6,23.0765,72.6276,Serious
ACC0988,Madhya Pradesh,Indore,Mist,State Highway,Wet,Daylight,LCV,20,Female,No,80,08:49,Monday,June,2,22.8024,75.8364,Serious
ACC0989,Uttar Pradesh,Kanpur,Mist,Expressway,Wet,Night - Street Lights On,LCV,23,Male,Yes,80,10:39,Friday,February,3,26.5079,80.3411,Serious
ACC0990,Punjab,Ludhiana,Heavy Rain,State Highway,Slippery,Daylight,Auto-Rickshaw,61,Male,No,100,08:55,Friday,April,0,30.8448,75.8775,Minor
ACC0991,Odisha,Bhubaneswar,Clear,City Road,Under Construction,Daylight,Car,43,Male,No,60,19:10,Saturday,December,0,20.2176,85.7869,Serious
ACC0992,Kerala,Kochi,Clear,State Highway,Dry,Daylight,Heavy Truck,39,Male,No,40,23:39,Tuesday,March,1,10.0218,76.1912,Serious
ACC0993,Delhi,New Delhi,Clear,National Highway,Dry,Twilight/Dusk,LCV,21,Male,Yes,80,11:04,Thursday,October,2,28.6295,77.2345,Minor
ACC0994,Gujarat,Ahmedabad,Clear,Rural Road,Under Construction,Twilight/Dusk,Car,29,Female,No,40,04:01,Tuesday,May,0,23.02,72.5675,Serious
ACC0995,Odisha,Bhubaneswar,Clear,National Highway,Slippery,Night - Street Lights On,Two-Wheeler,49,Male,Yes,60,00:51,Thursday,March,3,20.2203,85.7596,Minor
ACC0996,Tamil Nadu,Coimbatore,Sunny,City Road,Dry,Night - Street Lights On,Car,20,Male,No,40,16:50,Sunday,September,1,11.0767,76.9004,Minor
ACC0997,Madhya Pradesh,Indore,Clear,National Highway,Gravel,Daylight,Two-Wheeler,34,Female,No,60,01:43,Monday,April,3,22.6355,75.8696,Fatal
ACC0998,Rajasthan,Udaipur,Mist,City Road,Wet,Daylight,LCV,30,Male,No,120,06:34,Wednesday,June,1,24.5776,73.6447,Serious
ACC0999,Gujarat,Surat,Clear,National Highway,Under Construction,Night - Darkness,Two-Wheeler,46,Male,No,40,10:19,Wednesday,May,2,21.141,72.861,Minor
ACC1000,Punjab,Ludhiana,Sunny,State Highway,Gravel,Daylight,Two-Wheeler,33,Male,No,40,00:27,Friday,October,1,30.9679,75.8955,Fatal
ACC1001,Bihar,Patna,Heavy Rain,Expressway,Slippery,Daylight,Auto-Rickshaw,55,Male,No,120,19:35,Thursday,October,3,25.5329,85.1209,Fatal
ACC1002,Uttar Pradesh,Kanpur,Heavy Rain,Rural Road,Slippery,Daylight,LCV,48,Male,No,120,20:00,Thursday,November,1,26.4393,80.4264,Minor
ACC1003,Karnataka,Bengaluru,Clear,State Highway,Slippery,Night - Street Lights On,LCV,31,Male,No,70,21:55,Tuesday,February,2,12.9016,77.6478,Fatal
ACC1004,Tamil Nadu,Coimbatore,Clear,Rural Road,Wet,Daylight,Heavy Truck,32,Male,No,70,19:30,Monday,September,2,10.971,77.0077,Serious
ACC1005,Punjab,Amritsar,Clear,City Road,Dry,Daylight,Auto-Rickshaw,53,Male,No,80,00:42,Wednesday,October,2,31.6654,74.9549,Serious
ACC1006,Uttar Pradesh,Varanasi,Clear,National Highway,Gravel,Daylight,Car,32,Male,No,70,00:35,Sunday,March,1,25.4079,83.0073,Fatal
ACC1007,Karnataka,Mysuru,Mist,City Road,Wet,Night - Street Lights On,Heavy Truck,61,Male,Yes,50,21:27,Wednesday,May,3,12.222,76.5745,Minor
ACC1008,Punjab,Ludhiana,Sunny,Rural Road,Dry,Twilight/Dusk,Heavy Truck,59,Male,No,90,08:12,Monday,December,2,30.8596,75.9476,Minor
ACC1009,Punjab,Amritsar,Foggy,National Highway,Wet,Night - Darkness,Car,38,Male,Yes,50,21:52,Saturday,December,3,31.6631,74.8543,Serious
ACC1010,Uttarakhand,Dehradun,Clear,Rural Road,Slippery,Night - Darkness,Two-Wheeler,38,Male,No,80,17:34,Saturday,September,2,30.3708,78.1068,Serious
ACC1011,Delhi,New Delhi,Clear,National Highway,Dry,Twilight/Dusk,LCV,23,Male,Yes,80,11:21,Thursday,October,2,28.6357,77.2353,Minor
ACC1012,Karnataka,Mysuru,Clear,Rural Road,Slippery,Daylight,Two-Wheeler,38,Male,Yes,100,21:10,Tuesday,April,1,12.2764,76.615,Serious
ACC1013,Delhi,New Delhi,Heavy Rain,National Highway,Slippery,Night - Street Lights On,Heavy Truck,40,Male,No,80,15:44,Sunday,February,4,28.672,77.2739,Serious
ACC1014,Uttar Pradesh,Kanpur,Heavy Rain,Rural Road,Slippery,Twilight/Dusk,Car,47,Male,No,80,12:00,Sunday,October,1,26.5299,80.3629,Serious
ACC1015,Haryana,Gurugram,Clear,State Highway,Slippery,Night - Darkness,Two-Wheeler,21,Male,No,80,17:53,Monday,April,0,28.4018,76.9765,Minor
ACC1016,Tamil Nadu,Coimbatore,Foggy,State Highway,Wet,Night - Street Lights On,LCV,30,Male,Yes,120,06:54,Sunday,May,3,10.9994,76.9642,Minor
ACC1017,Uttar Pradesh,Varanasi,Mist,Expressway,Wet,Night - Darkness,Two-Wheeler,51,Female,No,40,11:59,Wednesday,April,4,25.374,82.9384,Serious
ACC1018,Uttar Pradesh,Lucknow,Foggy,Rural Road,Wet,Twilight/Dusk,Heavy Truck,24,Male,No,70,04:59,Monday,December,3,26.8985,80.9228,Minor
ACC1019,Haryana,Gurugram,Heavy Rain,National Highway,Slippery,Daylight,Heavy Truck,21,Female,No,90,15:19,Monday,April,1,28.4986,77.03,Serious
ACC1020,Tamil Nadu,Coimbatore,Mist,Expressway,Wet,Twilight/Dusk,Car,52,Male,No,100,14:25,Monday,June,1,11.0098,76.9579,Minor
ACC1021,Tamil Nadu,Coimbatore,Clear,Rural Road,Wet,Daylight,Heavy Truck,29,Male,No,40,19:19,Monday,September,2,11.0077,76.9823,Serious
ACC1022,Gujarat,Ahmedabad,Foggy,National Highway,Wet,Daylight,Heavy Truck,44,Female,No,50,18:03,Tuesday,June,2,23.0631,72.5861,Fatal
ACC1023,Uttar Pradesh,Varanasi,Clear,National Highway,Gravel,Daylight,Car,28,Male,No,40,00:32,Sunday,March,1,25.4021,83.0348,Minor
ACC1024,Uttar Pradesh,Varanasi,Clear,State Highway,Dry,Daylight,Two-Wheeler,56,Male,No,120,02:43,Wednesday,June,2,25.252,83.0237,Fatal
ACC1025,Delhi,New Delhi,Heavy Rain,State Highway,Slippery,Night - Darkness,Heavy Truck,27,Female,No,120,18:34,Friday,May,3,28.698,77.1887,Minor
ACC1026,Kerala,Kochi,Clear,State Highway,Dry,Daylight,Heavy Truck,69,Female,No,100,10:47,Tuesday,September,1,10.0094,76.271,Minor
ACC1027,Kerala,Thiruvananthapuram,Clear,Expressway,Gravel,Daylight,Bus,49,Male,No,40,16:58,Wednesday,January,1,8.5388,76.9188,Fatal
ACC1028,Odisha,Bhubaneswar,Clear,Rural Road,Dry,Night - Darkness,Heavy Truck,33,Male,No,70,06:01,Saturday,July,3,20.2838,85.7951,Minor
ACC1029,Karnataka,Bengaluru,Mist,Rural Road,Wet,Daylight,Bus,25,Male,No,70,16:02,Monday,September,0,12.9279,77.5165,Serious
ACC1030,Tamil Nadu,Chennai,Heavy Rain,Rural Road,Slippery,Twilight/Dusk,LCV,22,Female,No,50,09:42,Saturday,August,2,13.1573,80.2424,Fatal
ACC1031,Tamil Nadu,Coimbatore,Heavy Rain,Expressway,Slippery,Night - Darkness,Car,30,Female,No,100,15:05,Thursday,July,2,10.9769,76.9266,Fatal
ACC1032,Madhya Pradesh,Indore,Foggy,Expressway,Wet,Daylight,LCV,23,Male,No,60,16:59,Tuesday,January,1,22.663,75.8815,Fatal
ACC1033,Odisha,Bhubaneswar,Clear,National Highway,Slippery,Night - Street Lights On,Two-Wheeler,50,Male,Yes,90,01:27,Thursday,March,3,20.2228,85.7604,Serious
ACC1034,Assam,Guwahati,Clear,Rural Road,Dry,Night - Darkness,Two-Wheeler,59,Male,Yes,120,23:12,Wednesday,June,2,26.1572,91.6712,Minor
ACC1035,Punjab,Amritsar,Heavy Rain,State Highway,Slippery,Daylight,Auto-Rickshaw,62,Female,No,120,07:36,Saturday,March,2,31.6301,74.8958,Minor
ACC1036,Punjab,Ludhiana,Mist,National Highway,Wet,Twilight/Dusk,Two-Wheeler,49,Male,No,100,14:06,Wednesday,November,1,30.8637,75.8033,Serious
ACC1037,Kerala,Kochi,Clear,State Highway,Dry,Daylight,Heavy Truck,66,Female,No,70,11:01,Tuesday,September,1,10.001,76.2861,Minor
ACC1038,Maharashtra,Nagpur,Clear,Expressway,Wet,Daylight,Two-Wheeler,50,Male,No,40,11:34,Saturday,November,1,21.1328,79.0582,Fatal
ACC1039,Haryana,Gurugram,Clear,State Highway,Slippery,Night - Darkness,Two-Wheeler,18,Male,No,90,17:36,Monday,April,0,28.4008,77.0072,Fatal
ACC1040,West Bengal,Kolkata,Sunny,Expressway,Dry,Daylight,Car,30,Male,No,40,10:49,Sunday,July,1,22.607,88.3934,Fatal
ACC1041,Tamil Nadu,Coimbatore,Foggy,State Highway,Wet,Night - Street Lights On,LCV,29,Male,Yes,60,07:42,Sunday,May,3,11.0141,76.9415,Minor
ACC1042,Delhi,New Delhi,Heavy Rain,National Highway,Slippery,Night - Street Lights On,Heavy Truck,38,Male,No,40,14:50,Sunday,February,4,28.6788,77.276,Fatal
ACC1043,Uttar Pradesh,Lucknow,Clear,National Highway,Under Construction,Night - Darkness,Two-Wheeler,33,Male,Yes,120,01:38,Friday,November,2,26.9215,81.0015,Minor
ACC1044,Madhya Pradesh,Indore,Clear,State Highway,Dry,Twilight/Dusk,Two-Wheeler,54,Female,No,120,13:01,Monday,February,1,22.7853,75.8097,Serious
ACC1045,Uttar Pradesh,Kanpur,Heavy Rain,Rural Road,Slippery,Twilight/Dusk,Car,48,Male,No,50,12:40,Sunday,October,1,26.5356,80.3525,Minor
ACC1046,Delhi,New Delhi,Clear,Rural Road,Gravel,Daylight,Car,31,Male,No,90,03:37,Tuesday,December,2,28.5492,77.2125,Serious
ACC1047,Maharashtra,Mumbai,Foggy,Expressway,Wet,Twilight/Dusk,LCV,19,Male,No,120,14:03,Tuesday,August,1,19.0172,72.83,Serious
ACC1048,Madhya Pradesh,Indore,Clear,State Highway,Dry,Twilight/Dusk,Two-Wheeler,57,Female,No,80,13:12,Monday,February,1,22.7749,75.8049,Minor
ACC1049,Maharashtra,Pune,Clear,State Highway,Gravel,Night - Street Lights On,Two-Wheeler,42,Female,No,120,22:00,Monday,March,0,18.5114,73.8526,Minor
ACC1050,Tamil Nadu,Coimbatore,Clear,Expressway,Dry,Daylight,Heavy Truck,50,Female,No,120,07:23,Wednesday,March,2,11.0845,76.9403,Minor
ACC1051,Kerala,Thiruvananthapuram,Clear,National Highway,Dry,Night - Darkness,Bus,20,Male,Yes,90,14:15,Thursday,March,4,8.4908,76.9852,Minor
ACC1052,Telangana,Hyderabad,Clear,Rural Road,Gravel,Night - Darkness,Car,50,Male,No,40,20:29,Thursday,September,1,17.3677,78.494,Minor
ACC1053,Punjab,Ludhiana,Mist,National Highway,Wet,Twilight/Dusk,Two-Wheeler,48,Male,No,40,14:04,Wednesday,November,1,30.8385,75.8416,Serious
ACC1054,Madhya Pradesh,Bhopal,Heavy Rain,State Highway,Slippery,Night - Darkness,Two-Wheeler,67,Male,No,80,00:46,Saturday,November,2,23.2924,77.3581,Minor
ACC1055,Punjab,Amritsar,Clear,City Road,Wet,Twilight/Dusk,Heavy Truck,20,Male,No,40,18:39,Thursday,March,1,31.7088,74.9123,Fatal
ACC1056,Uttar Pradesh,Lucknow,Mist,Expressway,Wet,Twilight/Dusk,Heavy Truck,44,Male,No,120,13:35,Friday,October,3,26.8316,81.0028,Minor
ACC1057,Bihar,Patna,Foggy,State Highway,Wet,Twilight/Dusk,Two-Wheeler,47,Male,Yes,40,13:40,Friday,April,3,25.5719,85.1188,Fatal
ACC1058,Kerala,Kochi,Foggy,State Highway,Wet,Daylight,Car,59,Female,No,120,01:17,Saturday,June,1,9.9292,76.3364,Minor
ACC1059,Rajasthan,Jaipur,Sunny,Rural Road,Slippery,Night - Darkness,Bus,32,Male,No,120,00:51,Saturday,August,3,26.8909,75.7676,Serious
ACC1060,Madhya Pradesh,Bhopal,Clear,State Highway,Slippery,Daylight,Car,55,Male,No,40,08:29,Monday,January,2,23.2004,77.388,Fatal
ACC1061,Madhya Pradesh,Indore,Clear,Expressway,Slippery,Night - Darkness,Two-Wheeler,48,Male,No,70,05:25,Wednesday,February,4,22.7538,75.8525,Minor
ACC1062,Tamil Nadu,Coimbatore,Clear,National Highway,Wet,Night - Darkness,Car,46,Male,No,60,18:21,Wednesday,November,2,11.0858,76.9624,Serious
ACC1063,Gujarat,Ahmedabad,Clear,State Highway,Dry,Daylight,Two-Wheeler,43,Male,No,40,23:14,Friday,March,2,23.0662,72.5809,Minor
ACC1064,Punjab,Ludhiana,Mist,National Highway,Wet,Twilight/Dusk,Two-Wheeler,54,Male,No,60,14:01,Wednesday,November,1,30.8587,75.8249,Minor
ACC1065,Kerala,Thiruvananthapuram,Clear,National Highway,Dry,Daylight,Auto-Rickshaw,61,Female,Yes,60,19:54,Monday,November,6,8.476,76.902,Serious
ACC1066,Delhi,New Delhi,Clear,National Highway,Dry,Twilight/Dusk,LCV,19,Male,Yes,70,11:00,Thursday,October,2,28.6107,77.2383,Minor
ACC1067,West Bengal,Kolkata,Foggy,National Highway,Wet,Night - Darkness,Bus,55,Male,Yes,90,21:48,Sunday,October,6,22.5595,88.3734,Minor
ACC1068,Gujarat,Ahmedabad,Clear,State Highway,Dry,Daylight,Two-Wheeler,39,Male,No,60,23:27,Friday,March,2,23.0666,72.5494,Minor
ACC1069,Bihar,Patna,Heavy Rain,Expressway,Slippery,Daylight,Auto-Rickshaw,51,Male,No,80,20:01,Thursday,October,3,25.5048,85.1254,Serious
ACC1070,Madhya Pradesh,Indore,Mist,State Highway,Wet,Daylight,LCV,22,Female,No,60,08:12,Monday,June,2,22.8123,75.8406,Fatal
ACC1071,Kerala,Thiruvananthapuram,Clear,City Road,Wet,Night - Street Lights On,Heavy Truck,36,Male,No,50,18:08,Saturday,March,0,8.6175,76.9312,Minor
ACC1072,Gujarat,Surat,Mist,State Highway,Wet,Night - Darkness,Two-Wheeler,61,Male,No,100,18:18,Sunday,April,1,21.1226,72.7941,Serious
ACC1073,Maharashtra,Pune,Heavy Rain,National Highway,Slippery,Night - Darkness,LCV,26,Male,Yes,50,02:09,Wednesday,October,6,18.6088,73.9136,Minor
ACC1074,Bihar,Patna,Sunny,Rural Road,Under Construction,Night - Darkness,Car,54,Male,No,120,18:29,Friday,May,2,25.6216,85.179,Fatal
ACC1075,Kerala,Thiruvananthapuram,Heavy Rain,City Road,Slippery,Night - Street Lights On,Two-Wheeler,50,Male,Yes,90,16:44,Thursday,November,1,8.5207,76.9703,Minor
ACC1076,Telangana,Hyderabad,Clear,State Highway,Dry,Daylight,Bus,49,Male,No,50,04:01,Wednesday,February,2,17.3779,78.4489,Minor
ACC1077,Maharashtra,Pune,Foggy,City Road,Wet,Night - Darkness,Two-Wheeler,18,Female,Yes,90,23:29,Friday,May,2,18.5289,73.901,Minor
ACC1078,Gujarat,Surat,Sunny,National Highway,Dry,Night - Street Lights On,Car,43,Male,Yes,90,11:39,Friday,September,4,21.2086,72.8184,Serious
ACC1079,Assam,Guwahati,Mist,Expressway,Wet,Night - Darkness,Two-Wheeler,54,Male,Yes,70,14:10,Friday,October,6,26.1134,91.7535,Minor
ACC1080,West Bengal,Kolkata,Sunny,City Road,Gravel,Twilight/Dusk,Auto-Rickshaw,53,Female,No,90,15:27,Wednesday,April,2,22.6402,88.3769,Fatal
ACC1081,Gujarat,Surat,Mist,City Road,Wet,Twilight/Dusk,Bus,64,Female,No,100,12:06,Sunday,September,1,21.0949,72.8182,Minor
ACC1082,Gujarat,Ahmedabad,Clear,State Highway,Dry,Daylight,Two-Wheeler,40,Male,No,40,23:38,Friday,March,2,23.0471,72.5487,Minor
ACC1083,Uttar Pradesh,Kanpur,Sunny,National Highway,Slippery,Night - Darkness,Two-Wheeler,55,Male,Yes,70,09:19,Tuesday,February,6,26.5071,80.322,Serious
ACC1084,Gujarat,Surat,Sunny,National Highway,Wet,Night - Street Lights On,Two-Wheeler,45,Male,No,60,20:00,Friday,August,2,21.1957,72.7935,Fatal
ACC1085,Gujarat,Surat,Mist,State Highway,Wet,Night - Darkness,Two-Wheeler,57,Male,No,40,19:12,Sunday,April,1,21.1506,72.804,Minor
ACC1086,Rajasthan,Jaipur,Mist,City Road,Wet,Night - Darkness,Car,37,Male,Yes,90,02:57,Friday,April,3,26.9873,75.7175,Serious
ACC1087,Punjab,Amritsar,Mist,Rural Road,Wet,Daylight,Car,20,Male,No,50,15:14,Saturday,March,0,31.6588,74.8204,Minor
ACC1088,Bihar,Patna,Heavy Rain,Expressway,Slippery,Daylight,Auto-Rickshaw,51,Male,No,70,19:55,Thursday,October,3,25.5228,85.1043,Serious
ACC1089,Kerala,Kochi,Clear,State Highway,Dry,Daylight,Heavy Truck,36,Male,No,70,22:58,Tuesday,March,1,10.0087,76.2023,Serious
ACC1090,Kerala,Kochi,Clear,State Highway,Dry,Daylight,Heavy Truck,69,Female,No,120,11:35,Tuesday,September,1,9.9787,76.2933,Minor
ACC1091,Gujarat,Ahmedabad,Clear,Rural Road,Under Construction,Twilight/Dusk,Car,22,Female,No,80,03:13,Tuesday,May,0,23.0237,72.5789,Fatal
ACC1092,Kerala,Thiruvananthapuram,Clear,City Road,Wet,Night - Street Lights On,Heavy Truck,33,Male,No,80,18:08,Saturday,March,0,8.5934,76.9448,Fatal
ACC1093,Bihar,Patna,Sunny,Rural Road,Under Construction,Night - Darkness,Car,55,Male,No,120,17:56,Friday,May,2,25.6429,85.1632,Minor
ACC1094,Bihar,Patna,Sunny,Rural Road,Under Construction,Night - Darkness,Car,60,Male,No,90,18:05,Friday,May,2,25.6352,85.1701,Serious
ACC1095,Rajasthan,Jaipur,Foggy,City Road,Wet,Daylight,LCV,51,Male,No,80,05:28,Thursday,June,1,26.8671,75.8058,Fatal
ACC1096,Punjab,Ludhiana,Mist,National Highway,Wet,Twilight/Dusk,Two-Wheeler,54,Male,No,90,14:04,Wednesday,November,1,30.8669,75.84,Minor
ACC1097,Gujarat,Surat,Sunny,National Highway,Dry,Night - Street Lights On,Car,42,Male,Yes,120,11:32,Friday,September,4,21.2089,72.8181,Serious
ACC1098,Gujarat,Ahmedabad,Clear,State Highway,Dry,Daylight,Two-Wheeler,35,Male,No,80,22:47,Friday,March,2,23.062,72.5579,Fatal
ACC1099,Assam,Guwahati,Heavy Rain,National Highway,Slippery,Night - Darkness,Heavy Truck,48,Male,No,40,21:16,Thursday,March,3,26.1354,91.6672,Serious
ACC1100,Gujarat,Ahmedabad,Foggy,Rural Road,Wet,Night - Darkness,Car,31,Male,Yes,50,11:55,Monday,December,6,23.0766,72.6148,Fatal
ACC1101,Gujarat,Surat,Sunny,National Highway,Wet,Night - Street Lights On,Two-Wheeler,44,Male,No,60,19:53,Friday,August,2,21.2104,72.7898,Minor
ACC1102,Uttar Pradesh,Kanpur,Clear,State Highway,Slippery,Daylight,LCV,56,Female,No,60,10:10,Thursday,April,1,26.4331,80.2987,Serious
ACC1103,Punjab,Amritsar,Clear,State Highway,Wet,Daylight,Car,31,Male,No,90,07:34,Friday,December,0,31.654,74.8154,Minor
ACC1104,Tamil Nadu,Madurai,Foggy,State Highway,Wet,Night - Darkness,LCV,50,Male,No,120,02:40,Thursday,September,3,9.923,78.1193,Minor
ACC1105,Punjab,Ludhiana,Sunny,State Highway,Gravel,Daylight,Two-Wheeler,26,Male,No,90,00:11,Friday,October,1,30.9788,75.8639,Minor
ACC1106,Tamil Nadu,Coimbatore,Sunny,Rural Road,Gravel,Daylight,Two-Wheeler,23,Male,No,100,21:22,Wednesday,August,2,10.9867,76.9882,Serious
ACC1107,Kerala,Kochi,Sunny,State Highway,Slippery,Night - Darkness,Bus,37,Male,No,120,04:21,Saturday,August,2,9.9897,76.2726,Serious
ACC1108,Punjab,Amritsar,Clear,City Road,Dry,Daylight,Auto-Rickshaw,46,Male,No,100,00:48,Wednesday,October,2,31.6594,74.9312,Fatal
ACC1109,West Bengal,Kolkata,Sunny,City Road,Gravel,Twilight/Dusk,Auto-Rickshaw,52,Female,No,100,15:53,Wednesday,April,2,22.6363,88.3874,Fatal
ACC1110,Telangana,Hyderabad,Clear,Rural Road,Gravel,Night - Darkness,Car,51,Male,No,50,19:59,Thursday,September,1,17.3716,78.4987,Minor
ACC1111,Punjab,Amritsar,Sunny,Rural Road,Wet,Twilight/Dusk,Heavy Truck,26,Male,No,100,10:12,Sunday,June,0,31.6064,74.8292,Minor
ACC1112,Madhya Pradesh,Indore,Clear,State Highway,Dry,Twilight/Dusk,Two-Wheeler,51,Female,No,80,12:53,Monday,February,1,22.7738,75.7909,Serious
ACC1113,Karnataka,Mysuru,Mist,City Road,Wet,Night - Street Lights On,Heavy Truck,67,Male,Yes,70,20:50,Wednesday,May,3,12.2142,76.589,Serious
ACC1114,Rajasthan,Jaipur,Clear,City Road,Wet,Daylight,Two-Wheeler,49,Male,No,50,20:46,Monday,January,1,26.9846,75.8101,Fatal
ACC1115,Uttar Pradesh,Lucknow,Clear,National Highway,Under Construction,Night - Darkness,Two-Wheeler,30,Male,Yes,60,01:38,Friday,November,2,26.9334,81.0004,Minor
ACC1116,Kerala,Kochi,Clear,State Highway,Dry,Daylight,Heavy Truck,67,Female,No,80,11:27,Tuesday,September,1,9.99,76.2793,Minor
ACC1117,West Bengal,Kolkata,Clear,City Road,Slippery,Night - Street Lights On,Two-Wheeler,67,Male,No,40,22:50,Sunday,February,2,22.6193,88.4031,Fatal
ACC1118,Uttar Pradesh,Varanasi,Clear,National Highway,Wet,Night - Street Lights On,Heavy Truck,24,Female,No,90,20:28,Tuesday,February,3,25.3096,82.9943,Minor
ACC1119,Haryana,Gurugram,Heavy Rain,State Highway,Slippery,Night - Darkness,LCV,45,Female,Yes,80,16:45,Saturday,June,2,28.4879,77.0515,Minor
ACC1120,Maharashtra,Pune,Clear,National Highway,Dry,Night - Darkness,Car,55,Male,Yes,40,00:25,Friday,August,4,18.5151,73.9158,Serious
ACC1121,Kerala,Kochi,Clear,State Highway,Dry,Daylight,Heavy Truck,35,Male,No,50,23:05,Tuesday,March,1,10.0006,76.2155,Fatal
ACC1122,Punjab,Amritsar,Mist,Rural Road,Wet,Daylight,Car,20,Male,No,120,15:29,Saturday,March,0,31.6349,74.8193,Serious
ACC1123,Madhya Pradesh,Indore,Clear,State Highway,Dry,Twilight/Dusk,Two-Wheeler,50,Female,No,120,13:29,Monday,February,1,22.7994,75.8019,Minor
ACC1124,Kerala,Thiruvananthapuram,Clear,City Road,Wet,Night - Street Lights On,Auto-Rickshaw,62,Male,No,40,12:16,Saturday,December,1,8.5903,77.0063,Minor
ACC1125,Karnataka,Bengaluru,Clear,Expressway,Slippery,Twilight/Dusk,LCV,57,Male,No,50,17:55,Wednesday,September,1,12.9006,77.5529,Minor
ACC1126,Madhya Pradesh,Indore,Sunny,Expressway,Under Construction,Daylight,Two-Wheeler,39,Female,Yes,100,23:12,Monday,May,4,22.6503,75.8196,Minor
ACC1127,Gujarat,Surat,Clear,National Highway,Under Construction,Night - Darkness,Two-Wheeler,41,Male,No,50,10:23,Wednesday,May,2,21.1518,72.8904,Minor
ACC1128,Gujarat,Surat,Clear,State Highway,Slippery,Night - Darkness,LCV,27,Male,Yes,100,17:07,Tuesday,September,3,21.1643,72.9043,Minor
ACC1129,Punjab,Amritsar,Clear,State Highway,Wet,Daylight,Car,30,Male,No,90,07:51,Friday,December,0,31.6431,74.8286,Minor
ACC1130,Madhya Pradesh,Indore,Clear,State Highway,Slippery,Night - Street Lights On,Auto-Rickshaw,45,Male,No,70,05:48,Sunday,September,0,22.7189,75.8825,Serious
ACC1131,Tamil Nadu,Chennai,Clear,Rural Road,Gravel,Daylight,Car,18,Male,No,120,06:44,Monday,June,0,13.0335,80.1956,Fatal
ACC1132,Maharashtra,Nagpur,Clear,Expressway,Under Construction,Night - Darkness,Two-Wheeler,39,Female,No,40,17:43,Monday,November,2,21.1738,79.1315,Fatal
ACC1133,Gujarat,Ahmedabad,Clear,National Highway,Gravel,Daylight,Heavy Truck,27,Male,No,100,10:48,Tuesday,August,3,23.0521,72.5796,Minor
ACC1134,Jammu and Kashmir,Srinagar,Sunny,Rural Road,Gravel,Daylight,Car,42,Male,No,80,00:13,Wednesday,August,0,34.0275,74.8148,Fatal
ACC1135,Uttar Pradesh,Varanasi,Foggy,Rural Road,Wet,Daylight,LCV,41,Female,No,40,18:52,Friday,March,1,25.337,82.9601,Fatal
ACC1136,Punjab,Amritsar,Clear,National Highway,Wet,Night - Darkness,Bus,35,Male,Yes,70,13:57,Friday,September,6,31.6249,74.8576,Minor
ACC1137,Maharashtra,Mumbai,Foggy,Expressway,Wet,Twilight/Dusk,LCV,18,Male,No,90,13:20,Tuesday,August,1,19.0183,72.7919,Fatal
ACC1138,Maharashtra,Mumbai,Foggy,National Highway,Wet,Night - Darkness,Auto-Rickshaw,54,Male,No,120,07:16,Saturday,December,2,19.0127,72.9417,Minor
ACC1139,Tamil Nadu,Madurai,Foggy,State Highway,Wet,Daylight,LCV,24,Male,No,70,15:43,Wednesday,March,0,9.8931,78.1779,Serious
ACC1140,Punjab,Amritsar,Mist,Rural Road,Wet,Daylight,Car,22,Male,No,120,14:47,Saturday,March,0,31.6537,74.8144,Minor
ACC1141,Madhya Pradesh,Indore,Foggy,Expressway,Wet,Daylight,LCV,27,Male,No,80,17:08,Tuesday,January,1,22.6498,75.8568,Minor
ACC1142,Uttar Pradesh,Varanasi,Mist,Expressway,Wet,Night - Darkness,Two-Wheeler,57,Female,No,80,12:41,Wednesday,April,4,25.3742,82.9478,Fatal
ACC1143,Uttar Pradesh,Varanasi,Clear,Rural Road,Dry,Daylight,Car,54,Female,No,40,18:04,Saturday,October,2,25.2486,82.9258,Serious
ACC1144,Assam,Guwahati,Mist,Expressway,Wet,Night - Darkness,Two-Wheeler,54,Male,Yes,100,13:59,Friday,October,6,26.0989,91.7361,Minor
ACC1145,Maharashtra,Pune,Clear,City Road,Gravel,Night - Street Lights On,LCV,34,Male,Yes,40,06:22,Saturday,October,1,18.4879,73.9033,Minor
ACC1146,Kerala,Thiruvananthapuram,Clear,City Road,Wet,Night - Street Lights On,Auto-Rickshaw,59,Male,No,50,12:13,Saturday,December,1,8.6011,76.9965,Fatal
ACC1147,West Bengal,Kolkata,Clear,State Highway,Wet,Night - Street Lights On,LCV,28,Male,Yes,60,12:50,Thursday,February,1,22.5147,88.3403,Minor
ACC1148,Karnataka,Bengaluru,Heavy Rain,State Highway,Slippery,Daylight,Two-Wheeler,54,Female,No,50,07:44,Sunday,June,0,12.9001,77.634,Minor
ACC1149,Kerala,Thiruvananthapuram,Clear,City Road,Wet,Night - Street Lights On,Heavy Truck,35,Male,No,50,17:30,Saturday,March,0,8.5848,76.957,Minor
ACC1150,West Bengal,Kolkata,Sunny,City Road,Gravel,Twilight/Dusk,Auto-Rickshaw,53,Female,No,90,15:02,Wednesday,April,2,22.6395,88.3802,Minor
ACC1151,Bihar,Patna,Heavy Rain,Expressway,Slippery,Daylight,Auto-Rickshaw,56,Male,No,80,20:12,Thursday,October,3,25.5147,85.1218,Minor
ACC1152,Uttar Pradesh,Varanasi,Clear,National Highway,Wet,Night - Street Lights On,Heavy Truck,29,Female,No,90,20:28,Tuesday,February,3,25.3092,83.0129,Fatal
ACC1153,Madhya Pradesh,Indore,Mist,State Highway,Wet,Daylight,LCV,18,Female,No,90,08:48,Monday,June,2,22.792,75.816,Serious
ACC1154,Madhya Pradesh,Indore,Foggy,Expressway,Wet,Daylight,LCV,25,Male,No,90,17:04,Tuesday,January,1,22.6897,75.863,Serious
ACC1155,Tamil Nadu,Coimbatore,Mist,Expressway,Wet,Twilight/Dusk,Car,45,Male,No,120,14:46,Monday,June,1,11.023,76.9802,Fatal
ACC1156,Madhya Pradesh,Indore,Foggy,Expressway,Wet,Daylight,LCV,24,Female,No,50,02:05,Saturday,February,1,22.753,75.9105,Serious
ACC1157,Kerala,Kochi,Sunny,State Highway,Slippery,Night - Darkness,Bus,34,Male,No,90,04:20,Saturday,August,2,10.0017,76.2722,Fatal
ACC1158,Karnataka,Bengaluru,Clear,National Highway,Wet,Night - Darkness,Two-Wheeler,23,Male,No,40,12:08,Saturday,December,6,12.9766,77.532,Fatal
ACC1159,Uttar Pradesh,Lucknow,Clear,National Highway,Under Construction,Night - Darkness,Two-Wheeler,37,Male,Yes,70,01:21,Friday,November,2,26.9229,80.9737,Minor
ACC1160,Gujarat,Surat,Clear,State Highway,Slippery,Night - Darkness,LCV,26,Male,Yes,120,17:41,Tuesday,September,3,21.1927,72.8967,Minor
ACC1161,Uttarakhand,Dehradun,Clear,City Road,Dry,Daylight,LCV,18,Male,No,80,14:26,Sunday,August,2,30.3472,78.0851,Minor
ACC1162,Rajasthan,Jaipur,Foggy,City Road,Wet,Daylight,LCV,55,Male,No,90,05:32,Thursday,June,1,26.8827,75.7954,Minor
ACC1163,Tamil Nadu,Coimbatore,Heavy Rain,Expressway,Slippery,Night - Darkness,Car,26,Female,No,90,15:00,Thursday,July,2,10.985,76.9247,Minor
ACC1164,Rajasthan,Jaipur,Sunny,State Highway,Dry,Night - Darkness,Two-Wheeler,43,Male,Yes,80,18:47,Friday,July,3,26.931,75.803,Minor
ACC1165,Haryana,Gurugram,Foggy,Expressway,Wet,Twilight/Dusk,Auto-Rickshaw,46,Female,No,90,09:51,Friday,January,3,28.437,77.0327,Serious
ACC1166,Uttarakhand,Dehradun,Clear,City Road,Dry,Daylight,LCV,18,Male,No,70,13:47,Sunday,August,2,30.3588,78.0646,Minor
ACC1167,Tamil Nadu,Madurai,Foggy,State Highway,Wet,Night - Darkness,LCV,50,Male,No,90,02:40,Thursday,September,3,9.9156,78.1122,Minor
ACC1168,Madhya Pradesh,Indore,Foggy,Expressway,Wet,Daylight,LCV,24,Male,No,60,16:31,Tuesday,January,1,22.6842,75.8813,Minor
ACC1169,Maharashtra,Mumbai,Foggy,National Highway,Wet,Night - Darkness,Auto-Rickshaw,59,Male,No,120,07:23,Saturday,December,2,19.0079,72.9411,Fatal
ACC1170,Rajasthan,Jaipur,Sunny,State Highway,Gravel,Daylight,Two-Wheeler,20,Male,No,120,08:14,Monday,July,1,26.8723,75.8144,Minor
ACC1171,Gujarat,Surat,Clear,National Highway,Under Construction,Night - Darkness,Two-Wheeler,47,Male,No,60,10:37,Wednesday,May,2,21.1433,72.8678,Fatal
ACC1172,Maharashtra,Pune,Clear,National Highway,Dry,Night - Darkness,Car,58,Male,Yes,70,00:22,Friday,August,4,18.527,73.9177,Minor
ACC1173,Uttar Pradesh,Varanasi,Foggy,Rural Road,Wet,Daylight,LCV,40,Female,No,70,18:42,Friday,March,1,25.3167,82.9879,Serious
ACC1174,Uttar Pradesh,Varanasi,Clear,Rural Road,Dry,Daylight,Car,52,Male,No,70,18:24,Friday,October,2,25.3745,82.947,Serious
ACC1175,Kerala,Thiruvananthapuram,Foggy,Rural Road,Wet,Twilight/Dusk,Auto-Rickshaw,42,Male,No,60,15:36,Wednesday,September,1,8.4654,76.8664,Minor
ACC1176,Punjab,Amritsar,Clear,City Road,Wet,Twilight/Dusk,Heavy Truck,18,Male,No,50,18:49,Thursday,March,1,31.7039,74.9398,Serious
ACC1177,Odisha,Bhubaneswar,Clear,National Highway,Slippery,Night - Street Lights On,Two-Wheeler,55,Male,Yes,80,00:52,Thursday,March,3,20.2153,85.7603,Serious
ACC1178,Rajasthan,Jaipur,Clear,State Highway,Gravel,Night - Street Lights On,Two-Wheeler,22,Female,No,100,05:14,Sunday,March,0,26.8694,75.8683,Minor
ACC1179,Rajasthan,Udaipur,Heavy Rain,Rural Road,Slippery,Night - Street Lights On,Auto-Rickshaw,68,Male,No,60,17:08,Wednesday,January,0,24.5545,73.7561,Minor
ACC1180,Telangana,Hyderabad,Clear,State Highway,Dry,Daylight,Bus,46,Male,No,50,04:27,Wednesday,February,2,17.3905,78.459,Minor
ACC1181,Delhi,New Delhi,Clear,Rural Road,Wet,Daylight,Heavy Truck,54,Male,No,90,12:30,Wednesday,September,0,28.6152,77.2892,Minor
ACC1182,Bihar,Patna,Heavy Rain,Rural Road,Slippery,Daylight,Heavy Truck,34,Male,No,90,12:04,Wednesday,December,3,25.6437,85.1236,Minor
ACC1183,Madhya Pradesh,Bhopal,Clear,State Highway,Slippery,Daylight,Car,55,Male,No,60,07:54,Monday,January,2,23.2129,77.4033,Minor
ACC1184,Madhya Pradesh,Indore,Clear,State Highway,Slippery,Night - Street Lights On,Auto-Rickshaw,39,Male,No,40,05:54,Sunday,September,0,22.7197,75.873,Fatal
ACC1185,Uttar Pradesh,Kanpur,Clear,National Highway,Slippery,Daylight,Two-Wheeler,37,Male,No,40,02:15,Monday,April,1,26.5099,80.4017,Fatal
ACC1186,Uttar Pradesh,Lucknow,Clear,National Highway,Under Construction,Night - Darkness,Two-Wheeler,37,Male,Yes,40,01:19,Friday,November,2,26.9174,81.0003,Minor
ACC1187,Assam,Guwahati,Sunny,Rural Road,Dry,Night - Street Lights On,Auto-Rickshaw,60,Male,Yes,90,09:37,Sunday,July,1,26.1764,91.7773,Minor
ACC1188,Rajasthan,Jaipur,Mist,City Road,Wet,Night - Darkness,Car,36,Male,Yes,90,02:58,Friday,April,3,27.0045,75.7298,Minor
ACC1189,Maharashtra,Nagpur,Clear,Expressway,Wet,Daylight,Two-Wheeler,54,Male,No,40,11:12,Saturday,November,1,21.1385,79.0523,Minor
ACC1190,Madhya Pradesh,Indore,Clear,National Highway,Gravel,Daylight,Two-Wheeler,36,Female,No,100,01:56,Monday,April,3,22.6463,75.8432,Minor
ACC1191,Punjab,Ludhiana,Mist,National Highway,Wet,Night - Street Lights On,Auto-Rickshaw,59,Male,No,80,21:54,Friday,February,3,30.9382,75.8163,Fatal
ACC1192,Delhi,New Delhi,Heavy Rain,National Highway,Slippery,Night - Street Lights On,Heavy Truck,42,Male,No,40,15:02,Sunday,February,4,28.6625,77.2753,Serious
ACC1193,Uttar Pradesh,Varanasi,Mist,Expressway,Wet,Night - Darkness,Two-Wheeler,50,Female,No,70,12:11,Wednesday,April,4,25.3561,82.9404,Fatal
ACC1194,Gujarat,Surat,Clear,National Highway,Under Construction,Night - Darkness,Two-Wheeler,44,Male,No,60,10:12,Wednesday,May,2,21.1375,72.8874,Minor
ACC1195,Uttar Pradesh,Kanpur,Clear,National Highway,Under Construction,Daylight,LCV,18,Male,No,70,20:31,Saturday,August,2,26.4803,80.376,Serious
ACC1196,Haryana,Gurugram,Foggy,Expressway,Wet,Twilight/Dusk,Auto-Rickshaw,42,Female,No,50,09:14,Friday,January,3,28.4497,77.0236,Serious
ACC1197,Kerala,Kochi,Clear,State Highway,Dry,Daylight,Heavy Truck,66,Female,No,70,10:52,Tuesday,September,1,9.9897,76.294,Serious
ACC1198,Maharashtra,Pune,Clear,National Highway,Dry,Night - Darkness,Car,55,Male,Yes,90,00:41,Friday,August,4,18.5379,73.9264,Minor
ACC1199,Rajasthan,Jaipur,Mist,National Highway,Wet,Daylight,Two-Wheeler,37,Male,No,120,05:11,Monday,March,2,26.8681,75.7243,Minor
ACC1200,Karnataka,Mysuru,Mist,State Highway,Wet,Daylight,Heavy Truck,43,Male,No,100,13:55,Sunday,February,0,12.3638,76.5928,Serious
ACC1201,Maharashtra,Nagpur,Clear,State Highway,Dry,Daylight,Bus,61,Male,No,90,19:29,Friday,July,1,21.171,79.0559,Minor
ACC1202,Kerala,Thiruvananthapuram,Clear,City Road,Wet,Night - Street Lights On,Auto-Rickshaw,57,Male,No,120,12:05,Saturday,December,1,8.5823,76.9934,Minor
ACC1203,Tamil Nadu,Madurai,Mist,State Highway,Wet,Daylight,Heavy Truck,50,Female,No,60,02:51,Thursday,May,0,9.8745,78.1456,Fatal
ACC1204,Maharashtra,Mumbai,Heavy Rain,Expressway,Slippery,Night - Darkness,LCV,63,Male,No,100,21:13,Friday,July,4,19.0567,72.8799,Serious
ACC1205,Punjab,Ludhiana,Mist,National Highway,Wet,Night - Street Lights On,Auto-Rickshaw,63,Male,No,90,21:41,Friday,February,3,30.9409,75.781,Serious
ACC1206,Gujarat,Surat,Clear,National Highway,Under Construction,Night - Darkness,Two-Wheeler,47,Male,No,100,10:14,Wednesday,May,2,21.1356,72.8635,Minor
ACC1207,Delhi,New Delhi,Heavy Rain,State Highway,Slippery,Night - Darkness,Heavy Truck,33,Female,No,70,18:46,Friday,May,3,28.7006,77.1735,Serious
ACC1208,Kerala,Thiruvananthapuram,Foggy,City Road,Wet,Twilight/Dusk,Auto-Rickshaw,48,Female,No,90,22:30,Sunday,September,2,8.5797,76.8563,Serious
ACC1209,Gujarat,Surat,Mist,City Road,Wet,Twilight/Dusk,Bus,63,Female,No,40,12:17,Sunday,September,1,21.098,72.796,Minor
ACC1210,Rajasthan,Udaipur,Heavy Rain,National Highway,Slippery,Twilight/Dusk,Bus,33,Female,No,120,02:51,Wednesday,February,6,24.5576,73.6427,Serious
ACC1211,Tamil Nadu,Chennai,Sunny,State Highway,Dry,Daylight,Car,51,Male,Yes,100,02:53,Friday,March,0,13.1519,80.3127,Fatal
ACC1212,Gujarat,Surat,Sunny,National Highway,Wet,Night - Street Lights On,Two-Wheeler,48,Male,No,120,19:38,Friday,August,2,21.1914,72.8052,Serious
ACC1213,Gujarat,Ahmedabad,Clear,State Highway,Dry,Night - Street Lights On,Two-Wheeler,53,Male,No,60,12:33,Saturday,December,2,23.053,72.5506,Minor
ACC1214,Maharashtra,Nagpur,Clear,Expressway,Under Construction,Night - Darkness,Two-Wheeler,39,Female,No,40,18:11,Monday,November,2,21.198,79.1602,Minor
ACC1215,Maharashtra,Pune,Clear,State Highway,Gravel,Night - Street Lights On,Two-Wheeler,46,Female,No,80,21:10,Monday,March,0,18.5109,73.8609,Minor
ACC1216,Uttar Pradesh,Varanasi,Sunny,National Highway,Dry,Daylight,Bus,45,Male,Yes,40,22:26,Tuesday,November,5,25.3561,83.0213,Minor
ACC1217,Karnataka,Mysuru,Mist,City Road,Wet,Night - Street Lights On,Heavy Truck,61,Male,Yes,70,21:37,Wednesday,May,3,12.2453,76.5755,Fatal
ACC1218,Haryana,Gurugram,Heavy Rain,National Highway,Slippery,Daylight,Heavy Truck,24,Female,No,80,14:42,Monday,April,1,28.5101,77.021,Serious
ACC1219,Punjab,Amritsar,Clear,City Road,Wet,Twilight/Dusk,Heavy Truck,18,Male,No,90,18:35,Thursday,March,1,31.6833,74.9247,Serious
ACC1220,Uttar Pradesh,Varanasi,Sunny,National Highway,Dry,Daylight,Bus,47,Male,Yes,50,22:39,Tuesday,November,5,25.3379,83.0231,Fatal
ACC1221,Gujarat,Surat,Mist,State Highway,Wet,Night - Darkness,Two-Wheeler,59,Male,No,50,18:38,Sunday,April,1,21.1455,72.7864,Serious
ACC1222,Tamil Nadu,Madurai,Mist,State Highway,Wet,Daylight,Heavy Truck,47,Female,No,70,02:43,Thursday,May,0,9.902,78.1451,Minor
ACC1223,Punjab,Amritsar,Clear,City Road,Wet,Night - Darkness,Auto-Rickshaw,40,Male,Yes,80,20:53,Wednesday,March,3,31.6914,74.8498,Minor
ACC1224,Madhya Pradesh,Indore,Clear,Expressway,Dry,Daylight,Two-Wheeler,57,Female,Yes,120,06:00,Friday,October,2,22.6676,75.9133,Minor
ACC1225,Karnataka,Mysuru,Clear,Rural Road,Slippery,Daylight,Two-Wheeler,33,Male,Yes,50,21:15,Tuesday,April,1,12.2714,76.645,Minor
ACC1226,Gujarat,Surat,Mist,City Road,Wet,Twilight/Dusk,Bus,62,Female,No,40,12:15,Sunday,September,1,21.1153,72.8046,Minor
ACC1227,Bihar,Patna,Foggy,State Highway,Wet,Twilight/Dusk,Two-Wheeler,47,Male,Yes,70,13:50,Friday,April,3,25.5591,85.1044,Fatal
ACC1228,Punjab,Amritsar,Foggy,State Highway,Wet,Daylight,Two-Wheeler,40,Male,No,90,21:04,Saturday,August,2,31.6594,74.8205,Fatal
ACC1229,Kerala,Kochi,Clear,State Highway,Dry,Daylight,Heavy Truck,33,Male,No,80,23:44,Tuesday,March,1,9.9961,76.1894,Minor
ACC1230,Assam,Guwahati,Clear,Rural Road,Dry,Night - Darkness,Two-Wheeler,54,Male,Yes,40,22:34,Wednesday,June,2,26.1558,91.6797,Serious
ACC1231,Punjab,Amritsar,Mist,Expressway,Wet,Night - Street Lights On,Two-Wheeler,25,Male,Yes,100,04:56,Thursday,August,6,31.5727,74.9057,Fatal
ACC1232,Punjab,Amritsar,Heavy Rain,State Highway,Slippery,Daylight,Auto-Rickshaw,63,Female,No,90,07:12,Saturday,March,2,31.6247,74.892,Minor
ACC1233,Tamil Nadu,Chennai,Sunny,City Road,Under Construction,Daylight,Auto-Rickshaw,31,Male,No,50,15:39,Thursday,December,2,13.0632,80.2604,Minor
ACC1234,Rajasthan,Udaipur,Heavy Rain,Rural Road,Slippery,Night - Darkness,Heavy Truck,48,Male,No,60,23:27,Sunday,July,2,24.5668,73.6217,Minor
ACC1235,Telangana,Hyderabad,Foggy,National Highway,Wet,Daylight,Bus,18,Male,No,70,12:43,Monday,May,3,17.4651,78.5583,Serious
ACC1236,Kerala,Thiruvananthapuram,Clear,City Road,Wet,Night - Street Lights On,Heavy Truck,34,Male,No,50,17:39,Saturday,March,0,8.6033,76.9323,Minor
ACC1237,Punjab,Amritsar,Sunny,Rural Road,Wet,Twilight/Dusk,Heavy Truck,24,Male,No,50,10:04,Sunday,June,0,31.621,74.8168,Minor
ACC1238,Haryana,Gurugram,Foggy,Expressway,Wet,Twilight/Dusk,Auto-Rickshaw,47,Female,No,90,09:44,Friday,January,3,28.4634,77.025,Minor
ACC1239,Uttar Pradesh,Kanpur,Clear,National Highway,Under Construction,Daylight,LCV,18,Male,No,40,20:31,Saturday,August,2,26.4529,80.3717,Minor
ACC1240,Gujarat,Ahmedabad,Clear,National Highway,Gravel,Daylight,Heavy Truck,22,Male,No,50,10:57,Tuesday,August,3,23.0466,72.5814,Fatal
ACC1241,Tamil Nadu,Coimbatore,Clear,State Highway,Gravel,Daylight,Bus,64,Male,No,60,12:34,Sunday,June,2,11.0062,76.9394,Minor
ACC1242,Karnataka,Bengaluru,Clear,National Highway,Wet,Night - Darkness,Two-Wheeler,25,Male,No,60,11:19,Saturday,December,6,12.9898,77.5256,Serious
ACC1243,Haryana,Gurugram,Foggy,National Highway,Wet,Night - Street Lights On,Car,55,Female,Yes,60,22:55,Friday,March,5,28.4805,77.0528,Fatal
ACC1244,Maharashtra,Mumbai,Clear,Rural Road,Dry,Daylight,LCV,49,Female,No,120,18:12,Saturday,August,0,19.1464,72.9128,Fatal
ACC1245,Rajasthan,Jaipur,Clear,State Highway,Dry,Night - Street Lights On,Car,62,Male,No,90,13:19,Saturday,March,0,26.8536,75.7188,Minor
ACC1246,West Bengal,Kolkata,Foggy,State Highway,Wet,Daylight,Two-Wheeler,38,Male,No,90,01:13,Friday,July,1,22.5465,88.4403,Minor
ACC1247,Maharashtra,Pune,Clear,State Highway,Gravel,Night - Street Lights On,Two-Wheeler,39,Female,No,40,21:32,Monday,March,0,18.5092,73.8493,Serious
ACC1248,Maharashtra,Mumbai,Foggy,Expressway,Wet,Twilight/Dusk,LCV,18,Male,No,70,13:17,Tuesday,August,1,19.0257,72.7951,Minor
ACC1249,Uttar Pradesh,Varanasi,Mist,Expressway,Wet,Night - Darkness,Two-Wheeler,52,Female,No,90,11:46,Wednesday,April,4,25.3702,82.9618,Minor
ACC1250,Uttar Pradesh,Kanpur,Clear,State Highway,Gravel,Daylight,Car,59,Female,No,100,09:57,Thursday,November,0,26.473,80.2703,Minor
ACC1251,Jammu and Kashmir,Srinagar,Sunny,Rural Road,Gravel,Daylight,Car,41,Male,No,90,00:58,Wednesday,August,0,34.0301,74.8039,Minor
ACC1252,Kerala,Kochi,Sunny,State Highway,Slippery,Night - Darkness,Bus,35,Male,No,70,04:08,Saturday,August,2,9.9905,76.263,Fatal
ACC1253,Telangana,Hyderabad,Sunny,State Highway,Dry,Night - Street Lights On,Auto-Rickshaw,27,Female,Yes,70,23:00,Friday,March,2,17.4658,78.5468,Serious
ACC1254,Assam,Guwahati,Mist,Expressway,Wet,Night - Darkness,Two-Wheeler,52,Male,Yes,50,13:39,Friday,October,6,26.108,91.7395,Fatal
ACC1255,Haryana,Gurugram,Foggy,Expressway,Wet,Twilight/Dusk,Auto-Rickshaw,47,Female,No,50,09:29,Friday,January,3,28.4428,77.0544,Fatal
ACC1256,Madhya Pradesh,Indore,Clear,State Highway,Dry,Twilight/Dusk,Two-Wheeler,54,Female,No,50,13:01,Monday,February,1,22.7898,75.8004,Minor
ACC1257,Rajasthan,Jaipur,Clear,City Road,Wet,Daylight,Two-Wheeler,46,Male,No,80,20:45,Monday,January,1,26.9769,75.8072,Minor
ACC1258,Kerala,Kochi,Foggy,State Highway,Wet,Daylight,Car,56,Female,No,100,01:05,Saturday,June,1,9.9159,76.3577,Minor
ACC1259,Uttar Pradesh,Varanasi,Foggy,Rural Road,Wet,Daylight,LCV,39,Female,No,120,18:52,Friday,March,1,25.3186,82.9765,Serious
ACC1260,Punjab,Amritsar,Clear,City Road,Wet,Twilight/Dusk,Heavy Truck,22,Male,No,80,18:38,Thursday,March,1,31.6945,74.9505,Serious
ACC1261,Rajasthan,Jaipur,Foggy,National Highway,Wet,Night - Darkness,LCV,20,Female,No,50,11:55,Monday,June,1,26.9184,75.8789,Minor
ACC1262,Delhi,New Delhi,Heavy Rain,State Highway,Slippery,Night - Darkness,Heavy Truck,32,Female,No,100,18:30,Friday,May,3,28.7111,77.1883,Minor
ACC1263,Gujarat,Surat,Sunny,National Highway,Wet,Night - Street Lights On,Two-Wheeler,46,Male,No,120,19:59,Friday,August,2,21.2184,72.806,Fatal
ACC1264,Bihar,Patna,Sunny,Rural Road,Under Construction,Night - Darkness,Car,58,Male,No,80,18:31,Friday,May,2,25.648,85.1583,Minor
ACC1265,Madhya Pradesh,Indore,Clear,State Highway,Dry,Twilight/Dusk,LCV,58,Male,Yes,50,07:18,Friday,July,2,22.7138,75.7911,Fatal
ACC1266,Kerala,Thiruvananthapuram,Heavy Rain,City Road,Slippery,Night - Street Lights On,Two-Wheeler,43,Male,Yes,60,16:27,Thursday,November,1,8.5297,76.9809,Minor
ACC1267,Haryana,Gurugram,Heavy Rain,State Highway,Slippery,Night - Darkness,LCV,41,Female,Yes,40,17:32,Saturday,June,2,28.4689,77.0778,Minor
ACC1268,Gujarat,Ahmedabad,Clear,Rural Road,Under Construction,Twilight/Dusk,Car,30,Female,No,80,03:23,Tuesday,May,0,23.0282,72.5632,Minor
ACC1269,Karnataka,Mysuru,Clear,Rural Road,Slippery,Daylight,Two-Wheeler,38,Male,Yes,40,21:17,Tuesday,April,1,12.2933,76.6395,Minor
ACC1270,Uttar Pradesh,Varanasi,Clear,Rural Road,Dry,Daylight,Car,55,Female,No,60,18:55,Saturday,October,2,25.2631,82.9507,Fatal
ACC1271,Madhya Pradesh,Indore,Foggy,Expressway,Wet,Daylight,LCV,27,Male,No,90,16:19,Tuesday,January,1,22.6531,75.8617,Fatal
ACC1272,Uttar Pradesh,Lucknow,Heavy Rain,State Highway,Slippery,Twilight/Dusk,Heavy Truck,40,Male,No,60,13:27,Thursday,June,1,26.8821,80.9627,Fatal
ACC1273,Madhya Pradesh,Indore,Foggy,Expressway,Wet,Daylight,LCV,26,Male,No,100,16:11,Tuesday,January,1,22.6783,75.8935,Minor
ACC1274,Kerala,Thiruvananthapuram,Heavy Rain,National Highway,Slippery,Night - Darkness,Auto-Rickshaw,34,Male,No,100,08:12,Wednesday,February,4,8.5376,76.9817,Serious
ACC1275,Gujarat,Surat,Sunny,National Highway,Dry,Night - Street Lights On,Car,44,Male,Yes,60,11:21,Friday,September,4,21.1991,72.835,Minor
ACC1276,Gujarat,Surat,Mist,National Highway,Wet,Daylight,Bus,47,Female,No,50,16:51,Thursday,February,2,21.1552,72.8204,Fatal
ACC1277,Tamil Nadu,Coimbatore,Clear,State Highway,Gravel,Daylight,Bus,65,Male,No,50,12:35,Sunday,June,2,11.0178,76.9682,Fatal
ACC1278,Punjab,Ludhiana,Mist,National Highway,Wet,Night - Street Lights On,Auto-Rickshaw,62,Male,No,80,22:15,Friday,February,3,30.9189,75.7989,Minor
ACC1279,Uttar Pradesh,Kanpur,Heavy Rain,Rural Road,Slippery,Daylight,LCV,43,Male,No,50,20:07,Thursday,November,1,26.4106,80.4001,Serious
ACC1280,Gujarat,Surat,Mist,State Highway,Wet,Night - Darkness,Two-Wheeler,57,Male,No,120,19:04,Sunday,April,1,21.1231,72.7761,Minor
ACC1281,Punjab,Amritsar,Clear,City Road,Wet,Night - Darkness,Auto-Rickshaw,44,Male,Yes,120,21:26,Wednesday,March,3,31.6929,74.8427,Minor
ACC1282,Kerala,Kochi,Clear,City Road,Wet,Night - Street Lights On,Heavy Truck,40,Male,No,40,22:06,Monday,January,0,9.8703,76.2577,Fatal
ACC1283,Tamil Nadu,Coimbatore,Clear,State Highway,Gravel,Daylight,Bus,65,Male,No,100,12:21,Sunday,June,2,11.0086,76.9388,Fatal
ACC1284,Telangana,Hyderabad,Foggy,National Highway,Wet,Daylight,Bus,23,Male,No,50,13:14,Monday,May,3,17.4639,78.5507,Serious
ACC1285,Haryana,Gurugram,Foggy,Expressway,Wet,Twilight/Dusk,Auto-Rickshaw,47,Female,No,60,09:45,Friday,January,3,28.4319,77.0374,Serious
ACC1286,Delhi,New Delhi,Clear,Expressway,Wet,Daylight,Two-Wheeler,22,Female,No,120,01:19,Monday,December,1,28.6763,77.2047,Fatal
ACC1287,Uttar Pradesh,Varanasi,Clear,National Highway,Gravel,Daylight,Car,30,Male,No,40,00:35,Sunday,March,1,25.3921,83.0049,Serious
ACC1288,Gujarat,Surat,Clear,National Highway,Under Construction,Night - Darkness,Two-Wheeler,45,Male,No,90,10:30,Wednesday,May,2,21.1364,72.8601,Serious
ACC1289,Tamil Nadu,Coimbatore,Clear,Rural Road,Under Construction,Twilight/Dusk,Bus,50,Male,No,40,01:44,Saturday,October,1,11.0192,76.986,Minor
ACC1290,Madhya Pradesh,Indore,Mist,State Highway,Wet,Daylight,LCV,24,Female,No,80,08:30,Monday,June,2,22.8024,75.843,Minor
ACC1291,Kerala,Kochi,Clear,State Highway,Dry,Daylight,Heavy Truck,32,Male,No,50,23:13,Tuesday,March,1,9.991,76.2076,Serious
ACC1292,West Bengal,Kolkata,Foggy,Expressway,Wet,Night - Street Lights On,Bus,30,Female,No,40,18:50,Friday,September,6,22.5749,88.3923,Minor
ACC1293,Gujarat,Ahmedabad,Clear,State Highway,Dry,Night - Street Lights On,Two-Wheeler,52,Male,No,100,12:35,Saturday,December,2,23.0406,72.5449,Minor
ACC1294,Tamil Nadu,Coimbatore,Clear,Rural Road,Under Construction,Twilight/Dusk,Bus,56,Male,No,100,01:36,Saturday,October,1,11.0345,76.9705,Serious
ACC1295,Gujarat,Ahmedabad,Clear,State Highway,Dry,Night - Street Lights On,Two-Wheeler,52,Male,No,100,12:26,Saturday,December,2,23.0358,72.5589,Serious
ACC1296,Rajasthan,Jaipur,Clear,State Highway,Gravel,Night - Street Lights On,Two-Wheeler,25,Female,No,120,04:15,Sunday,March,0,26.8548,75.875,Fatal
ACC1297,Rajasthan,Udaipur,Heavy Rain,Rural Road,Slippery,Night - Street Lights On,Auto-Rickshaw,67,Male,No,60,17:02,Wednesday,January,0,24.5264,73.7498,Minor
ACC1298,Gujarat,Ahmedabad,Clear,City Road,Gravel,Night - Street Lights On,Two-Wheeler,43,Male,Yes,70,14:52,Saturday,December,3,23.1084,72.4981,Minor
ACC1299,Maharashtra,Mumbai,Clear,Expressway,Under Construction,Night - Darkness,Auto-Rickshaw,50,Male,Yes,60,16:46,Sunday,June,6,19.0644,72.7986,Minor
ACC1300,West Bengal,Kolkata,Sunny,Expressway,Dry,Daylight,Car,37,Male,No,90,11:21,Sunday,July,1,22.64,88.384,Fatal
ACC1301,Uttar Pradesh,Varanasi,Sunny,National Highway,Dry,Daylight,Bus,39,Male,Yes,50,21:59,Tuesday,November,5,25.3441,83.0181,Minor
ACC1302,West Bengal,Kolkata,Heavy Rain,Rural Road,Slippery,Night - Darkness,Two-Wheeler,37,Male,No,70,23:08,Wednesday,October,3,22.6527,88.3253,Fatal
ACC1303,Tamil Nadu,Coimbatore,Clear,Rural Road,Under Construction,Twilight/Dusk,Bus,52,Male,No,70,01:39,Saturday,October,1,11.0175,76.9802,Fatal
ACC1304,Tamil Nadu,Madurai,Mist,Expressway,Wet,Daylight,Auto-Rickshaw,48,Male,No,90,01:30,Sunday,July,2,9.8872,78.1457,Serious
ACC1305,Uttar Pradesh,Kanpur,Clear,State Highway,Dry,Night - Street Lights On,Heavy Truck,22,Male,No,100,12:34,Tuesday,August,2,26.3576,80.3544,Minor
ACC1306,Karnataka,Bengaluru,Clear,National Highway,Wet,Night - Darkness,Two-Wheeler,24,Male,No,50,11:30,Saturday,December,6,13.0013,77.5372,Fatal
ACC1307,Rajasthan,Jaipur,Foggy,Rural Road,Wet,Night - Street Lights On,LCV,54,Female,Yes,60,03:32,Saturday,November,3,26.953,75.7865,Serious
ACC1308,Punjab,Amritsar,Foggy,National Highway,Wet,Night - Darkness,Car,33,Male,Yes,100,21:58,Saturday,December,3,31.6809,74.8444,Minor
ACC1309,Tamil Nadu,Chennai,Sunny,City Road,Under Construction,Daylight,Auto-Rickshaw,29,Male,No,40,15:51,Thursday,December,2,13.0697,80.2572,Serious
ACC1310,West Bengal,Kolkata,Foggy,Expressway,Wet,Night - Street Lights On,Bus,25,Female,No,40,18:36,Friday,September,6,22.5631,88.3752,Minor
ACC1311,Gujarat,Surat,Mist,National Highway,Wet,Daylight,Bus,47,Female,No,90,16:56,Thursday,February,2,21.1651,72.8235,Minor
ACC1312,Assam,Guwahati,Mist,Expressway,Wet,Night - Darkness,Two-Wheeler,55,Male,Yes,40,13:34,Friday,October,6,26.0841,91.7396,Minor
ACC1313,Maharashtra,Nagpur,Clear,State Highway,Wet,Daylight,Two-Wheeler,55,Female,No,70,23:52,Monday,August,2,21.1188,79.072,Fatal
ACC1314,Rajasthan,Jaipur,Clear,State Highway,Dry,Night - Street Lights On,Car,60,Male,No,70,14:06,Saturday,March,0,26.8719,75.7419,Fatal
ACC1315,Maharashtra,Pune,Clear,National Highway,Dry,Night - Darkness,Car,57,Male,Yes,120,00:27,Friday,August,4,18.5083,73.8966,Fatal
ACC1316,Delhi,New Delhi,Heavy Rain,National Highway,Slippery,Night - Street Lights On,Heavy Truck,37,Male,No,40,15:33,Sunday,February,4,28.6891,77.2872,Fatal
ACC1317,Tamil Nadu,Madurai,Mist,State Highway,Wet,Daylight,Heavy Truck,53,Female,No,120,02:18,Thursday,May,0,9.9018,78.1439,Serious
ACC1318,Karnataka,Bengaluru,Clear,State Highway,Slippery,Night - Street Lights On,LCV,27,Male,No,120,22:44,Tuesday,February,2,12.9073,77.6618,Minor
ACC1319,Maharashtra,Pune,Clear,State Highway,Gravel,Night - Street Lights On,Two-Wheeler,40,Female,No,70,21:24,Monday,March,0,18.4889,73.8719,Fatal
ACC1320,Uttar Pradesh,Lucknow,Foggy,Rural Road,Wet,Twilight/Dusk,Heavy Truck,22,Male,No,70,05:48,Monday,December,3,26.8698,80.8932,Minor
ACC1321,Gujarat,Surat,Foggy,Rural Road,Wet,Night - Darkness,Auto-Rickshaw,65,Female,No,90,04:59,Friday,January,1,21.1239,72.862,Minor
ACC1322,Gujarat,Ahmedabad,Heavy Rain,Rural Road,Slippery,Daylight,Two-Wheeler,63,Male,No,100,05:44,Thursday,August,0,22.9664,72.6493,Minor
ACC1323,Uttar Pradesh,Varanasi,Clear,Rural Road,Dry,Daylight,Car,52,Male,No,60,18:40,Friday,October,2,25.3396,82.9507,Minor
ACC1324,Madhya Pradesh,Indore,Clear,State Highway,Dry,Twilight/Dusk,LCV,62,Male,Yes,60,07:53,Friday,July,2,22.7233,75.7832,Fatal
ACC1325,Delhi,New Delhi,Heavy Rain,State Highway,Slippery,Night - Darkness,Heavy Truck,28,Female,No,70,17:57,Friday,May,3,28.7077,77.1585,Minor
ACC1326,Punjab,Amritsar,Clear,City Road,Dry,Daylight,Auto-Rickshaw,50,Male,No,50,00:54,Wednesday,October,2,31.6802,74.9367,Minor
ACC1327,Uttar Pradesh,Lucknow,Mist,Expressway,Wet,Twilight/Dusk,Heavy Truck,42,Male,No,60,13:30,Friday,October,3,26.8167,80.9998,Minor
ACC1328,Madhya Pradesh,Indore,Foggy,Expressway,Wet,Daylight,LCV,21,Male,No,50,17:01,Tuesday,January,1,22.6723,75.8945,Minor
ACC1329,Kerala,Kochi,Clear,State Highway,Dry,Daylight,Heavy Truck,34,Male,No,100,23:15,Tuesday,March,1,10.0058,76.1872,Fatal
ACC1330,Tamil Nadu,Coimbatore,Clear,National Highway,Wet,Night - Darkness,Car,49,Male,No,80,17:53,Wednesday,November,2,11.1025,76.9368,Fatal
ACC1331,Madhya Pradesh,Bhopal,Clear,State Highway,Slippery,Daylight,Car,47,Male,No,120,07:57,Monday,January,2,23.202,77.4234,Serious
ACC1332,Madhya Pradesh,Indore,Clear,Expressway,Dry,Daylight,Two-Wheeler,59,Female,Yes,60,06:17,Friday,October,2,22.6464,75.9137,Minor
ACC1333,Telangana,Hyderabad,Foggy,National Highway,Wet,Daylight,Bus,21,Male,No,100,13:09,Monday,May,3,17.4666,78.5545,Minor
ACC1334,Kerala,Thiruvananthapuram,Heavy Rain,City Road,Slippery,Night - Street Lights On,Two-Wheeler,46,Male,Yes,40,16:26,Thursday,November,1,8.5322,76.9685,Minor
ACC1335,Rajasthan,Udaipur,Mist,City Road,Wet,Daylight,LCV,32,Male,No,60,06:13,Wednesday,June,1,24.5866,73.6197,Minor
ACC1336,Maharashtra,Mumbai,Foggy,National Highway,Wet,Night - Darkness,Auto-Rickshaw,55,Male,No,40,07:01,Saturday,December,2,19.0019,72.9739,Minor
ACC1337,Rajasthan,Udaipur,Heavy Rain,National Highway,Slippery,Twilight/Dusk,Bus,30,Female,No,60,02:05,Wednesday,February,6,24.5287,73.6552,Fatal
ACC1338,Uttar Pradesh,Kanpur,Mist,Expressway,Wet,Daylight,Auto-Rickshaw,62,Male,No,40,14:04,Monday,December,1,26.3896,80.3446,Serious
ACC1339,Gujarat,Surat,Mist,City Road,Wet,Twilight/Dusk,Bus,58,Female,No,60,11:44,Sunday,September,1,21.1128,72.7906,Serious
ACC1340,Punjab,Amritsar,Clear,City Road,Wet,Twilight/Dusk,Heavy Truck,18,Male,No,90,19:08,Thursday,March,1,31.7133,74.9378,Fatal
ACC1341,Punjab,Amritsar,Heavy Rain,State Highway,Slippery,Daylight,Auto-Rickshaw,58,Female,No,120,07:45,Saturday,March,2,31.6101,74.8911,Serious
ACC1342,Karnataka,Bengaluru,Clear,National Highway,Wet,Night - Darkness,Two-Wheeler,26,Male,No,70,12:07,Saturday,December,6,12.9921,77.5179,Serious
ACC1343,Uttarakhand,Dehradun,Heavy Rain,City Road,Slippery,Daylight,Auto-Rickshaw,39,Female,No,120,04:55,Friday,January,1,30.2583,77.9787,Minor
ACC1344,Gujarat,Ahmedabad,Clear,State Highway,Dry,Daylight,Two-Wheeler,38,Male,No,100,23:41,Friday,March,2,23.0394,72.582,Minor
ACC1345,Tamil Nadu,Coimbatore,Sunny,City Road,Dry,Night - Street Lights On,Car,18,Male,No,60,16:20,Sunday,September,1,11.0483,76.8689,Fatal
ACC1346,Maharashtra,Mumbai,Clear,Rural Road,Dry,Daylight,LCV,53,Female,No,90,18:00,Saturday,August,0,19.1707,72.9063,Serious
ACC1347,Kerala,Thiruvananthapuram,Clear,City Road,Wet,Night - Street Lights On,Auto-Rickshaw,63,Male,No,40,12:48,Saturday,December,1,8.5978,77.003,Serious
ACC1348,Uttar Pradesh,Varanasi,Clear,National Highway,Gravel,Daylight,Car,34,Male,No,60,00:03,Sunday,March,1,25.4013,83.031,Fatal
ACC1349,Karnataka,Bengaluru,Clear,Expressway,Slippery,Twilight/Dusk,LCV,56,Male,No,90,17:57,Wednesday,September,1,12.8994,77.5639,Minor
ACC1350,Maharashtra,Pune,Foggy,City Road,Wet,Night - Darkness,Two-Wheeler,18,Female,Yes,80,23:03,Friday,May,2,18.5215,73.8635,Serious
ACC1351,Uttar Pradesh,Kanpur,Heavy Rain,Rural Road,Slippery,Twilight/Dusk,Car,44,Male,No,100,12:22,Sunday,October,1,26.5179,80.3523,Serious
ACC1352,Kerala,Thiruvananthapuram,Clear,Expressway,Gravel,Daylight,Bus,46,Male,No,60,16:55,Wednesday,January,1,8.5115,76.9312,Minor
ACC1353,Madhya Pradesh,Indore,Foggy,National Highway,Wet,Night - Darkness,Heavy Truck,55,Male,No,100,12:15,Thursday,February,2,22.6659,75.8872,Serious
ACC1354,West Bengal,Kolkata,Foggy,National Highway,Wet,Night - Darkness,Bus,58,Male,Yes,40,22:02,Sunday,October,6,22.5739,88.3454,Minor
ACC1355,Punjab,Amritsar,Mist,Expressway,Wet,Night - Street Lights On,Two-Wheeler,27,Male,Yes,100,04:55,Thursday,August,6,31.5878,74.9111,Fatal
ACC1356,Karnataka,Bengaluru,Mist,Rural Road,Wet,Daylight,Bus,18,Male,No,50,16:02,Monday,September,0,12.9373,77.5168,Minor
ACC1357,Haryana,Gurugram,Heavy Rain,National Highway,Slippery,Daylight,Heavy Truck,18,Female,No,120,14:32,Monday,April,1,28.5083,77.0184,Fatal
ACC1358,Tamil Nadu,Coimbatore,Foggy,State Highway,Wet,Night - Street Lights On,LCV,26,Male,Yes,40,07:29,Sunday,May,3,11.0228,76.9477,Minor
ACC1359,Rajasthan,Jaipur,Clear,City Road,Wet,Daylight,Two-Wheeler,50,Male,No,100,20:38,Monday,January,1,26.9846,75.7991,Fatal
ACC1360,Assam,Guwahati,Clear,State Highway,Slippery,Twilight/Dusk,Car,48,Male,No,100,14:26,Wednesday,January,1,26.0732,91.6717,Minor
ACC1361,Maharashtra,Mumbai,Clear,Rural Road,Dry,Daylight,LCV,53,Female,No,40,18:50,Saturday,August,0,19.1558,72.8995,Minor
ACC1362,Punjab,Amritsar,Clear,City Road,Dry,Daylight,Auto-Rickshaw,51,Male,No,90,01:07,Wednesday,October,2,31.6722,74.9442,Minor
ACC1363,Rajasthan,Udaipur,Heavy Rain,Rural Road,Slippery,Night - Darkness,Heavy Truck,49,Male,No,40,22:53,Sunday,July,2,24.5727,73.6442,Fatal
ACC1364,Uttar Pradesh,Kanpur,Clear,National Highway,Under Construction,Daylight,LCV,18,Male,No,40,19:43,Saturday,August,2,26.4769,80.376,Fatal
ACC1365,Kerala,Thiruvananthapuram,Foggy,Rural Road,Wet,Twilight/Dusk,Auto-Rickshaw,37,Male,No,50,14:58,Wednesday,September,1,8.4739,76.883,Serious
ACC1366,Uttar Pradesh,Kanpur,Heavy Rain,Rural Road,Slippery,Twilight/Dusk,Car,45,Male,No,70,11:54,Sunday,October,1,26.5244,80.375,Serious
ACC1367,Tamil Nadu,Chennai,Sunny,City Road,Under Construction,Daylight,Auto-Rickshaw,32,Male,No,120,15:16,Thursday,December,2,13.0686,80.261,Fatal
ACC1368,Odisha,Bhubaneswar,Clear,City Road,Under Construction,Daylight,Car,46,Male,No,120,20:02,Saturday,December,0,20.239,85.7632,Minor
ACC1369,Gujarat,Ahmedabad,Clear,City Road,Under Construction,Night - Street Lights On,Heavy Truck,43,Female,No,50,03:57,Tuesday,October,2,23.1122,72.5987,Minor
ACC1370,Kerala,Thiruvananthapuram,Foggy,National Highway,Wet,Twilight/Dusk,Bus,41,Male,No,100,02:39,Friday,April,6,8.4723,76.8616,Minor
ACC1371,Odisha,Bhubaneswar,Clear,National Highway,Slippery,Night - Street Lights On,Two-Wheeler,54,Male,Yes,120,01:09,Thursday,March,3,20.208,85.7722,Serious
ACC1372,Bihar,Patna,Foggy,State Highway,Wet,Twilight/Dusk,Two-Wheeler,53,Male,Yes,90,13:40,Friday,April,3,25.5495,85.1095,Serious
ACC1373,Maharashtra,Nagpur,Clear,State Highway,Dry,Daylight,Bus,62,Male,No,90,19:38,Friday,July,1,21.1692,79.0624,Fatal
ACC1374,Kerala,Thiruvananthapuram,Heavy Rain,National Highway,Slippery,Night - Darkness,Auto-Rickshaw,36,Male,No,40,08:09,Wednesday,February,4,8.5351,76.971,Minor
ACC1375,Bihar,Patna,Foggy,State Highway,Wet,Twilight/Dusk,Two-Wheeler,55,Male,Yes,100,13:11,Friday,April,3,25.5608,85.1085,Minor
ACC1376,Kerala,Thiruvananthapuram,Clear,City Road,Wet,Night - Street Lights On,Heavy Truck,34,Male,No,50,18:17,Saturday,March,0,8.5968,76.9511,Minor
ACC1377,Uttarakhand,Dehradun,Heavy Rain,City Road,Slippery,Daylight,Auto-Rickshaw,43,Female,No,70,04:26,Friday,January,1,30.2668,77.9781,Minor
ACC1378,Tamil Nadu,Madurai,Foggy,State Highway,Wet,Daylight,LCV,22,Male,No,40,15:36,Wednesday,March,0,9.9061,78.1778,Minor
ACC1379,Kerala,Thiruvananthapuram,Clear,National Highway,Dry,Daylight,Auto-Rickshaw,58,Female,Yes,100,19:48,Monday,November,6,8.4716,76.9056,Serious
ACC1380,Jammu and Kashmir,Srinagar,Clear,National Highway,Slippery,Daylight,Bus,24,Male,No,80,17:38,Saturday,February,2,34.0668,74.7213,Fatal
ACC1381,Tamil Nadu,Chennai,Clear,Rural Road,Gravel,Daylight,Car,22,Male,No,70,07:00,Monday,June,0,13.0227,80.2072,Fatal
ACC1382,Kerala,Thiruvananthapuram,Clear,City Road,Wet,Night - Street Lights On,Auto-Rickshaw,62,Male,No,100,12:02,Saturday,December,1,8.5636,77.0212,Fatal
ACC1383,Gujarat,Ahmedabad,Clear,State Highway,Dry,Daylight,Two-Wheeler,41,Male,No,40,23:25,Friday,March,2,23.0457,72.5679,Minor
ACC1384,Uttar Pradesh,Lucknow,Clear,National Highway,Under Construction,Night - Darkness,Two-Wheeler,30,Male,Yes,80,01:29,Friday,November,2,26.9328,80.989,Minor
ACC1385,Punjab,Ludhiana,Mist,National Highway,Wet,Twilight/Dusk,Two-Wheeler,56,Male,No,80,14:25,Wednesday,November,1,30.8584,75.8367,Serious
ACC1386,Kerala,Thiruvananthapuram,Clear,National Highway,Dry,Daylight,Auto-Rickshaw,62,Female,Yes,120,19:22,Monday,November,6,8.4694,76.9178,Serious
ACC1387,Telangana,Hyderabad,Clear,State Highway,Dry,Daylight,Bus,53,Male,No,80,04:01,Wednesday,February,2,17.383,78.4585,Serious
ACC1388,Uttar Pradesh,Varanasi,Clear,City Road,Under Construction,Night - Street Lights On,LCV,31,Male,No,50,21:20,Tuesday,February,1,25.3046,82.9685,Fatal
ACC1389,Jammu and Kashmir,Srinagar,Clear,Rural Road,Dry,Daylight,Two-Wheeler,32,Female,No,100,10:28,Thursday,October,0,34.0292,74.7659,Serious
ACC1390,Madhya Pradesh,Indore,Foggy,Expressway,Wet,Daylight,LCV,32,Female,No,40,02:01,Saturday,February,1,22.7676,75.9137,Serious
ACC1391,Madhya Pradesh,Indore,Clear,Expressway,Slippery,Night - Darkness,Two-Wheeler,46,Male,No,70,06:20,Wednesday,February,4,22.779,75.8674,Minor
ACC1392,Gujarat,Ahmedabad,Foggy,National Highway,Wet,Daylight,Heavy Truck,47,Female,No,80,17:51,Tuesday,June,2,23.0749,72.5921,Serious
ACC1393,Gujarat,Surat,Sunny,National Highway,Slippery,Daylight,Auto-Rickshaw,48,Male,No,40,09:35,Monday,July,2,21.096,72.8448,Fatal
ACC1394,Madhya Pradesh,Indore,Foggy,National Highway,Wet,Night - Darkness,Heavy Truck,59,Male,No,40,12:14,Thursday,February,2,22.6564,75.8767,Minor
ACC1395,Haryana,Gurugram,Heavy Rain,National Highway,Slippery,Daylight,Heavy Truck,20,Female,No,70,14:27,Monday,April,1,28.5034,77.0342,Minor
ACC1396,Rajasthan,Jaipur,Foggy,Rural Road,Wet,Night - Street Lights On,LCV,51,Female,Yes,40,04:11,Saturday,November,3,26.9582,75.7876,Fatal
ACC1397,Karnataka,Mysuru,Clear,Rural Road,Slippery,Daylight,Two-Wheeler,34,Male,Yes,120,21:39,Tuesday,April,1,12.2876,76.6458,Fatal
ACC1398,Tamil Nadu,Madurai,Sunny,City Road,Slippery,Daylight,Heavy Truck,62,Female,No,100,20:28,Sunday,February,1,9.9558,78.1546,Fatal
ACC1399,Uttar Pradesh,Varanasi,Clear,National Highway,Gravel,Daylight,Car,34,Male,No,50,00:33,Sunday,March,1,25.3957,83.0394,Minor
ACC1400,Kerala,Thiruvananthapuram,Clear,City Road,Wet,Night - Street Lights On,Auto-Rickshaw,58,Male,No,120,12:29,Saturday,December,1,8.5766,77.004,Minor
ACC1401,Punjab,Amritsar,Heavy Rain,State Highway,Slippery,Daylight,Auto-Rickshaw,58,Female,No,100,07:45,Saturday,March,2,31.6288,74.8861,Minor
ACC1402,Delhi,New Delhi,Heavy Rain,State Highway,Slippery,Night - Darkness,Heavy Truck,34,Female,No,120,18:31,Friday,May,3,28.6895,77.1721,Minor
ACC1403,Rajasthan,Jaipur,Foggy,City Road,Wet,Daylight,LCV,58,Male,No,70,05:20,Thursday,June,1,26.8481,75.8089,Serious
ACC1404,Karnataka,Bengaluru,Mist,Rural Road,Wet,Daylight,Bus,18,Male,No,120,16:40,Monday,September,0,12.9202,77.5237,Fatal
ACC1405,Haryana,Gurugram,Clear,Rural Road,Dry,Night - Street Lights On,Auto-Rickshaw,39,Male,Yes,40,20:21,Monday,December,1,28.4993,77.1031,Fatal
ACC1406,Delhi,New Delhi,Clear,National Highway,Dry,Twilight/Dusk,LCV,19,Male,Yes,70,11:41,Thursday,October,2,28.6081,77.2405,Minor
ACC1407,Gujarat,Ahmedabad,Foggy,National Highway,Wet,Daylight,Heavy Truck,47,Female,No,60,18:33,Tuesday,June,2,23.0697,72.5648,Minor
ACC1408,Maharashtra,Pune,Heavy Rain,National Highway,Slippery,Night - Darkness,LCV,21,Male,Yes,120,01:46,Wednesday,October,6,18.6138,73.9219,Serious
ACC1409,Tamil Nadu,Coimbatore,Clear,Rural Road,Wet,Daylight,Heavy Truck,28,Male,No,70,19:12,Monday,September,2,10.9746,77.002,Serious
ACC1410,Assam,Guwahati,Clear,Rural Road,Dry,Night - Darkness,Two-Wheeler,54,Male,Yes,40,22:30,Wednesday,June,2,26.1427,91.6765,Serious
ACC1411,Punjab,Amritsar,Clear,City Road,Dry,Daylight,Auto-Rickshaw,45,Male,No,70,00:41,Wednesday,October,2,31.6696,74.9424,Minor
ACC1412,Rajasthan,Jaipur,Foggy,Rural Road,Wet,Night - Street Lights On,LCV,48,Female,Yes,60,03:33,Saturday,November,3,26.9391,75.7713,Serious
ACC1413,Telangana,Hyderabad,Foggy,National Highway,Wet,Daylight,Bus,21,Male,No,60,12:43,Monday,May,3,17.4343,78.5579,Minor
ACC1414,West Bengal,Kolkata,Foggy,Expressway,Wet,Night - Street Lights On,Bus,24,Female,No,120,18:25,Friday,September,6,22.5598,88.3946,Serious
ACC1415,Maharashtra,Mumbai,Foggy,National Highway,Wet,Night - Darkness,Auto-Rickshaw,61,Male,No,120,06:48,Saturday,December,2,18.9855,72.9643,Minor
ACC1416,Kerala,Thiruvananthapuram,Heavy Rain,National Highway,Slippery,Twilight/Dusk,Heavy Truck,35,Male,Yes,90,12:21,Sunday,November,3,8.4823,76.9335,Fatal
ACC1417,Punjab,Amritsar,Clear,City Road,Wet,Night - Darkness,Auto-Rickshaw,46,Male,Yes,90,21:23,Wednesday,March,3,31.6891,74.8776,Minor
ACC1418,Kerala,Thiruvananthapuram,Foggy,Rural Road,Wet,Twilight/Dusk,Auto-Rickshaw,41,Male,No,70,15:25,Wednesday,September,1,8.4685,76.8853,Serious
ACC1419,Kerala,Thiruvananthapuram,Foggy,National Highway,Wet,Twilight/Dusk,Bus,40,Male,No,100,02:39,Friday,April,6,8.4699,76.8646,Minor
ACC1420,Uttar Pradesh,Varanasi,Clear,State Highway,Dry,Daylight,Two-Wheeler,64,Male,No,120,02:26,Wednesday,June,2,25.2849,83.0489,Minor
ACC1421,Karnataka,Mysuru,Clear,Rural Road,Slippery,Daylight,Two-Wheeler,39,Male,Yes,90,21:18,Tuesday,April,1,12.3043,76.6123,Serious
ACC1422,Punjab,Ludhiana,Mist,National Highway,Wet,Night - Street Lights On,Auto-Rickshaw,58,Male,No,70,21:38,Friday,February,3,30.9425,75.7855,Serious
ACC1423,West Bengal,Kolkata,Heavy Rain,Rural Road,Slippery,Night - Darkness,Two-Wheeler,37,Male,No,60,23:21,Wednesday,October,3,22.6482,88.3172,Serious
ACC1424,Uttar Pradesh,Kanpur,Clear,National Highway,Slippery,Daylight,Two-Wheeler,36,Male,No,50,01:26,Monday,April,1,26.4879,80.3829,Fatal
ACC1425,Tamil Nadu,Coimbatore,Foggy,State Highway,Wet,Night - Street Lights On,LCV,31,Male,Yes,70,07:13,Sunday,May,3,10.9917,76.978,Minor
ACC1426,Uttar Pradesh,Kanpur,Mist,Expressway,Wet,Daylight,Auto-Rickshaw,60,Male,No,80,14:08,Monday,December,1,26.364,80.3763,Minor
ACC1427,Delhi,New Delhi,Heavy Rain,National Highway,Slippery,Night - Street Lights On,Heavy Truck,37,Male,No,120,15:33,Sunday,February,4,28.6609,77.2598,Minor
ACC1428,Uttarakhand,Dehradun,Clear,City Road,Dry,Daylight,LCV,20,Male,No,100,13:56,Sunday,August,2,30.3615,78.0826,Minor
ACC1429,Odisha,Bhubaneswar,Clear,City Road,Under Construction,Daylight,Car,45,Male,No,80,19:32,Saturday,December,0,20.2041,85.7765,Minor
ACC1430,Karnataka,Mysuru,Clear,Rural Road,Slippery,Daylight,Two-Wheeler,38,Male,Yes,40,21:23,Tuesday,April,1,12.2823,76.6122,Fatal
ACC1431,Karnataka,Bengaluru,Sunny,Expressway,Under Construction,Night - Darkness,LCV,58,Male,Yes,80,04:26,Saturday,October,6,13.0504,77.5852,Minor
ACC1432,Kerala,Kochi,Clear,State Highway,Dry,Daylight,Heavy Truck,62,Female,No,40,11:10,Tuesday,September,1,9.9858,76.2724,Serious
ACC1433,Tamil Nadu,Chennai,Clear,Expressway,Dry,Daylight,Car,41,Male,No,70,22:15,Saturday,July,2,13.093,80.2986,Serious
ACC1434,Gujarat,Surat,Sunny,National Highway,Wet,Night - Street Lights On,Two-Wheeler,46,Male,No,40,20:20,Friday,August,2,21.2231,72.7822,Minor
ACC1435,West Bengal,Kolkata,Foggy,National Highway,Wet,Night - Darkness,Bus,52,Male,Yes,80,21:50,Sunday,October,6,22.5944,88.365,Fatal
ACC1436,Kerala,Thiruvananthapuram,Clear,National Highway,Dry,Night - Darkness,Bus,27,Male,Yes,60,14:23,Thursday,March,4,8.4907,76.9898,Fatal
ACC1437,Haryana,Gurugram,Heavy Rain,State Highway,Slippery,Night - Darkness,LCV,42,Female,Yes,80,17:11,Saturday,June,2,28.4853,77.0638,Minor
ACC1438,Tamil Nadu,Chennai,Clear,Expressway,Dry,Daylight,Car,37,Male,No,40,22:19,Saturday,July,2,13.0785,80.3052,Fatal
ACC1439,Karnataka,Mysuru,Mist,City Road,Wet,Night - Street Lights On,Heavy Truck,63,Male,Yes,120,20:48,Wednesday,May,3,12.2285,76.5736,Serious
ACC1440,Maharashtra,Mumbai,Mist,City Road,Wet,Daylight,Car,66,Male,Yes,120,06:34,Thursday,August,1,19.0175,72.8124,Serious
ACC1441,Karnataka,Bengaluru,Sunny,Expressway,Under Construction,Night - Darkness,LCV,59,Male,Yes,80,04:21,Saturday,October,6,13.0206,77.5942,Serious
ACC1442,Kerala,Thiruvananthapuram,Clear,Expressway,Gravel,Daylight,Bus,42,Male,No,100,16:55,Wednesday,January,1,8.5152,76.9381,Minor
ACC1443,Gujarat,Ahmedabad,Heavy Rain,Rural Road,Slippery,Daylight,Two-Wheeler,63,Male,No,70,05:46,Thursday,August,0,22.9853,72.6489,Serious
ACC1444,Punjab,Ludhiana,Mist,National Highway,Wet,Twilight/Dusk,Two-Wheeler,51,Male,No,70,14:12,Wednesday,November,1,30.8364,75.8102,Minor
ACC1445,Uttarakhand,Dehradun,Clear,City Road,Dry,Daylight,LCV,20,Male,No,50,14:00,Sunday,August,2,30.3418,78.086,Minor
ACC1446,West Bengal,Kolkata,Sunny,Expressway,Dry,Daylight,Car,36,Male,No,50,11:15,Sunday,July,1,22.6404,88.4044,Minor
ACC1447,Gujarat,Surat,Mist,National Highway,Wet,Daylight,Bus,44,Female,No,80,17:08,Thursday,February,2,21.1651,72.81,Minor
ACC1448,Rajasthan,Jaipur,Clear,State Highway,Slippery,Daylight,Car,28,Male,No,120,19:22,Tuesday,March,1,26.8295,75.7581,Serious
ACC1449,Uttar Pradesh,Varanasi,Clear,State Highway,Dry,Daylight,Two-Wheeler,63,Male,No,80,02:27,Wednesday,June,2,25.2861,83.0507,Fatal
ACC1450,Rajasthan,Jaipur,Foggy,City Road,Wet,Daylight,LCV,56,Male,No,50,05:45,Thursday,June,1,26.8644,75.8084,Minor
ACC1451,Bihar,Patna,Heavy Rain,Expressway,Slippery,Daylight,Auto-Rickshaw,51,Male,No,90,20:19,Thursday,October,3,25.5209,85.114,Minor
ACC1452,Uttar Pradesh,Lucknow,Foggy,Rural Road,Wet,Twilight/Dusk,Heavy Truck,23,Male,No,70,05:10,Monday,December,3,26.8792,80.9122,Serious
ACC1453,Madhya Pradesh,Indore,Foggy,Expressway,Wet,Daylight,LCV,25,Male,No,100,16:17,Tuesday,January,1,22.6611,75.8899,Minor
ACC1454,West Bengal,Kolkata,Clear,State Highway,Wet,Night - Street Lights On,LCV,25,Male,Yes,80,13:21,Thursday,February,1,22.5122,88.3491,Minor
ACC1455,Uttar Pradesh,Lucknow,Heavy Rain,State Highway,Slippery,Twilight/Dusk,Heavy Truck,40,Male,No,100,13:21,Thursday,June,1,26.8829,80.9298,Minor
ACC1456,Tamil Nadu,Coimbatore,Sunny,City Road,Dry,Night - Street Lights On,Car,20,Male,No,120,16:40,Sunday,September,1,11.074,76.8665,Serious
ACC1457,Tamil Nadu,Madurai,Mist,City Road,Wet,Daylight,Bus,62,Male,No,40,17:15,Wednesday,March,2,9.9774,78.1098,Fatal
ACC1458,Karnataka,Bengaluru,Clear,State Highway,Slippery,Night - Street Lights On,LCV,32,Male,No,60,22:42,Tuesday,February,2,12.8945,77.6778,Serious
ACC1459,Uttar Pradesh,Kanpur,Clear,State Highway,Slippery,Daylight,LCV,57,Female,No,90,10:00,Thursday,April,1,26.4269,80.2894,Minor
ACC1460,Gujarat,Ahmedabad,Clear,City Road,Gravel,Night - Street Lights On,Two-Wheeler,47,Male,Yes,100,14:27,Saturday,December,3,23.0909,72.5047,Minor
ACC1461,West Bengal,Kolkata,Foggy,National Highway,Wet,Night - Darkness,Bus,58,Male,Yes,60,21:57,Sunday,October,6,22.5986,88.3731,Minor
ACC1462,Rajasthan,Jaipur,Clear,State Highway,Dry,Night - Street Lights On,Car,61,Male,No,90,13:51,Saturday,March,0,26.8487,75.7239,Minor
ACC1463,Tamil Nadu,Madurai,Foggy,State Highway,Wet,Daylight,LCV,21,Male,No,120,15:18,Wednesday,March,0,9.8798,78.1786,Serious
ACC1464,Kerala,Kochi,Sunny,State Highway,Slippery,Night - Darkness,Bus,33,Male,No,120,04:14,Saturday,August,2,10.0073,76.2797,Minor
ACC1465,Tamil Nadu,Coimbatore,Heavy Rain,Expressway,Slippery,Night - Darkness,Car,26,Female,No,70,14:24,Thursday,July,2,10.9771,76.9282,Minor
ACC1466,Uttar Pradesh,Varanasi,Mist,Expressway,Wet,Night - Darkness,Two-Wheeler,50,Female,No,80,11:57,Wednesday,April,4,25.3903,82.9294,Minor
ACC1467,Haryana,Gurugram,Heavy Rain,National Highway,Slippery,Daylight,Heavy Truck,22,Female,No,80,15:17,Monday,April,1,28.4758,77.0344,Serious
ACC1468,Rajasthan,Jaipur,Clear,City Road,Wet,Daylight,Two-Wheeler,49,Male,No,120,20:56,Monday,January,1,26.975,75.817,Serious
ACC1469,Odisha,Bhubaneswar,Clear,City Road,Under Construction,Daylight,Car,51,Male,No,70,19:52,Saturday,December,0,20.2331,85.7705,Serious
ACC1470,Madhya Pradesh,Indore,Clear,Expressway,Slippery,Night - Darkness,Two-Wheeler,47,Male,No,60,05:59,Wednesday,February,4,22.7513,75.8507,Minor
ACC1471,Tamil Nadu,Chennai,Heavy Rain,Rural Road,Slippery,Twilight/Dusk,LCV,28,Female,No,100,10:31,Saturday,August,2,13.1629,80.2573,Serious
ACC1472,Maharashtra,Nagpur,Clear,State Highway,Wet,Daylight,Two-Wheeler,54,Female,No,40,23:58,Monday,August,2,21.1128,79.0854,Serious
ACC1473,Odisha,Bhubaneswar,Clear,Rural Road,Dry,Night - Darkness,Heavy Truck,36,Male,No,70,05:57,Saturday,July,3,20.2514,85.7909,Fatal
ACC1474,Odisha,Bhubaneswar,Clear,City Road,Under Construction,Daylight,Car,45,Male,No,40,20:07,Saturday,December,0,20.22,85.7848,Minor
ACC1475,Uttarakhand,Dehradun,Clear,Rural Road,Slippery,Night - Darkness,Two-Wheeler,37,Male,No,60,17:23,Saturday,September,2,30.3711,78.1163,Minor
ACC1476,Tamil Nadu,Madurai,Mist,City Road,Wet,Daylight,Bus,61,Male,No,80,17:07,Wednesday,March,2,9.9856,78.1163,Fatal
ACC1477,Punjab,Ludhiana,Sunny,State Highway,Gravel,Daylight,Two-Wheeler,29,Male,No,80,00:17,Friday,October,1,30.9789,75.8818,Fatal
ACC1478,Gujarat,Ahmedabad,Clear,State Highway,Dry,Daylight,Two-Wheeler,42,Male,No,70,23:11,Friday,March,2,23.0462,72.5502,Minor
ACC1479,Madhya Pradesh,Indore,Foggy,Expressway,Wet,Daylight,LCV,24,Male,No,70,16:18,Tuesday,January,1,22.6719,75.8577,Minor
ACC1480,Gujarat,Surat,Mist,State Highway,Wet,Night - Darkness,Two-Wheeler,64,Male,No,60,19:00,Sunday,April,1,21.1527,72.8039,Fatal
ACC1481,West Bengal,Kolkata,Clear,Rural Road,Dry,Twilight/Dusk,LCV,34,Female,No,60,03:12,Saturday,July,1,22.5274,88.3986,Fatal
ACC1482,Uttar Pradesh,Kanpur,Clear,State Highway,Slippery,Daylight,LCV,50,Female,No,60,09:59,Thursday,April,1,26.4118,80.3045,Minor
ACC1483,Gujarat,Surat,Clear,National Highway,Under Construction,Night - Darkness,Two-Wheeler,43,Male,No,60,10:24,Wednesday,May,2,21.1541,72.8613,Minor
ACC1484,Kerala,Thiruvananthapuram,Clear,National Highway,Dry,Daylight,Auto-Rickshaw,61,Female,Yes,90,19:23,Monday,November,6,8.4632,76.8864,Minor
ACC1485,Uttar Pradesh,Kanpur,Clear,State Highway,Gravel,Daylight,Car,57,Female,No,70,10:29,Thursday,November,0,26.4949,80.237,Serious
ACC1486,Madhya Pradesh,Indore,Foggy,Expressway,Wet,Daylight,LCV,31,Female,No,100,01:39,Saturday,February,1,22.7567,75.8864,Minor
ACC1487,Punjab,Ludhiana,Mist,National Highway,Wet,Night - Street Lights On,Auto-Rickshaw,59,Male,No,90,22:15,Friday,February,3,30.9126,75.8074,Minor
ACC1488,Tamil Nadu,Madurai,Clear,National Highway,Slippery,Daylight,Bus,44,Male,No,80,14:08,Monday,July,1,9.8997,78.1738,Serious
ACC1489,Punjab,Amritsar,Clear,National Highway,Wet,Night - Darkness,Bus,33,Male,Yes,60,13:44,Friday,September,6,31.619,74.8383,Minor
ACC1490,Madhya Pradesh,Indore,Clear,State Highway,Slippery,Night - Street Lights On,Auto-Rickshaw,44,Male,No,40,05:22,Sunday,September,0,22.7131,75.8869,Fatal
ACC1491,West Bengal,Kolkata,Sunny,City Road,Gravel,Twilight/Dusk,Auto-Rickshaw,56,Female,No,70,15:00,Wednesday,April,2,22.6558,88.3966,Fatal
ACC1492,Madhya Pradesh,Indore,Clear,State Highway,Dry,Twilight/Dusk,LCV,62,Male,Yes,80,07:07,Friday,July,2,22.6978,75.7844,Serious
ACC1493,Delhi,New Delhi,Heavy Rain,State Highway,Slippery,Night - Darkness,Heavy Truck,29,Female,No,60,18:07,Friday,May,3,28.6733,77.1602,Fatal
ACC1494,Tamil Nadu,Madurai,Foggy,State Highway,Wet,Night - Darkness,LCV,53,Male,No,100,02:45,Thursday,September,3,9.9041,78.1145,Fatal
ACC1495,Punjab,Amritsar,Foggy,State Highway,Wet,Daylight,Two-Wheeler,36,Male,No,70,21:52,Saturday,August,2,31.6517,74.8228,Serious
ACC1496,Punjab,Amritsar,Clear,State Highway,Wet,Daylight,Car,32,Male,No,40,08:10,Friday,December,0,31.6538,74.8187,Serious
ACC1497,Jammu and Kashmir,Srinagar,Mist,Expressway,Wet,Night - Darkness,Two-Wheeler,26,Male,No,40,03:13,Thursday,January,3,34.1137,74.789,Serious
ACC1498,Bihar,Patna,Heavy Rain,Rural Road,Slippery,Daylight,Heavy Truck,39,Male,No,70,11:55,Wednesday,December,3,25.6357,85.1133,Serious
ACC1499,Punjab,Ludhiana,Mist,National Highway,Wet,Night - Street Lights On,Auto-Rickshaw,57,Male,No,40,21:43,Friday,February,3,30.9114,75.7905,Fatal
ACC1500,Jammu and Kashmir,Srinagar,Sunny,Expressway,Slippery,Twilight/Dusk,LCV,49,Male,No,90,12:36,Thursday,April,1,34.0853,74.7676,Minor
ACC1501,Delhi,New Delhi,Clear,Expressway,Wet,Daylight,Two-Wheeler,23,Female,No,80,01:33,Monday,December,1,28.6889,77.2155,Minor
ACC1502,Karnataka,Mysuru,Mist,City Road,Wet,Night - Street Lights On,Heavy Truck,66,Male,Yes,40,21:21,Wednesday,May,3,12.2175,76.5747,Minor
ACC1503,Gujarat,Ahmedabad,Clear,City Road,Gravel,Night - Street Lights On,Two-Wheeler,40,Male,Yes,120,13:55,Saturday,December,3,23.0822,72.5248,Minor
ACC1504,Punjab,Amritsar,Mist,Rural Road,Wet,Daylight,Car,23,Male,No,40,15:36,Saturday,March,0,31.6409,74.8338,Serious
ACC1505,Assam,Guwahati,Clear,State Highway,Slippery,Twilight/Dusk,Car,42,Male,No,50,15:18,Wednesday,January,1,26.0924,91.6733,Serious
ACC1506,Maharashtra,Mumbai,Clear,Expressway,Under Construction,Night - Darkness,Auto-Rickshaw,54,Male,Yes,100,17:06,Sunday,June,6,19.0657,72.8238,Minor
ACC1507,Rajasthan,Udaipur,Mist,City Road,Wet,Daylight,LCV,25,Male,No,70,06:38,Wednesday,June,1,24.5988,73.6365,Minor
ACC1508,Assam,Guwahati,Clear,State Highway,Slippery,Twilight/Dusk,Car,41,Male,No,100,15:00,Wednesday,January,1,26.0771,91.6709,Serious
ACC1509,Madhya Pradesh,Indore,Foggy,Expressway,Wet,Daylight,LCV,22,Male,No,50,17:00,Tuesday,January,1,22.6606,75.8652,Minor
ACC1510,Maharashtra,Mumbai,Clear,National Highway,Under Construction,Daylight,Bus,36,Male,No,40,16:38,Wednesday,August,1,19.0801,72.8475,Minor
ACC1511,Odisha,Bhubaneswar,Clear,Rural Road,Dry,Night - Darkness,Heavy Truck,39,Male,No,50,05:40,Saturday,July,3,20.2662,85.7816,Minor
ACC1512,Rajasthan,Jaipur,Foggy,National Highway,Wet,Night - Darkness,LCV,19,Female,No,100,11:33,Monday,June,1,26.93,75.8712,Minor
ACC1513,Punjab,Ludhiana,Heavy Rain,State Highway,Slippery,Daylight,Auto-Rickshaw,64,Male,No,80,08:54,Friday,April,0,30.8627,75.8692,Minor
ACC1514,Madhya Pradesh,Indore,Clear,Expressway,Slippery,Night - Darkness,Two-Wheeler,48,Male,No,80,06:16,Wednesday,February,4,22.7592,75.8429,Minor
ACC1515,Rajasthan,Udaipur,Mist,City Road,Wet,Daylight,LCV,29,Male,No,100,06:38,Wednesday,June,1,24.5927,73.6317,Minor
ACC1516,Karnataka,Bengaluru,Heavy Rain,State Highway,Slippery,Daylight,Two-Wheeler,54,Female,No,120,07:44,Sunday,June,0,12.8855,77.6526,Minor
ACC1517,Karnataka,Mysuru,Mist,State Highway,Wet,Daylight,Heavy Truck,45,Male,No,80,14:25,Sunday,February,0,12.3615,76.5884,Minor
ACC1518,Jammu and Kashmir,Srinagar,Sunny,Expressway,Slippery,Twilight/Dusk,LCV,47,Male,No,50,12:27,Thursday,April,1,34.0905,74.7722,Minor
ACC1519,Tamil Nadu,Coimbatore,Clear,Expressway,Dry,Daylight,Heavy Truck,48,Female,No,50,07:31,Wednesday,March,2,11.0826,76.9408,Serious
ACC1520,Punjab,Amritsar,Mist,Rural Road,Wet,Daylight,Car,22,Male,No,80,14:52,Saturday,March,0,31.6467,74.846,Minor
ACC1521,Karnataka,Bengaluru,Heavy Rain,State Highway,Slippery,Daylight,Two-Wheeler,56,Female,No,50,07:09,Sunday,June,0,12.9066,77.661,Fatal
ACC1522,Karnataka,Bengaluru,Clear,State Highway,Slippery,Night - Street Lights On,LCV,27,Male,No,40,22:12,Tuesday,February,2,12.8856,77.6675,Minor
ACC1523,Tamil Nadu,Madurai,Foggy,State Highway,Wet,Daylight,LCV,22,Male,No,60,15:00,Wednesday,March,0,9.8723,78.2146,Minor
ACC1524,Karnataka,Mysuru,Mist,State Highway,Wet,Daylight,Heavy Truck,47,Male,No,60,14:28,Sunday,February,0,12.3635,76.6083,Minor
ACC1525,Gujarat,Ahmedabad,Foggy,Rural Road,Wet,Night - Darkness,Car,29,Male,Yes,60,11:20,Monday,December,6,23.0841,72.596,Fatal
ACC1526,Rajasthan,Jaipur,Foggy,National Highway,Wet,Night - Darkness,LCV,21,Female,No,50,12:06,Monday,June,1,26.8954,75.8581,Fatal
ACC1527,Tamil Nadu,Coimbatore,Mist,Expressway,Wet,Twilight/Dusk,Car,45,Male,No,70,14:31,Monday,June,1,11.0131,76.9486,Serious
ACC1528,Punjab,Amritsar,Sunny,Rural Road,Wet,Twilight/Dusk,Heavy Truck,28,Male,No,100,09:42,Sunday,June,0,31.6049,74.8288,Minor
ACC1529,Rajasthan,Udaipur,Mist,City Road,Wet,Daylight,LCV,28,Male,No,80,06:42,Wednesday,June,1,24.5849,73.6376,Serious
ACC1530,Tamil Nadu,Madurai,Foggy,State Highway,Wet,Daylight,LCV,22,Male,No,40,15:58,Wednesday,March,0,9.8709,78.2005,Minor
ACC1531,Karnataka,Mysuru,Mist,City Road,Wet,Night - Street Lights On,Heavy Truck,64,Male,Yes,120,20:52,Wednesday,May,3,12.2193,76.5725,Serious
ACC1532,Uttar Pradesh,Kanpur,Mist,Expressway,Wet,Night - Street Lights On,LCV,22,Male,Yes,40,10:55,Friday,February,3,26.4919,80.3407,Serious
ACC1533,Madhya Pradesh,Indore,Foggy,National Highway,Wet,Night - Darkness,Heavy Truck,60,Male,No,90,12:44,Thursday,February,2,22.6738,75.877,Minor
ACC1534,Punjab,Amritsar,Clear,National Highway,Wet,Night - Darkness,Bus,31,Male,Yes,120,13:45,Friday,September,6,31.6221,74.8532,Serious
ACC1535,Uttar Pradesh,Varanasi,Sunny,National Highway,Dry,Daylight,Bus,47,Male,Yes,90,22:19,Tuesday,November,5,25.3669,83.0286,Fatal
ACC1536,Tamil Nadu,Madurai,Mist,Expressway,Wet,Daylight,Auto-Rickshaw,42,Male,No,120,00:44,Sunday,July,2,9.8646,78.1645,Fatal
ACC1537,Uttar Pradesh,Varanasi,Clear,State Highway,Dry,Daylight,Two-Wheeler,59,Male,No,100,02:21,Wednesday,June,2,25.2755,83.0538,Minor
ACC1538,Karnataka,Bengaluru,Clear,Expressway,Slippery,Twilight/Dusk,LCV,50,Male,No,70,17:24,Wednesday,September,1,12.9113,77.5551,Minor
ACC1539,Madhya Pradesh,Indore,Clear,Expressway,Slippery,Night - Darkness,Two-Wheeler,41,Male,No,90,05:26,Wednesday,February,4,22.7492,75.8391,Minor
ACC1540,Punjab,Amritsar,Clear,State Highway,Wet,Daylight,Car,28,Male,No,80,08:03,Friday,December,0,31.6613,74.8265,Serious
ACC1541,Maharashtra,Nagpur,Clear,State Highway,Dry,Daylight,Bus,60,Male,No,100,19:01,Friday,July,1,21.1672,79.0401,Serious
ACC1542,Tamil Nadu,Coimbatore,Clear,Expressway,Dry,Daylight,Heavy Truck,49,Female,No,100,07:50,Wednesday,March,2,11.1147,76.944,Fatal
ACC1543,Rajasthan,Jaipur,Sunny,Rural Road,Slippery,Night - Darkness,Bus,27,Male,No,70,01:10,Saturday,August,3,26.9104,75.7775,Serious
ACC1544,Gujarat,Surat,Sunny,National Highway,Dry,Night - Street Lights On,Car,40,Male,Yes,70,11:11,Friday,September,4,21.2132,72.8322,Minor
ACC1545,Tamil Nadu,Coimbatore,Foggy,State Highway,Wet,Night - Street Lights On,LCV,31,Male,Yes,50,07:35,Sunday,May,3,11.0108,76.9561,Minor
ACC1546,Delhi,New Delhi,Heavy Rain,State Highway,Slippery,Night - Darkness,Heavy Truck,30,Female,No,70,18:42,Friday,May,3,28.6877,77.1784,Fatal
ACC1547,Tamil Nadu,Madurai,Clear,National Highway,Slippery,Daylight,Bus,41,Male,No,60,14:20,Monday,July,1,9.8758,78.1712,Minor
ACC1548,Jammu and Kashmir,Srinagar,Sunny,Expressway,Slippery,Twilight/Dusk,LCV,51,Male,No,70,12:09,Thursday,April,1,34.1075,74.7827,Minor
ACC1549,Bihar,Patna,Heavy Rain,Rural Road,Slippery,Daylight,Heavy Truck,41,Male,No,120,12:35,Wednesday,December,3,25.6398,85.1104,Serious
ACC1550,Karnataka,Mysuru,Mist,City Road,Wet,Night - Street Lights On,Heavy Truck,64,Male,Yes,50,20:58,Wednesday,May,3,12.2314,76.5931,Minor
ACC1551,Tamil Nadu,Coimbatore,Mist,Expressway,Wet,Twilight/Dusk,Car,48,Male,No,60,14:49,Monday,June,1,11.0216,76.9642,Minor
ACC1552,Gujarat,Surat,Mist,City Road,Wet,Twilight/Dusk,Bus,62,Female,No,120,12:31,Sunday,September,1,21.0816,72.8196,Serious
ACC1553,Rajasthan,Udaipur,Mist,City Road,Wet,Daylight,LCV,25,Male,No,80,05:59,Wednesday,June,1,24.5967,73.628,Serious
ACC1554,Gujarat,Ahmedabad,Clear,State Highway,Dry,Daylight,Two-Wheeler,37,Male,No,80,23:41,Friday,March,2,23.0704,72.5598,Fatal
ACC1555,Telangana,Hyderabad,Clear,State Highway,Dry,Daylight,Bus,47,Male,No,40,04:05,Wednesday,February,2,17.3579,78.4625,Minor
ACC1556,Gujarat,Ahmedabad,Clear,Rural Road,Under Construction,Twilight/Dusk,Car,27,Female,No,70,03:50,Tuesday,May,0,23.0085,72.5802,Serious
ACC1557,Maharashtra,Pune,Clear,City Road,Gravel,Night - Street Lights On,LCV,28,Male,Yes,40,06:22,Saturday,October,1,18.5102,73.8954,Minor
ACC1558,Kerala,Kochi,Clear,City Road,Wet,Night - Street Lights On,Heavy Truck,43,Male,No,80,21:56,Monday,January,0,9.8701,76.2583,Fatal
ACC1559,Madhya Pradesh,Indore,Foggy,Expressway,Wet,Daylight,LCV,26,Male,No,120,16:28,Tuesday,January,1,22.6831,75.876,Minor
ACC1560,Punjab,Ludhiana,Foggy,Rural Road,Wet,Daylight,Bus,39,Male,No,70,21:37,Monday,November,3,30.881,75.8376,Minor
ACC1561,Assam,Guwahati,Sunny,Rural Road,Dry,Night - Street Lights On,Auto-Rickshaw,57,Male,Yes,90,10:08,Sunday,July,1,26.1647,91.7752,Serious
ACC1562,Gujarat,Ahmedabad,Clear,State Highway,Dry,Night - Street Lights On,Two-Wheeler,54,Male,No,40,12:27,Saturday,December,2,23.0393,72.5298,Serious
ACC1563,Tamil Nadu,Coimbatore,Heavy Rain,Expressway,Slippery,Night - Darkness,Car,29,Female,No,80,14:45,Thursday,July,2,10.9999,76.9379,Minor
ACC1564,Karnataka,Bengaluru,Heavy Rain,State Highway,Slippery,Daylight,Two-Wheeler,53,Female,No,70,08:06,Sunday,June,0,12.9141,77.6501,Minor
ACC1565,Kerala,Thiruvananthapuram,Clear,Expressway,Gravel,Daylight,Bus,49,Male,No,100,16:52,Wednesday,January,1,8.5082,76.9086,Fatal
ACC1566,Punjab,Ludhiana,Mist,National Highway,Wet,Night - Street Lights On,Auto-Rickshaw,59,Male,No,70,22:12,Friday,February,3,30.9433,75.7872,Serious
ACC1567,Bihar,Patna,Sunny,Rural Road,Under Construction,Night - Darkness,Car,57,Male,No,80,17:53,Friday,May,2,25.6326,85.1624,Fatal
ACC1568,Tamil Nadu,Coimbatore,Heavy Rain,Expressway,Slippery,Night - Darkness,Car,30,Female,No,60,14:50,Thursday,July,2,10.9785,76.9345,Serious
ACC1569,Kerala,Thiruvananthapuram,Heavy Rain,National Highway,Slippery,Twilight/Dusk,Heavy Truck,36,Male,Yes,50,12:31,Sunday,November,3,8.4583,76.9498,Fatal
ACC1570,Rajasthan,Jaipur,Sunny,State Highway,Dry,Night - Darkness,Two-Wheeler,46,Male,Yes,60,18:41,Friday,July,3,26.9398,75.7746,Fatal
ACC1571,Haryana,Gurugram,Heavy Rain,National Highway,Slippery,Daylight,Heavy Truck,22,Female,No,40,14:54,Monday,April,1,28.4925,77.0265,Minor
ACC1572,Gujarat,Surat,Clear,National Highway,Under Construction,Night - Darkness,Two-Wheeler,48,Male,No,50,10:32,Wednesday,May,2,21.1617,72.8639,Serious
ACC1573,Uttar Pradesh,Kanpur,Mist,Expressway,Wet,Daylight,Auto-Rickshaw,56,Male,No,60,13:33,Monday,December,1,26.4017,80.3743,Fatal
ACC1574,Kerala,Thiruvananthapuram,Foggy,National Highway,Wet,Twilight/Dusk,Bus,46,Male,No,80,02:57,Friday,April,6,8.4527,76.8628,Minor
ACC1575,Delhi,New Delhi,Heavy Rain,State Highway,Slippery,Night - Darkness,Heavy Truck,27,Female,No,50,18:38,Friday,May,3,28.6763,77.1946,Minor
ACC1576,Rajasthan,Udaipur,Heavy Rain,National Highway,Slippery,Twilight/Dusk,Bus,34,Female,No,60,02:56,Wednesday,February,6,24.5605,73.6459,Fatal
ACC1577,Tamil Nadu,Coimbatore,Clear,National Highway,Wet,Night - Darkness,Car,43,Male,No,100,18:22,Wednesday,November,2,11.1006,76.9531,Fatal
ACC1578,Uttar Pradesh,Kanpur,Clear,State Highway,Gravel,Daylight,Car,61,Female,No,40,10:34,Thursday,November,0,26.4702,80.2518,Fatal
ACC1579,Rajasthan,Jaipur,Sunny,Rural Road,Slippery,Night - Darkness,Bus,33,Male,No,80,01:14,Saturday,August,3,26.8915,75.7487,Serious
ACC1580,Haryana,Gurugram,Foggy,National Highway,Wet,Night - Street Lights On,Car,53,Female,Yes,60,23:19,Friday,March,5,28.4556,77.0751,Fatal
ACC1581,Rajasthan,Jaipur,Clear,State Highway,Gravel,Night - Street Lights On,Two-Wheeler,26,Female,No,40,04:25,Sunday,March,0,26.8704,75.8738,Minor
ACC1582,Kerala,Thiruvananthapuram,Clear,City Road,Wet,Night - Street Lights On,Auto-Rickshaw,61,Male,No,40,12:00,Saturday,December,1,8.5651,77.0225,Minor
ACC1583,Kerala,Thiruvananthapuram,Clear,City Road,Wet,Night - Street Lights On,Auto-Rickshaw,63,Male,No,50,12:28,Saturday,December,1,8.5834,77.0014,Serious
ACC1584,Maharashtra,Pune,Heavy Rain,National Highway,Slippery,Night - Street Lights On,Car,21,Male,No,100,11:10,Tuesday,March,1,18.5178,73.8378,Minor
ACC1585,Uttar Pradesh,Kanpur,Sunny,National Highway,Slippery,Night - Darkness,Two-Wheeler,57,Male,Yes,40,09:32,Tuesday,February,6,26.5249,80.3213,Fatal
ACC1586,Punjab,Amritsar,Sunny,Rural Road,Wet,Twilight/Dusk,Heavy Truck,27,Male,No,120,10:13,Sunday,June,0,31.6214,74.8173,Serious
ACC1587,Rajasthan,Jaipur,Clear,City Road,Wet,Daylight,Two-Wheeler,47,Male,No,70,20:48,Monday,January,1,26.9776,75.8078,Fatal
ACC1588,Uttar Pradesh,Lucknow,Heavy Rain,State Highway,Slippery,Twilight/Dusk,Heavy Truck,35,Male,No,80,12:32,Thursday,June,1,26.8618,80.9407,Serious
ACC1589,Madhya Pradesh,Indore,Mist,State Highway,Wet,Daylight,LCV,18,Female,No,70,08:58,Monday,June,2,22.8005,75.8222,Minor
ACC1590,Odisha,Bhubaneswar,Clear,City Road,Under Construction,Daylight,Car,44,Male,No,70,19:15,Saturday,December,0,20.2144,85.7681,Minor
ACC1591,Uttar Pradesh,Lucknow,Heavy Rain,State Highway,Slippery,Twilight/Dusk,Heavy Truck,32,Male,No,90,13:05,Thursday,June,1,26.8803,80.9591,Minor
ACC1592,Madhya Pradesh,Indore,Clear,State Highway,Dry,Twilight/Dusk,Two-Wheeler,54,Female,No,40,12:39,Monday,February,1,22.7883,75.7782,Minor
ACC1593,Haryana,Gurugram,Foggy,Expressway,Wet,Twilight/Dusk,Auto-Rickshaw,46,Female,No,60,09:28,Friday,January,3,28.4342,77.0555,Serious
ACC1594,Punjab,Amritsar,Sunny,Rural Road,Wet,Twilight/Dusk,Heavy Truck,26,Male,No,40,09:39,Sunday,June,0,31.6216,74.8164,Minor
ACC1595,Tamil Nadu,Madurai,Mist,Expressway,Wet,Daylight,Auto-Rickshaw,40,Male,No,120,00:44,Sunday,July,2,9.8741,78.1588,Serious
ACC1596,Tamil Nadu,Chennai,Sunny,State Highway,Dry,Daylight,Car,53,Male,Yes,60,02:34,Friday,March,0,13.1387,80.3145,Minor
ACC1597,Maharashtra,Mumbai,Mist,City Road,Wet,Daylight,Car,64,Male,Yes,120,06:24,Thursday,August,1,19.0398,72.8219,Minor
ACC1598,Gujarat,Ahmedabad,Clear,City Road,Under Construction,Night - Street Lights On,Heavy Truck,45,Female,No,60,04:10,Tuesday,October,2,23.0985,72.5996,Minor
ACC1599,Telangana,Hyderabad,Sunny,State Highway,Dry,Night - Street Lights On,Auto-Rickshaw,28,Female,Yes,100,23:18,Friday,March,2,17.4662,78.5236,Fatal
ACC1600,Punjab,Ludhiana,Sunny,Rural Road,Dry,Twilight/Dusk,Heavy Truck,61,Male,No,50,07:54,Monday,December,2,30.867,75.9389,Minor
ACC1601,Uttar Pradesh,Varanasi,Sunny,National Highway,Dry,Daylight,Bus,42,Male,Yes,90,21:52,Tuesday,November,5,25.3308,83.0125,Serious
ACC1602,Kerala,Kochi,Clear,State Highway,Dry,Daylight,Heavy Truck,66,Female,No,40,11:38,Tuesday,September,1,10.0114,76.2766,Minor
ACC1603,West Bengal,Kolkata,Clear,State Highway,Wet,Night - Street Lights On,LCV,31,Male,Yes,40,13:24,Thursday,February,1,22.5325,88.3531,Minor
ACC1604,Kerala,Thiruvananthapuram,Foggy,National Highway,Wet,Twilight/Dusk,Bus,39,Male,No,100,02:54,Friday,April,6,8.4648,76.8542,Fatal
ACC1605,Rajasthan,Jaipur,Sunny,Rural Road,Slippery,Night - Darkness,Bus,31,Male,No,60,01:17,Saturday,August,3,26.903,75.7574,Minor
ACC1606,Tamil Nadu,Coimbatore,Foggy,National Highway,Wet,Night - Street Lights On,Heavy Truck,63,Female,Yes,50,09:30,Thursday,April,2,11.0348,76.9535,Minor
ACC1607,West Bengal,Kolkata,Sunny,Expressway,Dry,Daylight,Car,30,Male,No,100,11:25,Sunday,July,1,22.6141,88.4033,Fatal
ACC1608,Punjab,Ludhiana,Heavy Rain,State Highway,Slippery,Daylight,Auto-Rickshaw,65,Male,No,50,09:45,Friday,April,0,30.8784,75.8925,Minor
ACC1609,West Bengal,Kolkata,Clear,Rural Road,Dry,Twilight/Dusk,LCV,35,Female,No,50,02:51,Saturday,July,1,22.516,88.3929,Minor
ACC1610,Uttar Pradesh,Kanpur,Clear,State Highway,Gravel,Daylight,Car,58,Female,No,80,10:12,Thursday,November,0,26.4751,80.2382,Minor
ACC1611,Kerala,Thiruvananthapuram,Heavy Rain,City Road,Slippery,Night - Street Lights On,Two-Wheeler,44,Male,Yes,60,16:05,Thursday,November,1,8.544,76.9758,Minor
ACC1612,Rajasthan,Jaipur,Sunny,Rural Road,Slippery,Night - Darkness,Bus,27,Male,No,80,01:39,Saturday,August,3,26.9074,75.7473,Minor
ACC1613,Maharashtra,Mumbai,Mist,City Road,Wet,Daylight,Car,69,Male,Yes,70,06:20,Thursday,August,1,19.0171,72.8182,Fatal
ACC1614,Gujarat,Surat,Clear,National Highway,Under Construction,Night - Darkness,Two-Wheeler,42,Male,No,50,10:21,Wednesday,May,2,21.1364,72.8799,Fatal
ACC1615,West Bengal,Kolkata,Clear,Rural Road,Dry,Twilight/Dusk,LCV,30,Female,No,100,03:23,Saturday,July,1,22.5473,88.3986,Serious
ACC1616,Tamil Nadu,Chennai,Sunny,State Highway,Dry,Daylight,Car,54,Male,Yes,70,03:02,Friday,March,0,13.1556,80.3393,Fatal
ACC1617,Rajasthan,Jaipur,Clear,State Highway,Gravel,Night - Street Lights On,Two-Wheeler,28,Female,No,120,04:27,Sunday,March,0,26.8644,75.8631,Minor
ACC1618,Gujarat,Surat,Mist,State Highway,Wet,Night - Darkness,Two-Wheeler,59,Male,No,90,19:01,Sunday,April,1,21.1256,72.7967,Serious
ACC1619,Rajasthan,Udaipur,Heavy Rain,Rural Road,Slippery,Night - Street Lights On,Auto-Rickshaw,61,Male,No,40,16:26,Wednesday,January,0,24.5365,73.778,Minor
ACC1620,Maharashtra,Nagpur,Sunny,State Highway,Gravel,Daylight,Two-Wheeler,32,Male,No,40,18:27,Wednesday,January,0,21.1637,79.0788,Serious
ACC1621,Punjab,Amritsar,Foggy,National Highway,Wet,Night - Darkness,Car,37,Male,Yes,90,21:52,Saturday,December,3,31.6842,74.8427,Minor
ACC1622,Uttar Pradesh,Kanpur,Clear,State Highway,Slippery,Daylight,LCV,57,Female,No,60,10:11,Thursday,April,1,26.4198,80.2859,Minor
ACC1623,Delhi,New Delhi,Heavy Rain,National Highway,Slippery,Night - Street Lights On,Heavy Truck,43,Male,No,100,14:59,Sunday,February,4,28.6879,77.2881,Serious
ACC1624,Gujarat,Ahmedabad,Foggy,Rural Road,Wet,Night - Darkness,Car,33,Male,Yes,40,11:10,Monday,December,6,23.0778,72.6341,Minor
ACC1625,Haryana,Gurugram,Foggy,Expressway,Wet,Twilight/Dusk,Auto-Rickshaw,46,Female,No,50,09:14,Friday,January,3,28.4452,77.0274,Serious
ACC1626,Punjab,Ludhiana,Foggy,Rural Road,Wet,Daylight,Bus,37,Male,No,60,21:37,Monday,November,3,30.8934,75.8496,Serious
ACC1627,Gujarat,Ahmedabad,Foggy,National Highway,Wet,Daylight,Heavy Truck,42,Female,No,80,18:23,Tuesday,June,2,23.0837,72.5828,Serious
ACC1628,Haryana,Gurugram,Heavy Rain,State Highway,Slippery,Night - Darkness,LCV,44,Female,Yes,120,16:48,Saturday,June,2,28.4999,77.0764,Serious
ACC1629,Tamil Nadu,Coimbatore,Mist,Expressway,Wet,Twilight/Dusk,Car,51,Male,No,90,14:45,Monday,June,1,10.9948,76.9702,Serious
ACC1630,Bihar,Patna,Foggy,State Highway,Wet,Twilight/Dusk,Two-Wheeler,51,Male,Yes,90,13:33,Friday,April,3,25.5567,85.1141,Serious
ACC1631,Kerala,Thiruvananthapuram,Foggy,Rural Road,Wet,Twilight/Dusk,Auto-Rickshaw,37,Male,No,40,15:43,Wednesday,September,1,8.462,76.8653,Minor
ACC1632,Kerala,Thiruvananthapuram,Clear,National Highway,Dry,Night - Darkness,Bus,23,Male,Yes,60,13:48,Thursday,March,4,8.5092,77.0108,Minor
ACC1633,Karnataka,Bengaluru,Sunny,Expressway,Under Construction,Night - Darkness,LCV,56,Male,Yes,100,04:24,Saturday,October,6,13.0444,77.587,Serious
ACC1634,Maharashtra,Mumbai,Clear,Rural Road,Dry,Daylight,LCV,55,Female,No,60,17:57,Saturday,August,0,19.1564,72.8902,Serious
ACC1635,Kerala,Thiruvananthapuram,Foggy,Rural Road,Wet,Twilight/Dusk,Auto-Rickshaw,38,Male,No,40,14:57,Wednesday,September,1,8.4886,76.8698,Serious
ACC1636,Rajasthan,Jaipur,Sunny,State Highway,Dry,Night - Darkness,Two-Wheeler,47,Male,Yes,120,18:05,Friday,July,3,26.9352,75.7701,Fatal
ACC1637,West Bengal,Kolkata,Foggy,National Highway,Wet,Night - Darkness,Bus,57,Male,Yes,90,22:09,Sunday,October,6,22.5741,88.3509,Minor
ACC1638,Gujarat,Ahmedabad,Clear,Rural Road,Under Construction,Twilight/Dusk,Car,27,Female,No,80,03:17,Tuesday,May,0,23.0115,72.5575,Minor
ACC1639,Karnataka,Bengaluru,Heavy Rain,State Highway,Slippery,Daylight,Two-Wheeler,59,Female,No,60,07:41,Sunday,June,0,12.884,77.6554,Fatal
ACC1640,Delhi,New Delhi,Heavy Rain,State Highway,Slippery,Night - Darkness,Heavy Truck,32,Female,No,100,18:43,Friday,May,3,28.6931,77.1694,Minor
ACC1641,Madhya Pradesh,Indore,Mist,State Highway,Wet,Daylight,LCV,19,Female,No,70,08:23,Monday,June,2,22.8104,75.8125,Serious
ACC1642,Madhya Pradesh,Indore,Clear,State Highway,Slippery,Night - Street Lights On,Auto-Rickshaw,44,Male,No,40,05:32,Sunday,September,0,22.7374,75.877,Minor
ACC1643,Tamil Nadu,Chennai,Sunny,City Road,Under Construction,Daylight,Auto-Rickshaw,32,Male,No,100,15:21,Thursday,December,2,13.0689,80.2605,Fatal
ACC1644,Delhi,New Delhi,Heavy Rain,State Highway,Slippery,Night - Darkness,Heavy Truck,31,Female,No,90,18:10,Friday,May,3,28.6845,77.1778,Fatal
ACC1645,Uttar Pradesh,Lucknow,Foggy,Rural Road,Wet,Twilight/Dusk,Heavy Truck,27,Male,No,70,05:49,Monday,December,3,26.8948,80.9116,Minor
ACC1646,Gujarat,Ahmedabad,Foggy,Rural Road,Wet,Night - Darkness,Car,26,Male,Yes,120,11:18,Monday,December,6,23.0839,72.6316,Minor
ACC1647,Punjab,Ludhiana,Mist,National Highway,Wet,Twilight/Dusk,Two-Wheeler,51,Male,No,80,13:51,Wednesday,November,1,30.8747,75.8354,Fatal
ACC1648,Punjab,Ludhiana,Mist,National Highway,Wet,Night - Street Lights On,Auto-Rickshaw,63,Male,No,90,21:41,Friday,February,3,30.9427,75.794,Serious
ACC1649,Punjab,Amritsar,Heavy Rain,State Highway,Slippery,Daylight,Auto-Rickshaw,61,Female,No,70,07:28,Saturday,March,2,31.6365,74.889,Fatal
ACC1650,Haryana,Gurugram,Heavy Rain,National Highway,Slippery,Daylight,Heavy Truck,24,Female,No,70,15:13,Monday,April,1,28.4985,77.0158,Serious
ACC1651,Gujarat,Ahmedabad,Clear,State Highway,Dry,Night - Street Lights On,Two-Wheeler,60,Male,No,70,12:16,Saturday,December,2,23.0437,72.5345,Serious
ACC1652,Assam,Guwahati,Clear,State Highway,Slippery,Twilight/Dusk,Car,41,Male,No,60,14:58,Wednesday,January,1,26.0985,91.686,Serious
ACC1653,Haryana,Gurugram,Heavy Rain,National Highway,Slippery,Daylight,Heavy Truck,20,Female,No,120,14:41,Monday,April,1,28.4748,77.0484,Minor
ACC1654,Odisha,Bhubaneswar,Clear,Rural Road,Dry,Night - Darkness,Heavy Truck,36,Male,No,80,06:10,Saturday,July,3,20.2618,85.7909,Minor
ACC1655,Bihar,Patna,Heavy Rain,Rural Road,Slippery,Daylight,Heavy Truck,37,Male,No,60,12:36,Wednesday,December,3,25.6528,85.1264,Minor
ACC1656,Haryana,Gurugram,Clear,Rural Road,Dry,Night - Street Lights On,Auto-Rickshaw,42,Male,Yes,80,20:28,Monday,December,1,28.5105,77.1164,Fatal
ACC1657,Maharashtra,Nagpur,Clear,Expressway,Wet,Daylight,Two-Wheeler,49,Male,No,40,11:08,Saturday,November,1,21.1095,79.077,Serious
ACC1658,Tamil Nadu,Coimbatore,Clear,Rural Road,Under Construction,Twilight/Dusk,Bus,56,Male,No,50,02:08,Saturday,October,1,11.0264,76.9631,Minor
ACC1659,Uttar Pradesh,Varanasi,Clear,Rural Road,Dry,Daylight,Car,57,Female,No,60,18:33,Saturday,October,2,25.2581,82.952,Fatal
ACC1660,Uttarakhand,Dehradun,Heavy Rain,City Road,Slippery,Daylight,Auto-Rickshaw,36,Female,No,60,04:46,Friday,January,1,30.256,78.0044,Serious
ACC1661,Maharashtra,Mumbai,Foggy,Expressway,Wet,Twilight/Dusk,LCV,18,Male,No,70,13:16,Tuesday,August,1,19.0212,72.8102,Serious
ACC1662,Punjab,Amritsar,Mist,Rural Road,Wet,Daylight,Car,18,Male,No,100,14:52,Saturday,March,0,31.6659,74.8454,Minor
ACC1663,Tamil Nadu,Coimbatore,Foggy,National Highway,Wet,Night - Street Lights On,Heavy Truck,65,Female,Yes,120,09:43,Thursday,April,2,11.0191,76.9275,Fatal
ACC1664,Maharashtra,Nagpur,Clear,State Highway,Dry,Daylight,Bus,63,Male,No,80,18:45,Friday,July,1,21.1544,79.0605,Minor
ACC1665,Tamil Nadu,Coimbatore,Foggy,State Highway,Wet,Night - Street Lights On,LCV,33,Male,Yes,60,07:27,Sunday,May,3,10.9991,76.9456,Fatal
ACC1666,Gujarat,Surat,Foggy,Rural Road,Wet,Night - Darkness,Auto-Rickshaw,58,Female,No,90,04:55,Friday,January,1,21.1136,72.8672,Serious
ACC1667,Uttar Pradesh,Varanasi,Clear,State Highway,Dry,Daylight,Two-Wheeler,57,Male,No,100,03:08,Wednesday,June,2,25.2821,83.0544,Serious
ACC1668,Haryana,Gurugram,Foggy,National Highway,Wet,Night - Street Lights On,Car,52,Female,Yes,50,23:01,Friday,March,5,28.484,77.0744,Fatal
ACC1669,Gujarat,Ahmedabad,Clear,City Road,Gravel,Night - Street Lights On,Two-Wheeler,42,Male,Yes,40,14:46,Saturday,December,3,23.0795,72.518,Minor
ACC1670,Gujarat,Ahmedabad,Clear,Rural Road,Under Construction,Twilight/Dusk,Car,27,Female,No,120,03:39,Tuesday,May,0,23.0127,72.5815,Minor
ACC1671,Maharashtra,Pune,Clear,State Highway,Gravel,Night - Street Lights On,Two-Wheeler,41,Female,No,60,21:42,Monday,March,0,18.5134,73.8866,Minor
ACC1672,Punjab,Amritsar,Foggy,National Highway,Wet,Night - Darkness,Car,36,Male,Yes,80,21:46,Saturday,December,3,31.6656,74.8792,Serious
ACC1673,Uttar Pradesh,Varanasi,Clear,State Highway,Dry,Daylight,Two-Wheeler,61,Male,No,100,02:34,Wednesday,June,2,25.2575,83.0538,Serious
ACC1674,Madhya Pradesh,Indore,Clear,State Highway,Dry,Twilight/Dusk,LCV,66,Male,Yes,60,07:25,Friday,July,2,22.6958,75.8029,Serious
ACC1675,Maharashtra,Mumbai,Heavy Rain,Expressway,Slippery,Night - Darkness,LCV,61,Male,No,70,21:22,Friday,July,4,19.0725,72.8678,Minor
ACC1676,Uttar Pradesh,Kanpur,Mist,Expressway,Wet,Daylight,Auto-Rickshaw,55,Male,No,90,13:45,Monday,December,1,26.3809,80.3767,Minor
ACC1677,Kerala,Thiruvananthapuram,Clear,City Road,Wet,Night - Street Lights On,Heavy Truck,34,Male,No,80,17:50,Saturday,March,0,8.5877,76.9608,Serious
ACC1678,Gujarat,Surat,Sunny,National Highway,Wet,Night - Street Lights On,Two-Wheeler,40,Male,No,60,20:17,Friday,August,2,21.2055,72.8166,Fatal
ACC1679,Madhya Pradesh,Indore,Foggy,Expressway,Wet,Daylight,LCV,21,Male,No,50,16:55,Tuesday,January,1,22.6836,75.873,Minor
ACC1680,Uttar Pradesh,Varanasi,Clear,National Highway,Gravel,Daylight,Car,28,Male,No,80,00:44,Sunday,March,1,25.3883,83.0365,Minor
ACC1681,Odisha,Bhubaneswar,Clear,National Highway,Slippery,Night - Street Lights On,Two-Wheeler,52,Male,Yes,70,01:11,Thursday,March,3,20.2034,85.7759,Fatal
ACC1682,Odisha,Bhubaneswar,Clear,City Road,Under Construction,Daylight,Car,46,Male,No,120,19:11,Saturday,December,0,20.2121,85.7855,Minor
ACC1683,Jammu and Kashmir,Srinagar,Sunny,Expressway,Slippery,Twilight/Dusk,LCV,49,Male,No,80,12:40,Thursday,April,1,34.0952,74.7594,Minor
ACC1684,Telangana,Hyderabad,Sunny,State Highway,Dry,Night - Street Lights On,Auto-Rickshaw,27,Female,Yes,60,23:08,Friday,March,2,17.4296,78.5377,Serious
ACC1685,Tamil Nadu,Madurai,Mist,Expressway,Wet,Daylight,Auto-Rickshaw,42,Male,No,50,01:42,Sunday,July,2,9.8917,78.1636,Serious
ACC1686,Kerala,Thiruvananthapuram,Clear,City Road,Wet,Night - Street Lights On,Heavy Truck,28,Male,No,100,17:26,Saturday,March,0,8.5936,76.9353,Fatal
ACC1687,Rajasthan,Jaipur,Clear,City Road,Wet,Daylight,Two-Wheeler,43,Male,No,40,20:43,Monday,January,1,26.9731,75.8186,Serious
ACC1688,Maharashtra,Mumbai,Clear,National Highway,Under Construction,Daylight,Bus,33,Male,No,90,16:55,Wednesday,August,1,19.0874,72.8374,Minor
ACC1689,Delhi,New Delhi,Clear,Rural Road,Wet,Daylight,Heavy Truck,49,Male,No,100,12:33,Wednesday,September,0,28.591,77.2893,Minor
ACC1690,Jammu and Kashmir,Srinagar,Clear,National Highway,Slippery,Daylight,Bus,28,Male,No,80,17:31,Saturday,February,2,34.0922,74.7463,Minor
ACC1691,Kerala,Kochi,Foggy,State Highway,Wet,Daylight,Car,57,Female,No,80,00:52,Saturday,June,1,9.9124,76.3423,Minor
ACC1692,Maharashtra,Pune,Foggy,City Road,Wet,Night - Darkness,Two-Wheeler,20,Female,Yes,120,23:43,Friday,May,2,18.557,73.8782,Minor
ACC1693,Tamil Nadu,Coimbatore,Mist,Expressway,Wet,Twilight/Dusk,Car,51,Male,No,120,14:11,Monday,June,1,11.0041,76.9671,Serious
ACC1694,Jammu and Kashmir,Srinagar,Mist,Expressway,Wet,Night - Darkness,Two-Wheeler,24,Male,No,90,03:26,Thursday,January,3,34.1213,74.7866,Minor
ACC1695,Tamil Nadu,Madurai,Mist,State Highway,Wet,Daylight,Heavy Truck,52,Female,No,80,03:05,Thursday,May,0,9.8913,78.1432,Serious
ACC1696,Punjab,Ludhiana,Mist,National Highway,Wet,Twilight/Dusk,Two-Wheeler,50,Male,No,70,14:29,Wednesday,November,1,30.8396,75.8219,Serious
ACC1697,West Bengal,Kolkata,Sunny,Expressway,Dry,Daylight,Car,32,Male,No,60,10:55,Sunday,July,1,22.6191,88.379,Fatal
ACC1698,Madhya Pradesh,Indore,Foggy,Expressway,Wet,Daylight,LCV,24,Female,No,120,01:14,Saturday,February,1,22.7593,75.889,Minor
ACC1699,Madhya Pradesh,Bhopal,Clear,State Highway,Slippery,Daylight,Car,48,Male,No,70,08:36,Monday,January,2,23.1885,77.396,Minor
ACC1700,Delhi,New Delhi,Clear,Expressway,Wet,Daylight,Two-Wheeler,23,Female,No,50,01:41,Monday,December,1,28.694,77.208,Minor
ACC1701,Rajasthan,Jaipur,Clear,City Road,Wet,Daylight,Two-Wheeler,50,Male,No,80,20:43,Monday,January,1,26.9897,75.8205,Serious
ACC1702,Uttar Pradesh,Lucknow,Heavy Rain,State Highway,Slippery,Twilight/Dusk,Heavy Truck,38,Male,No,70,13:19,Thursday,June,1,26.8832,80.9382,Serious
ACC1703,Tamil Nadu,Chennai,Heavy Rain,Rural Road,Slippery,Twilight/Dusk,LCV,23,Female,No,120,10:18,Saturday,August,2,13.169,80.2531,Minor
ACC1704,Karnataka,Bengaluru,Clear,Expressway,Slippery,Twilight/Dusk,LCV,52,Male,No,50,17:22,Wednesday,September,1,12.9117,77.5633,Serious
ACC1705,Madhya Pradesh,Indore,Clear,Expressway,Slippery,Night - Darkness,Two-Wheeler,41,Male,No,40,05:31,Wednesday,February,4,22.7794,75.8395,Minor
ACC1706,Jammu and Kashmir,Srinagar,Sunny,Rural Road,Gravel,Daylight,Car,45,Male,No,100,00:24,Wednesday,August,0,34.0117,74.8171,Minor
ACC1707,Rajasthan,Jaipur,Clear,City Road,Wet,Daylight,Two-Wheeler,44,Male,No,60,21:04,Monday,January,1,26.9729,75.7957,Minor
ACC1708,Gujarat,Ahmedabad,Foggy,Rural Road,Wet,Night - Darkness,Car,34,Male,Yes,120,11:54,Monday,December,6,23.0649,72.6343,Serious
ACC1709,Kerala,Kochi,Sunny,State Highway,Slippery,Night - Darkness,Bus,38,Male,No,90,03:52,Saturday,August,2,9.9776,76.2898,Minor
ACC1710,Maharashtra,Mumbai,Foggy,National Highway,Wet,Night - Darkness,Auto-Rickshaw,58,Male,No,70,07:28,Saturday,December,2,19.0192,72.9734,Fatal
ACC1711,Kerala,Kochi,Foggy,State Highway,Wet,Daylight,Car,56,Female,No,40,01:26,Saturday,June,1,9.9297,76.3421,Minor
ACC1712,Bihar,Patna,Heavy Rain,Expressway,Slippery,Daylight,Auto-Rickshaw,51,Male,No,100,19:58,Thursday,October,3,25.5032,85.1086,Fatal
ACC1713,Gujarat,Surat,Mist,State Highway,Wet,Night - Darkness,Two-Wheeler,63,Male,No,80,18:27,Sunday,April,1,21.1436,72.769,Minor
ACC1714,Bihar,Patna,Foggy,State Highway,Wet,Twilight/Dusk,Two-Wheeler,54,Male,Yes,60,13:10,Friday,April,3,25.5386,85.1052,Minor
ACC1715,Rajasthan,Jaipur,Sunny,Rural Road,Slippery,Night - Darkness,Bus,28,Male,No,90,01:23,Saturday,August,3,26.9133,75.7723,Serious
ACC1716,Assam,Guwahati,Sunny,Rural Road,Dry,Night - Street Lights On,Auto-Rickshaw,62,Male,Yes,80,09:40,Sunday,July,1,26.1584,91.7878,Fatal
ACC1717,Madhya Pradesh,Indore,Foggy,Expressway,Wet,Daylight,LCV,22,Male,No,100,16:49,Tuesday,January,1,22.6623,75.8778,Serious
ACC1718,Kerala,Thiruvananthapuram,Heavy Rain,National Highway,Slippery,Night - Darkness,Auto-Rickshaw,36,Male,No,70,08:01,Wednesday,February,4,8.553,76.9779,Minor
ACC1719,Kerala,Thiruvananthapuram,Heavy Rain,City Road,Slippery,Night - Street Lights On,Two-Wheeler,47,Male,Yes,90,16:03,Thursday,November,1,8.5311,76.9595,Fatal
ACC1720,Tamil Nadu,Coimbatore,Clear,Expressway,Dry,Daylight,Heavy Truck,49,Female,No,90,07:28,Wednesday,March,2,11.1141,76.9343,Serious
ACC1721,Punjab,Amritsar,Clear,State Highway,Wet,Daylight,Car,30,Male,No,50,08:02,Friday,December,0,31.6638,74.81,Fatal
ACC1722,Madhya Pradesh,Indore,Clear,State Highway,Dry,Twilight/Dusk,Two-Wheeler,50,Female,No,90,13:14,Monday,February,1,22.7743,75.8079,Fatal
ACC1723,Bihar,Patna,Heavy Rain,Expressway,Slippery,Daylight,Auto-Rickshaw,51,Male,No,120,20:16,Thursday,October,3,25.5053,85.134,Minor
ACC1724,Bihar,Patna,Sunny,Rural Road,Under Construction,Night - Darkness,Car,53,Male,No,100,18:35,Friday,May,2,25.6438,85.1556,Minor
ACC1725,Madhya Pradesh,Indore,Mist,State Highway,Wet,Daylight,LCV,24,Female,No,90,09:00,Monday,June,2,22.8111,75.8104,Minor
ACC1726,Kerala,Thiruvananthapuram,Foggy,National Highway,Wet,Twilight/Dusk,Bus,41,Male,No,40,02:40,Friday,April,6,8.4798,76.8538,Minor
ACC1727,Haryana,Gurugram,Foggy,Expressway,Wet,Twilight/Dusk,Auto-Rickshaw,49,Female,No,100,09:26,Friday,January,3,28.4468,77.0537,Minor
ACC1728,Punjab,Amritsar,Mist,Rural Road,Wet,Daylight,Car,18,Male,No,80,14:58,Saturday,March,0,31.6302,74.8224,Serious
ACC1729,Maharashtra,Pune,Heavy Rain,National Highway,Slippery,Night - Street Lights On,Car,18,Male,No,70,10:50,Tuesday,March,1,18.5043,73.8404,Fatal
ACC1730,Tamil Nadu,Coimbatore,Sunny,City Road,Dry,Night - Street Lights On,Car,22,Male,No,120,16:05,Sunday,September,1,11.07,76.8682,Minor
ACC1731,Punjab,Ludhiana,Mist,National Highway,Wet,Twilight/Dusk,Two-Wheeler,55,Male,No,60,13:39,Wednesday,November,1,30.8609,75.8099,Serious
ACC1732,Haryana,Gurugram,Heavy Rain,National Highway,Slippery,Daylight,Heavy Truck,19,Female,No,70,14:58,Monday,April,1,28.4966,77.0253,Minor
ACC1733,Tamil Nadu,Coimbatore,Mist,Expressway,Wet,Twilight/Dusk,Car,50,Male,No,40,14:49,Monday,June,1,11.0156,76.9739,Serious
ACC1734,Odisha,Bhubaneswar,Clear,National Highway,Slippery,Night - Street Lights On,Two-Wheeler,54,Male,Yes,50,01:40,Thursday,March,3,20.2048,85.7983,Serious
ACC1735,Jammu and Kashmir,Srinagar,Sunny,Expressway,Slippery,Twilight/Dusk,LCV,53,Male,No,80,12:25,Thursday,April,1,34.09,74.7566,Serious
ACC1736,Karnataka,Bengaluru,Clear,State Highway,Slippery,Night - Street Lights On,LCV,31,Male,No,80,22:38,Tuesday,February,2,12.9079,77.6477,Fatal
ACC1737,Kerala,Thiruvananthapuram,Foggy,City Road,Wet,Twilight/Dusk,Auto-Rickshaw,56,Female,No,120,22:30,Sunday,September,2,8.5673,76.862,Minor
ACC1738,Punjab,Amritsar,Clear,City Road,Wet,Night - Darkness,Auto-Rickshaw,42,Male,Yes,50,21:02,Wednesday,March,3,31.698,74.8579,Fatal
ACC1739,Assam,Guwahati,Mist,Expressway,Wet,Night - Darkness,Two-Wheeler,54,Male,Yes,120,14:10,Friday,October,6,26.0932,91.7435,Fatal
ACC1740,Tamil Nadu,Coimbatore,Clear,Rural Road,Wet,Daylight,Heavy Truck,26,Male,No,60,19:45,Monday,September,2,11.0065,76.992,Serious
ACC1741,Telangana,Hyderabad,Foggy,National Highway,Wet,Daylight,Bus,22,Male,No,80,13:20,Monday,May,3,17.4384,78.5686,Minor
ACC1742,Uttar Pradesh,Kanpur,Heavy Rain,Rural Road,Slippery,Twilight/Dusk,Car,49,Male,No,50,12:12,Sunday,October,1,26.5397,80.366,Serious
ACC1743,Odisha,Bhubaneswar,Clear,National Highway,Slippery,Night - Street Lights On,Two-Wheeler,51,Male,Yes,70,01:34,Thursday,March,3,20.1994,85.7941,Minor
ACC1744,Karnataka,Bengaluru,Mist,Rural Road,Wet,Daylight,Bus,20,Male,No,80,16:20,Monday,September,0,12.9283,77.5162,Serious
ACC1745,Uttar Pradesh,Varanasi,Clear,State Highway,Dry,Daylight,Two-Wheeler,62,Male,No,70,02:40,Wednesday,June,2,25.2636,83.0517,Fatal
ACC1746,Gujarat,Surat,Sunny,National Highway,Wet,Night - Street Lights On,Two-Wheeler,44,Male,No,100,19:43,Friday,August,2,21.1944,72.7925,Minor
ACC1747,Jammu and Kashmir,Srinagar,Clear,National Highway,Slippery,Daylight,Bus,27,Male,No,120,17:21,Saturday,February,2,34.0783,74.7389,Minor
ACC1748,Uttar Pradesh,Kanpur,Clear,State Highway,Slippery,Daylight,LCV,58,Female,No,90,10:12,Thursday,April,1,26.425,80.285,Serious
ACC1749,Gujarat,Ahmedabad,Foggy,National Highway,Wet,Daylight,Heavy Truck,45,Female,No,40,18:03,Tuesday,June,2,23.0875,72.5708,Minor
ACC1750,West Bengal,Kolkata,Foggy,Expressway,Wet,Night - Street Lights On,Bus,27,Female,No,120,18:17,Friday,September,6,22.5495,88.3703,Serious
ACC1751,Madhya Pradesh,Indore,Foggy,Expressway,Wet,Daylight,LCV,25,Female,No,90,01:39,Saturday,February,1,22.7799,75.8894,Minor
ACC1752,Uttar Pradesh,Varanasi,Clear,State Highway,Dry,Daylight,Two-Wheeler,60,Male,No,90,02:42,Wednesday,June,2,25.2587,83.0542,Fatal
ACC1753,Madhya Pradesh,Indore,Mist,State Highway,Wet,Daylight,LCV,21,Female,No,70,08:36,Monday,June,2,22.7865,75.8302,Fatal
ACC1754,Uttar Pradesh,Kanpur,Clear,National Highway,Slippery,Daylight,Two-Wheeler,42,Male,No,80,01:59,Monday,April,1,26.4994,80.3915,Fatal
ACC1755,Punjab,Ludhiana,Sunny,Rural Road,Dry,Twilight/Dusk,Heavy Truck,56,Male,No,60,08:08,Monday,December,2,30.8593,75.9192,Minor
ACC1756,Kerala,Thiruvananthapuram,Heavy Rain,National Highway,Slippery,Night - Darkness,Auto-Rickshaw,39,Male,No,70,07:50,Wednesday,February,4,8.5192,76.9898,Serious
ACC1757,Tamil Nadu,Madurai,Foggy,State Highway,Wet,Daylight,LCV,25,Male,No,60,15:40,Wednesday,March,0,9.9074,78.1993,Serious
ACC1758,Telangana,Hyderabad,Clear,State Highway,Dry,Daylight,Bus,51,Male,No,70,03:40,Wednesday,February,2,17.3674,78.4678,Minor
ACC1759,Delhi,New Delhi,Clear,National Highway,Dry,Twilight/Dusk,LCV,18,Male,Yes,100,10:54,Thursday,October,2,28.6124,77.2337,Minor
ACC1760,Gujarat,Surat,Mist,National Highway,Wet,Daylight,Bus,48,Female,No,70,17:02,Thursday,February,2,21.1418,72.7857,Minor
ACC1761,Assam,Guwahati,Clear,Rural Road,Dry,Night - Darkness,Two-Wheeler,53,Male,Yes,120,22:24,Wednesday,June,2,26.1453,91.689,Serious
ACC1762,Gujarat,Surat,Sunny,National Highway,Wet,Night - Street Lights On,Two-Wheeler,44,Male,No,100,20:11,Friday,August,2,21.2201,72.7884,Fatal
ACC1763,Maharashtra,Pune,Clear,National Highway,Dry,Night - Darkness,Car,62,Male,Yes,80,23:43,Friday,August,4,18.5178,73.9211,Minor
ACC1764,Uttar Pradesh,Varanasi,Clear,National Highway,Gravel,Daylight,Car,30,Male,No,90,00:34,Sunday,March,1,25.3934,83.0354,Serious
ACC1765,Maharashtra,Nagpur,Clear,Expressway,Wet,Daylight,Two-Wheeler,51,Male,No,120,11:20,Saturday,November,1,21.1343,79.0464,Minor
ACC1766,Rajasthan,Jaipur,Clear,State Highway,Dry,Night - Street Lights On,Car,58,Male,No,50,13:43,Saturday,March,0,26.8596,75.7465,Minor
ACC1767,Uttar Pradesh,Varanasi,Clear,Rural Road,Dry,Daylight,Car,49,Male,No,70,18:02,Friday,October,2,25.3527,82.9721,Serious
ACC1768,Madhya Pradesh,Indore,Mist,State Highway,Wet,Daylight,LCV,24,Female,No,50,08:29,Monday,June,2,22.7927,75.8144,Minor
ACC1769,Tamil Nadu,Chennai,Clear,Expressway,Dry,Daylight,Car,41,Male,No,120,22:07,Saturday,July,2,13.0943,80.3096,Fatal
ACC1770,Rajasthan,Jaipur,Clear,State Highway,Gravel,Night - Street Lights On,Two-Wheeler,28,Female,No,40,04:24,Sunday,March,0,26.8673,75.8773,Serious
ACC1771,Kerala,Kochi,Clear,City Road,Wet,Night - Street Lights On,Heavy Truck,43,Male,No,80,22:04,Monday,January,0,9.8666,76.2374,Minor
ACC1772,Haryana,Gurugram,Heavy Rain,State Highway,Slippery,Night - Darkness,LCV,45,Female,Yes,50,16:38,Saturday,June,2,28.4831,77.0456,Minor
ACC1773,Delhi,New Delhi,Clear,Expressway,Wet,Daylight,Two-Wheeler,26,Female,No,90,01:39,Monday,December,1,28.6892,77.1837,Minor
ACC1774,Rajasthan,Jaipur,Clear,City Road,Wet,Daylight,Two-Wheeler,49,Male,No,70,20:33,Monday,January,1,26.9743,75.8078,Minor
ACC1775,Delhi,New Delhi,Heavy Rain,State Highway,Slippery,Night - Darkness,Heavy Truck,33,Female,No,70,18:36,Friday,May,3,28.7081,77.1968,Serious
ACC1776,Kerala,Thiruvananthapuram,Foggy,City Road,Wet,Twilight/Dusk,Auto-Rickshaw,56,Female,No,70,23:16,Sunday,September,2,8.5728,76.8507,Fatal
ACC1777,Gujarat,Surat,Sunny,National Highway,Slippery,Daylight,Auto-Rickshaw,47,Male,No,120,10:14,Monday,July,2,21.0869,72.8191,Serious
ACC1778,Jammu and Kashmir,Srinagar,Mist,Expressway,Wet,Night - Darkness,Two-Wheeler,27,Male,No,60,03:15,Thursday,January,3,34.1199,74.7892,Serious
ACC1779,Delhi,New Delhi,Clear,Rural Road,Gravel,Daylight,Car,26,Male,No,50,04:06,Tuesday,December,2,28.5517,77.2279,Minor
ACC1780,Kerala,Thiruvananthapuram,Heavy Rain,City Road,Slippery,Night - Street Lights On,Two-Wheeler,50,Male,Yes,40,16:35,Thursday,November,1,8.5392,76.9797,Serious
ACC1781,Karnataka,Bengaluru,Heavy Rain,State Highway,Slippery,Daylight,Two-Wheeler,55,Female,No,70,07:56,Sunday,June,0,12.8972,77.6674,Minor
ACC1782,Tamil Nadu,Coimbatore,Foggy,State Highway,Wet,Night - Street Lights On,LCV,30,Male,Yes,60,07:14,Sunday,May,3,11.0136,76.9475,Fatal
ACC1783,Rajasthan,Jaipur,Mist,National Highway,Wet,Daylight,Two-Wheeler,41,Male,No,40,04:56,Monday,March,2,26.8645,75.7497,Serious
ACC1784,Kerala,Thiruvananthapuram,Foggy,Rural Road,Wet,Twilight/Dusk,Auto-Rickshaw,38,Male,No,70,14:56,Wednesday,September,1,8.4741,76.8592,Minor
ACC1785,Karnataka,Bengaluru,Heavy Rain,State Highway,Slippery,Daylight,Two-Wheeler,58,Female,No,60,08:07,Sunday,June,0,12.8755,77.6624,Serious
ACC1786,Maharashtra,Mumbai,Clear,Expressway,Under Construction,Night - Darkness,Auto-Rickshaw,54,Male,Yes,80,17:13,Sunday,June,6,19.0595,72.8224,Minor
ACC1787,Odisha,Bhubaneswar,Clear,National Highway,Slippery,Night - Street Lights On,Two-Wheeler,55,Male,Yes,70,01:35,Thursday,March,3,20.2285,85.7956,Minor
ACC1788,Madhya Pradesh,Indore,Clear,Expressway,Slippery,Night - Darkness,Two-Wheeler,49,Male,No,80,06:25,Wednesday,February,4,22.7542,75.8518,Serious
ACC1789,Maharashtra,Nagpur,Clear,Expressway,Under Construction,Night - Darkness,Two-Wheeler,45,Female,No,90,17:57,Monday,November,2,21.2062,79.1367,Minor
ACC1790,Gujarat,Surat,Foggy,Rural Road,Wet,Night - Darkness,Auto-Rickshaw,65,Female,No,70,05:02,Friday,January,1,21.1024,72.8856,Serious
ACC1791,Uttar Pradesh,Varanasi,Clear,National Highway,Wet,Night - Street Lights On,Heavy Truck,27,Female,No,80,20:15,Tuesday,February,3,25.2865,83.0207,Minor
ACC1792,Uttar Pradesh,Kanpur,Heavy Rain,Rural Road,Slippery,Twilight/Dusk,Car,46,Male,No,100,12:10,Sunday,October,1,26.5104,80.3729,Minor
ACC1793,Kerala,Thiruvananthapuram,Clear,City Road,Wet,Night - Street Lights On,Auto-Rickshaw,62,Male,No,40,12:46,Saturday,December,1,8.5959,77.0096,Minor
ACC1794,Uttar Pradesh,Kanpur,Clear,State Highway,Dry,Night - Street Lights On,Heavy Truck,23,Male,No,120,12:44,Tuesday,August,2,26.385,80.3561,Fatal
ACC1795,Kerala,Thiruvananthapuram,Heavy Rain,National Highway,Slippery,Night - Darkness,Auto-Rickshaw,39,Male,No,40,08:04,Wednesday,February,4,8.5363,76.9746,Fatal
ACC1796,West Bengal,Kolkata,Foggy,Expressway,Wet,Night - Street Lights On,Bus,25,Female,No,120,18:00,Friday,September,6,22.5738,88.3828,Minor
ACC1797,Punjab,Ludhiana,Heavy Rain,State Highway,Slippery,Daylight,Auto-Rickshaw,63,Male,No,90,09:17,Friday,April,0,30.8497,75.8971,Serious
ACC1798,Uttar Pradesh,Varanasi,Clear,State Highway,Dry,Daylight,Two-Wheeler,58,Male,No,120,02:24,Wednesday,June,2,25.2711,83.0485,Fatal
ACC1799,Rajasthan,Udaipur,Heavy Rain,Rural Road,Slippery,Night - Darkness,Heavy Truck,52,Male,No,40,23:29,Sunday,July,2,24.5504,73.6463,Minor
ACC1800,Assam,Guwahati,Clear,State Highway,Dry,Daylight,Auto-Rickshaw,26,Male,No,100,09:27,Monday,January,1,26.1375,91.7509,Serious
ACC1801,Haryana,Gurugram,Heavy Rain,State Highway,Slippery,Night - Darkness,LCV,43,Female,Yes,40,17:05,Saturday,June,2,28.4775,77.0463,Minor
ACC1802,Uttar Pradesh,Lucknow,Clear,National Highway,Under Construction,Night - Darkness,Two-Wheeler,29,Male,Yes,60,01:43,Friday,November,2,26.9333,80.9978,Fatal
ACC1803,Madhya Pradesh,Indore,Mist,State Highway,Wet,Daylight,LCV,22,Female,No,80,09:00,Monday,June,2,22.7872,75.8102,Fatal
ACC1804,Maharashtra,Nagpur,Clear,Expressway,Under Construction,Night - Darkness,Two-Wheeler,46,Female,No,80,18:13,Monday,November,2,21.1991,79.1635,Minor
ACC1805,Tamil Nadu,Chennai,Heavy Rain,Rural Road,Slippery,Twilight/Dusk,LCV,26,Female,No,120,10:18,Saturday,August,2,13.1469,80.2591,Minor
ACC1806,Karnataka,Mysuru,Clear,Rural Road,Slippery,Daylight,Two-Wheeler,35,Male,Yes,70,20:51,Tuesday,April,1,12.2723,76.6305,Fatal
ACC1807,Tamil Nadu,Chennai,Heavy Rain,Rural Road,Slippery,Twilight/Dusk,LCV,22,Female,No,50,09:46,Saturday,August,2,13.1535,80.2512,Serious
ACC1808,Gujarat,Ahmedabad,Heavy Rain,Rural Road,Slippery,Daylight,Two-Wheeler,57,Male,No,60,05:03,Thursday,August,0,22.9758,72.6379,Fatal
ACC1809,Haryana,Gurugram,Heavy Rain,National Highway,Slippery,Daylight,Heavy Truck,22,Female,No,120,14:57,Monday,April,1,28.4779,77.0166,Fatal
ACC1810,Uttarakhand,Dehradun,Clear,City Road,Dry,Daylight,LCV,20,Male,No,90,13:40,Sunday,August,2,30.357,78.0743,Serious
ACC1811,Kerala,Thiruvananthapuram,Foggy,City Road,Wet,Twilight/Dusk,Auto-Rickshaw,50,Female,No,80,23:21,Sunday,September,2,8.5521,76.8519,Minor
ACC1812,Punjab,Amritsar,Mist,Rural Road,Wet,Daylight,Car,22,Male,No,90,15:04,Saturday,March,0,31.6541,74.819,Serious
ACC1813,Rajasthan,Udaipur,Heavy Rain,Rural Road,Slippery,Night - Darkness,Heavy Truck,53,Male,No,80,23:47,Sunday,July,2,24.5767,73.6423,Minor
ACC1814,Tamil Nadu,Coimbatore,Foggy,State Highway,Wet,Night - Street Lights On,LCV,34,Male,Yes,120,07:37,Sunday,May,3,10.9947,76.9614,Fatal
ACC1815,Gujarat,Ahmedabad,Clear,National Highway,Gravel,Daylight,Heavy Truck,25,Male,No,120,11:25,Tuesday,August,3,23.0598,72.578,Serious
ACC1816,Tamil Nadu,Chennai,Clear,Expressway,Dry,Daylight,Car,35,Male,No,50,22:12,Saturday,July,2,13.0748,80.2848,Serious
ACC1817,Tamil Nadu,Chennai,Clear,Rural Road,Gravel,Daylight,Car,18,Male,No,120,06:42,Monday,June,0,13.0572,80.1895,Fatal
ACC1818,Rajasthan,Jaipur,Mist,National Highway,Wet,Daylight,Two-Wheeler,41,Male,No,50,05:15,Monday,March,2,26.8764,75.7193,Minor
ACC1819,Gujarat,Ahmedabad,Clear,State Highway,Dry,Daylight,Two-Wheeler,37,Male,No,40,23:41,Friday,March,2,23.0577,72.5667,Minor
ACC1820,Telangana,Hyderabad,Foggy,National Highway,Wet,Daylight,Bus,18,Male,No,100,13:16,Monday,May,3,17.4476,78.5364,Minor
ACC1821,Punjab,Amritsar,Heavy Rain,State Highway,Slippery,Daylight,Auto-Rickshaw,57,Female,No,100,07:31,Saturday,March,2,31.6087,74.9042,Serious
ACC1822,Tamil Nadu,Coimbatore,Clear,National Highway,Wet,Night - Darkness,Car,46,Male,No,70,17:33,Wednesday,November,2,11.0975,76.9448,Minor
ACC1823,Gujarat,Ahmedabad,Clear,State Highway,Dry,Night - Street Lights On,Two-Wheeler,59,Male,No,60,11:47,Saturday,December,2,23.0431,72.5459,Minor
ACC1824,Telangana,Hyderabad,Sunny,State Highway,Dry,Night - Street Lights On,Auto-Rickshaw,31,Female,Yes,120,23:29,Friday,March,2,17.4463,78.5148,Serious
ACC1825,Tamil Nadu,Chennai,Heavy Rain,Rural Road,Slippery,Twilight/Dusk,LCV,23,Female,No,80,10:39,Saturday,August,2,13.1566,80.2613,Serious
ACC1826,West Bengal,Kolkata,Clear,State Highway,Wet,Night - Street Lights On,LCV,24,Male,Yes,90,13:45,Thursday,February,1,22.5214,88.3464,Serious
ACC1827,Delhi,New Delhi,Heavy Rain,State Highway,Slippery,Night - Darkness,Heavy Truck,26,Female,No,70,18:24,Friday,May,3,28.7028,77.1895,Serious
ACC1828,Delhi,New Delhi,Clear,National Highway,Dry,Twilight/Dusk,LCV,18,Male,Yes,80,11:42,Thursday,October,2,28.6114,77.2519,Minor
ACC1829,Karnataka,Mysuru,Clear,Rural Road,Slippery,Daylight,Two-Wheeler,34,Male,Yes,40,21:39,Tuesday,April,1,12.2764,76.6141,Minor
ACC1830,Kerala,Thiruvananthapuram,Clear,National Highway,Dry,Night - Darkness,Bus,27,Male,Yes,40,14:07,Thursday,March,4,8.4985,76.9922,Minor
ACC1831,Tamil Nadu,Chennai,Clear,Expressway,Dry,Daylight,Car,36,Male,No,100,22:17,Saturday,July,2,13.0768,80.3008,Serious
ACC1832,Madhya Pradesh,Indore,Sunny,Expressway,Under Construction,Daylight,Two-Wheeler,34,Female,Yes,100,23:11,Monday,May,4,22.6764,75.8312,Minor
ACC1833,Uttar Pradesh,Kanpur,Clear,State Highway,Dry,Night - Street Lights On,Heavy Truck,25,Male,No,50,12:04,Tuesday,August,2,26.3776,80.3423,Fatal
ACC1834,Delhi,New Delhi,Clear,National Highway,Dry,Twilight/Dusk,LCV,18,Male,Yes,80,11:50,Thursday,October,2,28.6338,77.255,Serious
ACC1835,Rajasthan,Jaipur,Mist,National Highway,Wet,Daylight,Two-Wheeler,42,Male,No,100,05:01,Monday,March,2,26.8575,75.7171,Serious
ACC1836,Bihar,Patna,Foggy,State Highway,Wet,Twilight/Dusk,Two-Wheeler,49,Male,Yes,90,13:18,Friday,April,3,25.5477,85.0949,Minor
ACC1837,Maharashtra,Nagpur,Clear,State Highway,Dry,Daylight,Bus,62,Male,No,60,19:11,Friday,July,1,21.1715,79.0618,Serious
ACC1838,Gujarat,Surat,Sunny,National Highway,Dry,Night - Street Lights On,Car,40,Male,Yes,120,11:13,Friday,September,4,21.1974,72.8315,Serious
ACC1839,Tamil Nadu,Madurai,Clear,National Highway,Slippery,Daylight,Bus,38,Male,No,50,14:40,Monday,July,1,9.8663,78.1473,Minor
ACC1840,Gujarat,Surat,Clear,State Highway,Slippery,Night - Darkness,LCV,30,Male,Yes,100,18:01,Tuesday,September,3,21.1793,72.8917,Fatal
ACC1841,Assam,Guwahati,Sunny,Rural Road,Dry,Night - Street Lights On,Auto-Rickshaw,63,Male,Yes,80,10:00,Sunday,July,1,26.1799,91.7677,Fatal
ACC1842,Punjab,Amritsar,Heavy Rain,State Highway,Slippery,Daylight,Auto-Rickshaw,62,Female,No,100,06:50,Saturday,March,2,31.6196,74.9061,Minor
ACC1843,Punjab,Ludhiana,Sunny,State Highway,Gravel,Daylight,Two-Wheeler,30,Male,No,80,00:03,Friday,October,1,30.9766,75.8752,Minor
ACC1844,Tamil Nadu,Madurai,Mist,Expressway,Wet,Daylight,Auto-Rickshaw,48,Male,No,80,00:49,Sunday,July,2,9.8788,78.1457,Fatal
ACC1845,Maharashtra,Nagpur,Clear,State Highway,Dry,Daylight,Bus,65,Male,No,40,19:10,Friday,July,1,21.1608,79.0444,Fatal
ACC1846,Uttar Pradesh,Varanasi,Foggy,Rural Road,Wet,Daylight,LCV,40,Female,No,50,18:56,Friday,March,1,25.3125,82.9952,Minor
ACC1847,Madhya Pradesh,Indore,Sunny,Expressway,Under Construction,Daylight,Two-Wheeler,33,Female,Yes,50,23:38,Monday,May,4,22.6546,75.8078,Serious
ACC1848,Tamil Nadu,Coimbatore,Mist,Expressway,Wet,Twilight/Dusk,Car,47,Male,No,40,14:09,Monday,June,1,11.0184,76.9622,Minor
ACC1849,Uttar Pradesh,Kanpur,Mist,Expressway,Wet,Night - Street Lights On,LCV,23,Male,Yes,40,11:15,Friday,February,3,26.5069,80.3363,Minor
ACC1850,Tamil Nadu,Coimbatore,Clear,Rural Road,Under Construction,Twilight/Dusk,Bus,51,Male,No,120,01:48,Saturday,October,1,11.0489,76.9651,Fatal
ACC1851,Karnataka,Bengaluru,Mist,Rural Road,Wet,Daylight,Bus,20,Male,No,40,16:18,Monday,September,0,12.9197,77.5165,Minor
ACC1852,West Bengal,Kolkata,Clear,Rural Road,Dry,Twilight/Dusk,LCV,29,Female,No,50,03:15,Saturday,July,1,22.5288,88.3901,Serious
ACC1853,Gujarat,Surat,Sunny,National Highway,Slippery,Daylight,Auto-Rickshaw,46,Male,No,60,09:23,Monday,July,2,21.1071,72.8349,Minor
ACC1854,Rajasthan,Jaipur,Mist,National Highway,Wet,Daylight,Two-Wheeler,44,Male,No,80,04:51,Monday,March,2,26.8567,75.754,Minor
ACC1855,Maharashtra,Mumbai,Clear,Rural Road,Dry,Daylight,LCV,52,Female,No,80,18:27,Saturday,August,0,19.1418,72.9054,Minor
ACC1856,Uttar Pradesh,Lucknow,Mist,Expressway,Wet,Twilight/Dusk,Heavy Truck,46,Male,No,100,14:06,Friday,October,3,26.8535,80.9973,Minor
ACC1857,Uttar Pradesh,Lucknow,Mist,Expressway,Wet,Twilight/Dusk,Heavy Truck,41,Male,No,120,13:28,Friday,October,3,26.8334,81.0305,Serious
ACC1858,Kerala,Thiruvananthapuram,Clear,National Highway,Dry,Night - Darkness,Bus,27,Male,Yes,80,13:58,Thursday,March,4,8.5214,77.0006,Fatal
ACC1859,Punjab,Ludhiana,Sunny,State Highway,Gravel,Daylight,Two-Wheeler,31,Male,No,60,00:08,Friday,October,1,30.9694,75.8637,Fatal
ACC1860,Gujarat,Ahmedabad,Foggy,National Highway,Wet,Daylight,Heavy Truck,42,Female,No,80,18:05,Tuesday,June,2,23.0793,72.5717,Minor
ACC1861,Jammu and Kashmir,Srinagar,Mist,Expressway,Wet,Night - Darkness,Two-Wheeler,23,Male,No,120,03:33,Thursday,January,3,34.1261,74.7887,Minor
ACC1862,Uttar Pradesh,Kanpur,Clear,National Highway,Under Construction,Daylight,LCV,18,Male,No,40,20:25,Saturday,August,2,26.4587,80.3891,Minor
ACC1863,Punjab,Ludhiana,Sunny,Rural Road,Dry,Twilight/Dusk,Heavy Truck,60,Male,No,100,08:18,Monday,December,2,30.8874,75.954,Minor
ACC1864,Madhya Pradesh,Indore,Foggy,Expressway,Wet,Daylight,LCV,26,Female,No,80,01:38,Saturday,February,1,22.7836,75.9098,Serious
ACC1865,Haryana,Gurugram,Heavy Rain,National Highway,Slippery,Daylight,Heavy Truck,18,Female,No,60,14:43,Monday,April,1,28.5037,77.035,Minor
ACC1866,Gujarat,Ahmedabad,Clear,City Road,Under Construction,Night - Street Lights On,Heavy Truck,44,Female,No,120,04:24,Tuesday,October,2,23.0938,72.5827,Minor
ACC1867,Tamil Nadu,Coimbatore,Sunny,City Road,Dry,Night - Street Lights On,Car,18,Male,No,120,16:43,Sunday,September,1,11.0492,76.889,Serious
ACC1868,Punjab,Amritsar,Clear,City Road,Wet,Night - Darkness,Auto-Rickshaw,48,Male,Yes,50,21:07,Wednesday,March,3,31.6747,74.8583,Fatal
ACC1869,West Bengal,Kolkata,Clear,State Highway,Wet,Night - Street Lights On,LCV,28,Male,Yes,90,13:01,Thursday,February,1,22.5166,88.358,Fatal
ACC1870,Tamil Nadu,Coimbatore,Foggy,National Highway,Wet,Night - Street Lights On,Heavy Truck,65,Female,Yes,100,09:16,Thursday,April,2,11.0231,76.9549,Fatal
ACC1871,Maharashtra,Pune,Clear,State Highway,Gravel,Night - Street Lights On,Two-Wheeler,44,Female,No,50,22:08,Monday,March,0,18.4972,73.8484,Minor
ACC1872,Maharashtra,Pune,Clear,State Highway,Gravel,Night - Street Lights On,Two-Wheeler,44,Female,No,80,21:33,Monday,March,0,18.4859,73.8671,Minor
ACC1873,Kerala,Kochi,Clear,State Highway,Dry,Daylight,Heavy Truck,64,Female,No,90,11:35,Tuesday,September,1,9.9729,76.2724,Serious
ACC1874,Punjab,Amritsar,Heavy Rain,State Highway,Slippery,Daylight,Auto-Rickshaw,64,Female,No,50,07:27,Saturday,March,2,31.6406,74.9175,Minor
ACC1875,Tamil Nadu,Coimbatore,Heavy Rain,Expressway,Slippery,Night - Darkness,Car,28,Female,No,70,14:24,Thursday,July,2,10.9962,76.9631,Serious
ACC1876,Kerala,Thiruvananthapuram,Foggy,Rural Road,Wet,Twilight/Dusk,Auto-Rickshaw,36,Male,No,100,14:57,Wednesday,September,1,8.4842,76.8888,Minor
ACC1877,Karnataka,Bengaluru,Clear,National Highway,Wet,Night - Darkness,Two-Wheeler,21,Male,No,120,11:23,Saturday,December,6,13.0061,77.5422,Serious
ACC1878,Jammu and Kashmir,Srinagar,Clear,National Highway,Slippery,Daylight,Bus,25,Male,No,60,17:17,Saturday,February,2,34.0656,74.7432,Serious
ACC1879,Bihar,Patna,Heavy Rain,Rural Road,Slippery,Daylight,Heavy Truck,34,Male,No,120,12:08,Wednesday,December,3,25.6651,85.1343,Serious
ACC1880,Maharashtra,Nagpur,Clear,State Highway,Dry,Daylight,Bus,58,Male,No,70,19:16,Friday,July,1,21.181,79.0437,Minor
ACC1881,Kerala,Kochi,Clear,State Highway,Dry,Daylight,Heavy Truck,69,Female,No,100,11:18,Tuesday,September,1,9.9743,76.2819,Minor
ACC1882,Tamil Nadu,Coimbatore,Clear,Rural Road,Under Construction,Twilight/Dusk,Bus,55,Male,No,120,02:19,Saturday,October,1,11.0294,76.9777,Minor
ACC1883,Punjab,Amritsar,Clear,State Highway,Wet,Daylight,Car,30,Male,No,40,07:30,Friday,December,0,31.649,74.827,Minor
ACC1884,Karnataka,Mysuru,Mist,State Highway,Wet,Daylight,Heavy Truck,41,Male,No,70,14:45,Sunday,February,0,12.3555,76.6082,Minor
ACC1885,Gujarat,Surat,Clear,State Highway,Slippery,Night - Darkness,LCV,27,Male,Yes,70,17:24,Tuesday,September,3,21.1747,72.8867,Minor
ACC1886,Kerala,Thiruvananthapuram,Foggy,Rural Road,Wet,Twilight/Dusk,Auto-Rickshaw,36,Male,No,70,15:36,Wednesday,September,1,8.4667,76.8881,Minor
ACC1887,Uttar Pradesh,Varanasi,Clear,National Highway,Gravel,Daylight,Car,36,Male,No,40,23:55,Sunday,March,1,25.3906,83.0278,Serious
ACC1888,Tamil Nadu,Madurai,Sunny,City Road,Slippery,Daylight,Heavy Truck,60,Female,No,100,20:40,Sunday,February,1,9.9467,78.1912,Minor
ACC1889,Uttar Pradesh,Varanasi,Clear,Rural Road,Dry,Daylight,Car,56,Female,No,60,18:51,Saturday,October,2,25.2591,82.9414,Minor
ACC1890,Maharashtra,Mumbai,Foggy,Expressway,Wet,Twilight/Dusk,LCV,22,Male,No,100,13:28,Tuesday,August,1,19.0236,72.8178,Minor
ACC1891,Madhya Pradesh,Indore,Sunny,Expressway,Under Construction,Daylight,Two-Wheeler,36,Female,Yes,70,22:58,Monday,May,4,22.658,75.8308,Fatal
ACC1892,Punjab,Ludhiana,Foggy,Rural Road,Wet,Daylight,Bus,38,Male,No,60,21:31,Monday,November,3,30.9053,75.8406,Fatal
ACC1893,Madhya Pradesh,Indore,Clear,Expressway,Dry,Daylight,Two-Wheeler,59,Female,Yes,90,06:13,Friday,October,2,22.6377,75.9148,Minor
ACC1894,Madhya Pradesh,Indore,Foggy,Expressway,Wet,Daylight,LCV,25,Female,No,70,01:42,Saturday,February,1,22.7549,75.9158,Minor
ACC1895,Gujarat,Surat,Mist,City Road,Wet,Twilight/Dusk,Bus,58,Female,No,90,12:38,Sunday,September,1,21.113,72.8137,Fatal
ACC1896,Bihar,Patna,Heavy Rain,Expressway,Slippery,Daylight,Auto-Rickshaw,57,Male,No,70,19:46,Thursday,October,3,25.534,85.134,Serious
ACC1897,Rajasthan,Jaipur,Mist,National Highway,Wet,Daylight,Two-Wheeler,38,Male,No,60,05:34,Monday,March,2,26.8746,75.7267,Serious
ACC1898,Kerala,Thiruvananthapuram,Clear,City Road,Wet,Night - Street Lights On,Auto-Rickshaw,62,Male,No,120,12:32,Saturday,December,1,8.5837,77.0289,Serious
ACC1899,Gujarat,Ahmedabad,Foggy,National Highway,Wet,Daylight,Heavy Truck,40,Female,No,60,18:30,Tuesday,June,2,23.0566,72.5767,Fatal
ACC1900,Tamil Nadu,Madurai,Sunny,City Road,Slippery,Daylight,Heavy Truck,55,Female,No,80,20:46,Sunday,February,1,9.9723,78.1833,Fatal
ACC1901,Delhi,New Delhi,Clear,National Highway,Dry,Twilight/Dusk,LCV,22,Male,Yes,80,10:54,Thursday,October,2,28.6351,77.2294,Serious
ACC1902,Haryana,Gurugram,Clear,Rural Road,Dry,Night - Street Lights On,Auto-Rickshaw,47,Male,Yes,90,20:38,Monday,December,1,28.528,77.1146,Minor
ACC1903,Uttar Pradesh,Kanpur,Heavy Rain,Rural Road,Slippery,Daylight,LCV,48,Male,No,70,19:24,Thursday,November,1,26.4261,80.3984,Minor
ACC1904,Assam,Guwahati,Clear,City Road,Dry,Daylight,Bus,44,Male,No,90,03:40,Sunday,January,1,26.1076,91.7726,Serious
ACC1905,Karnataka,Bengaluru,Clear,National Highway,Wet,Night - Darkness,Two-Wheeler,20,Male,No,50,11:49,Saturday,December,6,13.0088,77.5194,Minor
ACC1906,Madhya Pradesh,Indore,Clear,Expressway,Slippery,Night - Darkness,Two-Wheeler,44,Male,No,60,06:11,Wednesday,February,4,22.7751,75.8643,Minor
ACC1907,Tamil Nadu,Coimbatore,Sunny,Rural Road,Gravel,Daylight,Two-Wheeler,31,Male,No,50,20:56,Wednesday,August,2,11.0145,77.0111,Serious
ACC1908,Uttar Pradesh,Varanasi,Clear,National Highway,Gravel,Daylight,Car,33,Male,No,60,00:35,Sunday,March,1,25.3863,83.0159,Minor
ACC1909,Uttar Pradesh,Lucknow,Clear,National Highway,Under Construction,Night - Darkness,Two-Wheeler,35,Male,Yes,90,01:04,Friday,November,2,26.9055,80.9684,Minor
ACC1910,Uttar Pradesh,Kanpur,Heavy Rain,Rural Road,Slippery,Daylight,LCV,45,Male,No,80,19:46,Thursday,November,1,26.4312,80.4032,Serious
ACC1911,Bihar,Patna,Heavy Rain,Expressway,Slippery,Daylight,Auto-Rickshaw,55,Male,No,50,19:28,Thursday,October,3,25.5259,85.1299,Minor
ACC1912,Tamil Nadu,Chennai,Clear,Rural Road,Gravel,Daylight,Car,21,Male,No,40,07:21,Monday,June,0,13.0436,80.1828,Minor
ACC1913,Punjab,Ludhiana,Foggy,Rural Road,Wet,Daylight,Bus,45,Male,No,90,21:13,Monday,November,3,30.8814,75.8662,Minor
ACC1914,Madhya Pradesh,Indore,Mist,State Highway,Wet,Daylight,LCV,25,Female,No,90,08:28,Monday,June,2,22.8143,75.8118,Serious
ACC1915,Punjab,Ludhiana,Mist,National Highway,Wet,Night - Street Lights On,Auto-Rickshaw,57,Male,No,80,21:41,Friday,February,3,30.9446,75.8141,Fatal
ACC1916,Gujarat,Ahmedabad,Clear,Rural Road,Under Construction,Twilight/Dusk,Car,28,Female,No,120,03:38,Tuesday,May,0,23.0215,72.5759,Fatal
ACC1917,Punjab,Ludhiana,Foggy,Rural Road,Wet,Daylight,Bus,44,Male,No,80,21:08,Monday,November,3,30.8792,75.834,Serious
ACC1918,Karnataka,Bengaluru,Sunny,Expressway,Under Construction,Night - Darkness,LCV,54,Male,Yes,40,04:34,Saturday,October,6,13.0543,77.5968,Minor
ACC1919,Maharashtra,Pune,Clear,State Highway,Gravel,Night - Street Lights On,Two-Wheeler,43,Female,No,50,21:11,Monday,March,0,18.5176,73.8644,Minor
ACC1920,Jammu and Kashmir,Srinagar,Sunny,Rural Road,Gravel,Daylight,Car,38,Male,No,40,00:57,Wednesday,August,0,34.0401,74.8007,Minor
ACC1921,Kerala,Kochi,Foggy,State Highway,Wet,Daylight,Car,53,Female,No,60,01:00,Saturday,June,1,9.9259,76.363,Minor
ACC1922,Madhya Pradesh,Indore,Clear,National Highway,Gravel,Daylight,Two-Wheeler,31,Female,No,80,02:14,Monday,April,3,22.6608,75.8646,Minor
ACC1923,Maharashtra,Nagpur,Clear,Expressway,Under Construction,Night - Darkness,Two-Wheeler,38,Female,No,70,18:23,Monday,November,2,21.1752,79.1323,Serious
ACC1924,Jammu and Kashmir,Srinagar,Clear,Rural Road,Dry,Daylight,Two-Wheeler,37,Female,No,60,10:38,Thursday,October,0,34.0334,74.7787,Minor
ACC1925,Telangana,Hyderabad,Foggy,National Highway,Wet,Daylight,Bus,20,Male,No,60,13:10,Monday,May,3,17.472,78.5517,Serious
ACC1926,Delhi,New Delhi,Clear,National Highway,Dry,Twilight/Dusk,LCV,21,Male,Yes,60,11:38,Thursday,October,2,28.6289,77.2359,Minor
ACC1927,Kerala,Thiruvananthapuram,Clear,Expressway,Gravel,Daylight,Bus,48,Male,No,40,16:13,Wednesday,January,1,8.5183,76.9344,Serious
ACC1928,Kerala,Thiruvananthapuram,Clear,City Road,Wet,Night - Street Lights On,Auto-Rickshaw,60,Male,No,80,12:15,Saturday,December,1,8.5847,77.011,Minor
ACC1929,Uttar Pradesh,Kanpur,Mist,Expressway,Wet,Night - Street Lights On,LCV,23,Male,Yes,100,10:48,Friday,February,3,26.4808,80.3267,Fatal
ACC1930,Tamil Nadu,Coimbatore,Foggy,State Highway,Wet,Night - Street Lights On,LCV,30,Male,Yes,90,07:38,Sunday,May,3,11.0107,76.9779,Fatal
ACC1931,Punjab,Ludhiana,Sunny,State Highway,Gravel,Daylight,Two-Wheeler,32,Male,No,80,00:34,Friday,October,1,30.978,75.8624,Minor
ACC1932,Madhya Pradesh,Indore,Clear,Expressway,Slippery,Night - Darkness,Two-Wheeler,49,Male,No,80,05:53,Wednesday,February,4,22.7559,75.8401,Minor
ACC1933,Rajasthan,Jaipur,Sunny,State Highway,Dry,Night - Darkness,Two-Wheeler,48,Male,Yes,60,18:10,Friday,July,3,26.9586,75.7907,Fatal
ACC1934,Rajasthan,Jaipur,Clear,State Highway,Dry,Night - Street Lights On,Car,65,Male,No,120,13:49,Saturday,March,0,26.8727,75.718,Minor
ACC1935,Madhya Pradesh,Bhopal,Clear,State Highway,Slippery,Daylight,Car,53,Male,No,100,07:58,Monday,January,2,23.217,77.3942,Fatal
ACC1936,Rajasthan,Udaipur,Heavy Rain,Rural Road,Slippery,Night - Darkness,Heavy Truck,54,Male,No,100,23:01,Sunday,July,2,24.5742,73.6589,Serious
ACC1937,Delhi,New Delhi,Heavy Rain,National Highway,Slippery,Night - Street Lights On,Heavy Truck,37,Male,No,50,15:10,Sunday,February,4,28.6641,77.2792,Minor
ACC1938,Maharashtra,Nagpur,Clear,State Highway,Dry,Daylight,Bus,60,Male,No,70,19:24,Friday,July,1,21.1866,79.0599,Fatal
ACC1939,Uttar Pradesh,Kanpur,Mist,Expressway,Wet,Daylight,Auto-Rickshaw,54,Male,No,80,13:57,Monday,December,1,26.3673,80.352,Fatal
ACC1940,Madhya Pradesh,Indore,Clear,Expressway,Slippery,Night - Darkness,Two-Wheeler,48,Male,No,40,05:56,Wednesday,February,4,22.7605,75.8659,Minor
ACC1941,Madhya Pradesh,Indore,Foggy,Expressway,Wet,Daylight,LCV,24,Female,No,100,01:16,Saturday,February,1,22.7802,75.9097,Minor
ACC1942,Punjab,Amritsar,Clear,City Road,Wet,Night - Darkness,Auto-Rickshaw,40,Male,Yes,120,21:11,Wednesday,March,3,31.7098,74.8796,Serious
ACC1943,Maharashtra,Pune,Heavy Rain,National Highway,Slippery,Night - Street Lights On,Car,18,Male,No,80,10:32,Tuesday,March,1,18.5043,73.8204,Serious
ACC1944,Tamil Nadu,Coimbatore,Mist,Expressway,Wet,Twilight/Dusk,Car,51,Male,No,50,14:36,Monday,June,1,11.0171,76.9496,Minor
ACC1945,Karnataka,Bengaluru,Clear,National Highway,Wet,Night - Darkness,Two-Wheeler,26,Male,No,90,12:02,Saturday,December,6,12.9819,77.5165,Fatal
ACC1946,Kerala,Thiruvananthapuram,Foggy,Rural Road,Wet,Twilight/Dusk,Auto-Rickshaw,36,Male,No,90,15:20,Wednesday,September,1,8.4874,76.8517,Serious
ACC1947,Tamil Nadu,Coimbatore,Clear,National Highway,Wet,Night - Darkness,Car,50,Male,No,80,18:29,Wednesday,November,2,11.1012,76.9472,Minor
ACC1948,Uttar Pradesh,Lucknow,Clear,National Highway,Under Construction,Night - Darkness,Two-Wheeler,32,Male,Yes,40,01:23,Friday,November,2,26.8991,80.9929,Serious
ACC1949,Maharashtra,Mumbai,Foggy,Expressway,Wet,Twilight/Dusk,LCV,21,Male,No,120,13:32,Tuesday,August,1,19.0271,72.825,Fatal
ACC1950,Tamil Nadu,Madurai,Foggy,State Highway,Wet,Night - Darkness,LCV,56,Male,No,60,02:52,Thursday,September,3,9.9191,78.1174,Fatal
ACC1951,Rajasthan,Jaipur,Clear,State Highway,Dry,Night - Street Lights On,Car,60,Male,No,90,13:38,Saturday,March,0,26.8637,75.7178,Serious
ACC1952,Gujarat,Ahmedabad,Foggy,National Highway,Wet,Daylight,Heavy Truck,40,Female,No,120,17:37,Tuesday,June,2,23.0909,72.5922,Fatal
ACC1953,Kerala,Thiruvananthapuram,Clear,National Highway,Dry,Daylight,Auto-Rickshaw,56,Female,Yes,80,19:42,Monday,November,6,8.4757,76.9202,Minor
ACC1954,Kerala,Kochi,Clear,State Highway,Dry,Daylight,Heavy Truck,34,Male,No,60,23:04,Tuesday,March,1,10.0121,76.2146,Fatal
ACC1955,Madhya Pradesh,Indore,Clear,Expressway,Dry,Daylight,Two-Wheeler,57,Female,Yes,60,06:17,Friday,October,2,22.6399,75.9116,Fatal
ACC1956,Rajasthan,Jaipur,Clear,State Highway,Dry,Night - Street Lights On,Car,64,Male,No,50,13:53,Saturday,March,0,26.8574,75.7303,Serious
ACC1957,Tamil Nadu,Coimbatore,Clear,State Highway,Gravel,Daylight,Bus,65,Male,No,80,12:02,Sunday,June,2,11.026,76.967,Serious
ACC1958,Tamil Nadu,Coimbatore,Clear,Rural Road,Wet,Daylight,Heavy Truck,29,Male,No,100,19:36,Monday,September,2,10.9888,76.9978,Serious
ACC1959,Uttar Pradesh,Varanasi,Foggy,Rural Road,Wet,Daylight,LCV,41,Female,No,60,18:45,Friday,March,1,25.3305,82.9944,Minor
ACC1960,Gujarat,Ahmedabad,Clear,State Highway,Dry,Daylight,Two-Wheeler,42,Male,No,40,23:37,Friday,March,2,23.0657,72.544,Minor
ACC1961,Maharashtra,Mumbai,Mist,City Road,Wet,Daylight,Car,66,Male,Yes,40,06:53,Thursday,August,1,19.0339,72.8306,Fatal
ACC1962,Tamil Nadu,Coimbatore,Clear,State Highway,Gravel,Daylight,Bus,62,Male,No,120,12:09,Sunday,June,2,11.0245,76.945,Serious
ACC1963,Assam,Guwahati,Clear,City Road,Dry,Daylight,Bus,46,Male,No,80,03:37,Sunday,January,1,26.0803,91.789,Serious
ACC1964,Tamil Nadu,Madurai,Mist,City Road,Wet,Daylight,Bus,62,Male,No,40,17:15,Wednesday,March,2,9.9834,78.117,Serious
ACC1965,Uttar Pradesh,Varanasi,Clear,Rural Road,Dry,Daylight,Car,54,Male,No,40,18:11,Friday,October,2,25.3689,82.9772,Serious
ACC1966,Delhi,New Delhi,Heavy Rain,National Highway,Slippery,Night - Street Lights On,Heavy Truck,41,Male,No,120,15:43,Sunday,February,4,28.66,77.2759,Minor
ACC1967,Uttarakhand,Dehradun,Clear,City Road,Dry,Daylight,LCV,25,Male,No,50,14:01,Sunday,August,2,30.3544,78.0881,Minor
ACC1968,Maharashtra,Mumbai,Clear,Rural Road,Dry,Daylight,LCV,54,Female,No,40,18:41,Saturday,August,0,19.1496,72.9123,Fatal
ACC1969,Uttar Pradesh,Varanasi,Clear,Rural Road,Dry,Daylight,Car,48,Male,No,120,18:12,Friday,October,2,25.3662,82.9598,Serious
ACC1970,West Bengal,Kolkata,Clear,Rural Road,Dry,Twilight/Dusk,LCV,33,Female,No,80,03:33,Saturday,July,1,22.5226,88.4013,Minor
ACC1971,Tamil Nadu,Madurai,Sunny,City Road,Slippery,Daylight,Heavy Truck,62,Female,No,70,20:39,Sunday,February,1,9.9589,78.1579,Minor
ACC1972,Rajasthan,Jaipur,Clear,State Highway,Dry,Night - Street Lights On,Car,58,Male,No,40,13:18,Saturday,March,0,26.8753,75.743,Fatal
ACC1973,West Bengal,Kolkata,Heavy Rain,Rural Road,Slippery,Night - Darkness,Two-Wheeler,41,Male,No,80,23:03,Wednesday,October,3,22.629,88.3496,Minor
ACC1974,Tamil Nadu,Madurai,Foggy,State Highway,Wet,Daylight,LCV,27,Male,No,50,15:37,Wednesday,March,0,9.9078,78.1858,Fatal
ACC1975,Gujarat,Ahmedabad,Clear,City Road,Under Construction,Night - Street Lights On,Heavy Truck,45,Female,No,70,04:04,Tuesday,October,2,23.0825,72.6014,Serious
ACC1976,Tamil Nadu,Madurai,Mist,Expressway,Wet,Daylight,Auto-Rickshaw,48,Male,No,50,01:01,Sunday,July,2,9.8638,78.147,Minor
ACC1977,Tamil Nadu,Madurai,Foggy,State Highway,Wet,Night - Darkness,LCV,48,Male,No,50,02:43,Thursday,September,3,9.9333,78.1134,Minor
ACC1978,Rajasthan,Jaipur,Sunny,Rural Road,Slippery,Night - Darkness,Bus,28,Male,No,80,01:27,Saturday,August,3,26.9017,75.757,Fatal
ACC1979,Telangana,Hyderabad,Foggy,National Highway,Wet,Daylight,Bus,18,Male,No,40,13:24,Monday,May,3,17.4712,78.5623,Minor
ACC1980,Maharashtra,Mumbai,Foggy,Expressway,Wet,Twilight/Dusk,LCV,18,Male,No,50,13:49,Tuesday,August,1,19.0247,72.7952,Minor
ACC1981,Rajasthan,Udaipur,Heavy Rain,National Highway,Slippery,Twilight/Dusk,Bus,30,Female,No,90,02:49,Wednesday,February,6,24.5434,73.6562,Fatal
ACC1982,Kerala,Kochi,Sunny,State Highway,Slippery,Night - Darkness,Bus,36,Male,No,50,04:11,Saturday,August,2,9.9919,76.2907,Minor
ACC1983,Kerala,Kochi,Clear,State Highway,Dry,Daylight,Heavy Truck,36,Male,No,60,23:52,Tuesday,March,1,10.0138,76.1914,Serious
ACC1984,Rajasthan,Jaipur,Foggy,Rural Road,Wet,Night - Street Lights On,LCV,51,Female,Yes,120,04:06,Saturday,November,3,26.9484,75.7844,Minor
ACC1985,Delhi,New Delhi,Heavy Rain,National Highway,Slippery,Night - Street Lights On,Heavy Truck,40,Male,No,90,15:30,Sunday,February,4,28.6841,77.2603,Fatal
ACC1986,Uttar Pradesh,Kanpur,Clear,National Highway,Under Construction,Daylight,LCV,18,Male,No,90,20:14,Saturday,August,2,26.4574,80.3803,Minor
ACC1987,Telangana,Hyderabad,Clear,Rural Road,Gravel,Night - Darkness,Car,56,Male,No,80,20:42,Thursday,September,1,17.374,78.4954,Fatal
ACC1988,Gujarat,Ahmedabad,Clear,State Highway,Dry,Night - Street Lights On,Two-Wheeler,56,Male,No,120,12:17,Saturday,December,2,23.0573,72.5347,Serious
ACC1989,Punjab,Amritsar,Clear,City Road,Wet,Twilight/Dusk,Heavy Truck,18,Male,No,70,18:14,Thursday,March,1,31.6981,74.9366,Serious
ACC1990,Haryana,Gurugram,Heavy Rain,National Highway,Slippery,Daylight,Heavy Truck,23,Female,No,50,14:25,Monday,April,1,28.4894,77.0447,Serious
ACC1991,Jammu and Kashmir,Srinagar,Sunny,Expressway,Slippery,Twilight/Dusk,LCV,46,Male,No,40,12:35,Thursday,April,1,34.0995,74.7761,Minor
ACC1992,Odisha,Bhubaneswar,Clear,Rural Road,Dry,Night - Darkness,Heavy Truck,39,Male,No,100,05:28,Saturday,July,3,20.2778,85.7908,Minor
ACC1993,Madhya Pradesh,Indore,Mist,State Highway,Wet,Daylight,LCV,18,Female,No,80,08:12,Monday,June,2,22.8131,75.8244,Serious
ACC1994,Gujarat,Ahmedabad,Clear,City Road,Under Construction,Night - Street Lights On,Heavy Truck,47,Female,No,120,04:29,Tuesday,October,2,23.081,72.5768,Minor
ACC1995,Delhi,New Delhi,Heavy Rain,State Highway,Slippery,Night - Darkness,Heavy Truck,29,Female,No,80,18:04,Friday,May,3,28.6778,77.1603,Minor
ACC1996,Gujarat,Ahmedabad,Clear,State Highway,Dry,Night - Street Lights On,Two-Wheeler,55,Male,No,120,12:01,Saturday,December,2,23.0591,72.564,Minor
ACC1997,Maharashtra,Nagpur,Clear,State Highway,Dry,Daylight,Bus,58,Male,No,120,18:50,Friday,July,1,21.1722,79.0444,Fatal
ACC1998,Bihar,Patna,Sunny,Rural Road,Under Construction,Night - Darkness,Car,54,Male,No,90,17:57,Friday,May,2,25.6463,85.1783,Minor
ACC1999,Assam,Guwahati,Clear,Rural Road,Dry,Night - Darkness,Two-Wheeler,53,Male,Yes,120,22:24,Wednesday,June,2,26.151,91.6833,Serious
ACC2000,Kerala,Thiruvananthapuram,Clear,Expressway,Gravel,Daylight,Bus,48,Male,No,50,16:28,Wednesday,January,1,8.537,76.9211,Serious
ACC2001,Rajasthan,Udaipur,Heavy Rain,Rural Road,Slippery,Night - Street Lights On,Auto-Rickshaw,67,Male,No,50,16:41,Wednesday,January,0,24.5418,73.7691,Minor
ACC2002,Maharashtra,Nagpur,Clear,Expressway,Under Construction,Night - Darkness,Two-Wheeler,44,Female,No,50,17:26,Monday,November,2,21.2,79.1383,Serious
ACC2003,Delhi,New Delhi,Heavy Rain,State Highway,Slippery,Night - Darkness,Heavy Truck,29,Female,No,60,18:30,Friday,May,3,28.6911,77.1772,Minor
ACC2004,Uttar Pradesh,Kanpur,Heavy Rain,Rural Road,Slippery,Twilight/Dusk,Car,48,Male,No,60,12:03,Sunday,October,1,26.5213,80.3828,Serious
ACC2005,Uttar Pradesh,Varanasi,Clear,National Highway,Gravel,Daylight,Car,33,Male,No,70,23:56,Sunday,March,1,25.3968,83.0095,Serious
ACC2006,Tamil Nadu,Chennai,Sunny,State Highway,Dry,Daylight,Car,58,Male,Yes,100,02:23,Friday,March,0,13.1584,80.3192,Minor
ACC2007,Uttar Pradesh,Varanasi,Sunny,National Highway,Dry,Daylight,Bus,47,Male,Yes,60,22:13,Tuesday,November,5,25.3443,83.0149,Minor
ACC2008,Uttarakhand,Dehradun,Clear,Rural Road,Slippery,Night - Darkness,Two-Wheeler,40,Male,No,120,17:29,Saturday,September,2,30.3555,78.093,Minor
ACC2009,Maharashtra,Mumbai,Heavy Rain,Expressway,Slippery,Night - Darkness,LCV,64,Male,No,40,21:40,Friday,July,4,19.08,72.8685,Minor
ACC2010,Kerala,Kochi,Clear,State Highway,Dry,Daylight,Heavy Truck,33,Male,No,70,23:12,Tuesday,March,1,10.0041,76.2061,Serious
ACC2011,Tamil Nadu,Madurai,Mist,Expressway,Wet,Daylight,Auto-Rickshaw,42,Male,No,40,01:04,Sunday,July,2,9.8758,78.1415,Serious
ACC2012,Uttar Pradesh,Kanpur,Clear,State Highway,Dry,Night - Street Lights On,Heavy Truck,21,Male,No,80,12:17,Tuesday,August,2,26.3677,80.3685,Fatal
ACC2013,Kerala,Thiruvananthapuram,Heavy Rain,City Road,Slippery,Night - Street Lights On,Two-Wheeler,46,Male,Yes,100,15:57,Thursday,November,1,8.5166,76.9754,Fatal
ACC2014,Kerala,Thiruvananthapuram,Heavy Rain,National Highway,Slippery,Twilight/Dusk,Heavy Truck,35,Male,Yes,90,12:32,Sunday,November,3,8.4839,76.96,Fatal
ACC2015,Gujarat,Ahmedabad,Foggy,Rural Road,Wet,Night - Darkness,Car,32,Male,Yes,50,11:38,Monday,December,6,23.0766,72.6272,Fatal
ACC2016,Madhya Pradesh,Indore,Clear,State Highway,Dry,Twilight/Dusk,LCV,64,Male,Yes,80,07:44,Friday,July,2,22.7212,75.7813,Minor
ACC2017,West Bengal,Kolkata,Foggy,Expressway,Wet,Night - Street Lights On,Bus,25,Female,No,70,18:00,Friday,September,6,22.5609,88.378,Serious
ACC2018,Rajasthan,Jaipur,Clear,City Road,Wet,Daylight,Two-Wheeler,51,Male,No,60,21:03,Monday,January,1,26.9628,75.7917,Serious
ACC2019,Karnataka,Bengaluru,Clear,National Highway,Wet,Night - Darkness,Two-Wheeler,27,Male,No,40,11:33,Saturday,December,6,12.9831,77.55,Minor
ACC2020,Maharashtra,Pune,Heavy Rain,National Highway,Slippery,Night - Darkness,LCV,23,Male,Yes,50,01:48,Wednesday,October,6,18.5997,73.9086,Serious
ACC2021,Assam,Guwahati,Mist,Expressway,Wet,Night - Darkness,Two-Wheeler,53,Male,Yes,70,13:50,Friday,October,6,26.1016,91.7699,Minor
ACC2022,Tamil Nadu,Chennai,Clear,Rural Road,Gravel,Daylight,Car,18,Male,No,50,07:05,Monday,June,0,13.0546,80.202,Minor
ACC2023,Bihar,Patna,Heavy Rain,Rural Road,Slippery,Daylight,Heavy Truck,39,Male,No,90,12:38,Wednesday,December,3,25.637,85.1463,Minor
ACC2024,Tamil Nadu,Coimbatore,Clear,Expressway,Dry,Daylight,Heavy Truck,45,Female,No,90,07:53,Wednesday,March,2,11.0958,76.9371,Fatal
ACC2025,Tamil Nadu,Chennai,Clear,Expressway,Dry,Daylight,Car,36,Male,No,90,22:31,Saturday,July,2,13.0871,80.2814,Fatal
ACC2026,Delhi,New Delhi,Heavy Rain,State Highway,Slippery,Night - Darkness,Heavy Truck,33,Female,No,60,18:34,Friday,May,3,28.6812,77.1903,Fatal
ACC2027,West Bengal,Kolkata,Foggy,National Highway,Wet,Night - Darkness,Bus,57,Male,Yes,90,22:21,Sunday,October,6,22.598,88.3653,Fatal
ACC2028,Rajasthan,Jaipur,Foggy,Rural Road,Wet,Night - Street Lights On,LCV,52,Female,Yes,60,04:22,Saturday,November,3,26.9346,75.7826,Minor
ACC2029,Delhi,New Delhi,Heavy Rain,State Highway,Slippery,Night - Darkness,Heavy Truck,26,Female,No,40,18:20,Friday,May,3,28.7116,77.1803,Minor
ACC2030,Assam,Guwahati,Heavy Rain,National Highway,Slippery,Night - Darkness,Heavy Truck,50,Male,No,90,22:06,Thursday,March,3,26.1466,91.676,Serious
ACC2031,Tamil Nadu,Madurai,Clear,National Highway,Slippery,Daylight,Bus,39,Male,No,70,14:25,Monday,July,1,9.8663,78.1635,Serious
ACC2032,Kerala,Thiruvananthapuram,Foggy,National Highway,Wet,Twilight/Dusk,Bus,38,Male,No,70,02:38,Friday,April,6,8.4464,76.8515,Fatal
ACC2033,Gujarat,Surat,Clear,National Highway,Under Construction,Night - Darkness,Two-Wheeler,42,Male,No,70,11:12,Wednesday,May,2,21.1418,72.8756,Minor
ACC2034,Maharashtra,Pune,Clear,City Road,Gravel,Night - Street Lights On,LCV,28,Male,Yes,70,06:18,Saturday,October,1,18.5029,73.8901,Serious
ACC2035,Punjab,Ludhiana,Heavy Rain,State Highway,Slippery,Daylight,Auto-Rickshaw,60,Male,No,70,09:06,Friday,April,0,30.8624,75.8936,Serious
ACC2036,Uttar Pradesh,Kanpur,Heavy Rain,Rural Road,Slippery,Twilight/Dusk,Car,45,Male,No,120,12:18,Sunday,October,1,26.5221,80.3871,Minor
ACC2037,Rajasthan,Jaipur,Sunny,Rural Road,Slippery,Night - Darkness,Bus,33,Male,No,50,01:02,Saturday,August,3,26.9159,75.7573,Fatal
ACC2038,Maharashtra,Mumbai,Foggy,Expressway,Wet,Twilight/Dusk,LCV,20,Male,No,70,13:19,Tuesday,August,1,19.0171,72.8186,Minor
ACC2039,Rajasthan,Jaipur,Sunny,State Highway,Gravel,Daylight,Two-Wheeler,22,Male,No,50,08:08,Monday,July,1,26.894,75.7929,Fatal
ACC2040,Assam,Guwahati,Heavy Rain,National Highway,Slippery,Night - Darkness,Heavy Truck,45,Male,No,120,22:09,Thursday,March,3,26.1228,91.6675,Fatal
ACC2041,Rajasthan,Udaipur,Heavy Rain,Rural Road,Slippery,Night - Darkness,Heavy Truck,50,Male,No,60,23:16,Sunday,July,2,24.5778,73.6575,Fatal
ACC2042,Haryana,Gurugram,Foggy,Expressway,Wet,Twilight/Dusk,Auto-Rickshaw,48,Female,No,120,09:46,Friday,January,3,28.4376,77.0524,Serious
ACC2043,Gujarat,Ahmedabad,Foggy,National Highway,Wet,Daylight,Heavy Truck,43,Female,No,70,17:35,Tuesday,June,2,23.0574,72.5797,Fatal
ACC2044,Gujarat,Surat,Sunny,National Highway,Slippery,Daylight,Auto-Rickshaw,47,Male,No,120,09:42,Monday,July,2,21.0863,72.8396,Minor
ACC2045,Delhi,New Delhi,Heavy Rain,State Highway,Slippery,Night - Darkness,Heavy Truck,31,Female,No,40,18:32,Friday,May,3,28.7047,77.1686,Minor
ACC2046,Punjab,Amritsar,Clear,City Road,Wet,Twilight/Dusk,Heavy Truck,19,Male,No,90,19:04,Thursday,March,1,31.6919,74.9309,Fatal
ACC2047,Tamil Nadu,Chennai,Sunny,City Road,Under Construction,Daylight,Auto-Rickshaw,28,Male,No,100,15:59,Thursday,December,2,13.0744,80.2654,Minor
ACC2048,Tamil Nadu,Madurai,Mist,City Road,Wet,Daylight,Bus,63,Male,No,70,17:22,Wednesday,March,2,9.996,78.1251,Minor
ACC2049,Uttar Pradesh,Kanpur,Heavy Rain,Rural Road,Slippery,Daylight,LCV,42,Male,No,120,19:49,Thursday,November,1,26.4395,80.3903,Minor
ACC2050,Assam,Guwahati,Heavy Rain,National Highway,Slippery,Night - Darkness,Heavy Truck,47,Male,No,100,21:30,Thursday,March,3,26.1423,91.6489,Minor
ACC2051,Madhya Pradesh,Indore,Foggy,Expressway,Wet,Daylight,LCV,31,Female,No,60,02:00,Saturday,February,1,22.7809,75.8956,Fatal
ACC2052,Punjab,Amritsar,Clear,National Highway,Wet,Night - Darkness,Bus,31,Male,Yes,80,13:02,Friday,September,6,31.6126,74.8552,Serious
ACC2053,Jammu and Kashmir,Srinagar,Sunny,Expressway,Slippery,Twilight/Dusk,LCV,45,Male,No,50,12:31,Thursday,April,1,34.1069,74.7726,Minor
ACC2054,Madhya Pradesh,Indore,Mist,State Highway,Wet,Daylight,LCV,25,Female,No,90,09:00,Monday,June,2,22.8132,75.8463,Minor
ACC2055,West Bengal,Kolkata,Foggy,State Highway,Wet,Daylight,Two-Wheeler,36,Male,No,50,01:14,Friday,July,1,22.5519,88.4334,Serious
ACC2056,Uttarakhand,Dehradun,Clear,City Road,Dry,Daylight,LCV,22,Male,No,80,13:45,Sunday,August,2,30.3449,78.0789,Minor
ACC2057,Telangana,Hyderabad,Clear,Rural Road,Gravel,Night - Darkness,Car,50,Male,No,50,20:01,Thursday,September,1,17.3936,78.4982,Fatal
ACC2058,Punjab,Amritsar,Clear,National Highway,Wet,Night - Darkness,Bus,36,Male,Yes,50,13:17,Friday,September,6,31.6057,74.8667,Serious
ACC2059,Kerala,Kochi,Clear,State Highway,Dry,Daylight,Heavy Truck,37,Male,No,100,23:47,Tuesday,March,1,10.0052,76.1802,Minor
ACC2060,Tamil Nadu,Coimbatore,Clear,Rural Road,Wet,Daylight,Heavy Truck,31,Male,No,120,19:38,Monday,September,2,10.998,76.9707,Minor
ACC2061,Bihar,Patna,Heavy Rain,Expressway,Slippery,Daylight,Auto-Rickshaw,51,Male,No,100,20:23,Thursday,October,3,25.5332,85.1267,Serious
ACC2062,Rajasthan,Jaipur,Mist,National Highway,Wet,Daylight,Two-Wheeler,38,Male,No,50,05:45,Monday,March,2,26.8723,75.7359,Minor
ACC2063,Maharashtra,Pune,Clear,National Highway,Dry,Night - Darkness,Car,62,Male,Yes,50,00:15,Friday,August,4,18.5277,73.9108,Serious
ACC2064,Uttar Pradesh,Lucknow,Mist,Expressway,Wet,Twilight/Dusk,Heavy Truck,41,Male,No,120,13:25,Friday,October,3,26.8368,81.0047,Serious
ACC2065,Kerala,Thiruvananthapuram,Heavy Rain,City Road,Slippery,Night - Street Lights On,Two-Wheeler,42,Male,Yes,90,16:41,Thursday,November,1,8.5219,76.9594,Minor
ACC2066,Maharashtra,Pune,Heavy Rain,National Highway,Slippery,Night - Darkness,LCV,19,Male,Yes,120,02:29,Wednesday,October,6,18.6164,73.893,Minor
ACC2067,Gujarat,Ahmedabad,Clear,City Road,Under Construction,Night - Street Lights On,Heavy Truck,41,Female,No,100,04:36,Tuesday,October,2,23.1021,72.5959,Minor
ACC2068,Jammu and Kashmir,Srinagar,Clear,National Highway,Slippery,Daylight,Bus,26,Male,No,60,17:20,Saturday,February,2,34.0642,74.7451,Minor
ACC2069,Uttar Pradesh,Kanpur,Heavy Rain,Rural Road,Slippery,Twilight/Dusk,Car,51,Male,No,90,12:40,Sunday,October,1,26.5165,80.3777,Minor
ACC2070,Jammu and Kashmir,Srinagar,Clear,National Highway,Slippery,Daylight,Bus,24,Male,No,50,17:31,Saturday,February,2,34.0846,74.7427,Minor
ACC2071,Maharashtra,Pune,Heavy Rain,National Highway,Slippery,Night - Street Lights On,Car,20,Male,No,80,10:23,Tuesday,March,1,18.5176,73.8508,Fatal
ACC2072,Uttar Pradesh,Varanasi,Clear,Rural Road,Dry,Daylight,Car,51,Male,No,120,18:29,Friday,October,2,25.3498,82.9392,Serious
ACC2073,Karnataka,Bengaluru,Mist,Rural Road,Wet,Daylight,Bus,19,Male,No,120,16:17,Monday,September,0,12.9116,77.5065,Minor
ACC2074,Tamil Nadu,Madurai,Foggy,State Highway,Wet,Night - Darkness,LCV,51,Male,No,100,02:19,Thursday,September,3,9.917,78.1064,Minor
ACC2075,Assam,Guwahati,Clear,State Highway,Dry,Daylight,Auto-Rickshaw,20,Male,No,80,09:59,Monday,January,1,26.162,91.7413,Serious
ACC2076,Karnataka,Mysuru,Mist,City Road,Wet,Night - Street Lights On,Heavy Truck,63,Male,Yes,90,21:13,Wednesday,May,3,12.2158,76.5827,Fatal
ACC2077,Rajasthan,Jaipur,Sunny,Rural Road,Slippery,Night - Darkness,Bus,31,Male,No,60,01:39,Saturday,August,3,26.9166,75.7674,Minor
ACC2078,Odisha,Bhubaneswar,Clear,Rural Road,Dry,Night - Darkness,Heavy Truck,37,Male,No,90,05:46,Saturday,July,3,20.2621,85.7753,Serious
ACC2079,Tamil Nadu,Coimbatore,Foggy,State Highway,Wet,Night - Street Lights On,LCV,26,Male,Yes,120,07:07,Sunday,May,3,11.0124,76.9424,Fatal
ACC2080,Kerala,Thiruvananthapuram,Clear,Expressway,Gravel,Daylight,Bus,44,Male,No,80,16:21,Wednesday,January,1,8.5123,76.9432,Minor
ACC2081,Punjab,Ludhiana,Heavy Rain,State Highway,Slippery,Daylight,Auto-Rickshaw,60,Male,No,80,09:49,Friday,April,0,30.8641,75.8816,Serious
ACC2082,Punjab,Ludhiana,Sunny,State Highway,Gravel,Daylight,Two-Wheeler,33,Male,No,40,00:03,Friday,October,1,30.9874,75.869,Serious
ACC2083,Haryana,Gurugram,Foggy,Expressway,Wet,Twilight/Dusk,Auto-Rickshaw,50,Female,No,70,09:47,Friday,January,3,28.4318,77.0415,Serious
ACC2084,Kerala,Thiruvananthapuram,Clear,City Road,Wet,Night - Street Lights On,Auto-Rickshaw,55,Male,No,100,12:40,Saturday,December,1,8.6,76.9947,Minor
ACC2085,Punjab,Amritsar,Mist,Expressway,Wet,Night - Street Lights On,Two-Wheeler,31,Male,Yes,70,04:32,Thursday,August,6,31.5692,74.9,Serious
ACC2086,Telangana,Hyderabad,Sunny,State Highway,Dry,Night - Street Lights On,Auto-Rickshaw,30,Female,Yes,60,23:20,Friday,March,2,17.4366,78.5426,Minor
ACC2087,Kerala,Thiruvananthapuram,Clear,Expressway,Gravel,Daylight,Bus,43,Male,No,40,16:33,Wednesday,January,1,8.5065,76.9412,Minor
ACC2088,Gujarat,Surat,Sunny,National Highway,Slippery,Daylight,Auto-Rickshaw,46,Male,No,60,10:01,Monday,July,2,21.1068,72.8307,Serious
ACC2089,Kerala,Thiruvananthapuram,Clear,National Highway,Dry,Daylight,Auto-Rickshaw,55,Female,Yes,80,19:27,Monday,November,6,8.4649,76.8844,Minor
ACC2090,Karnataka,Bengaluru,Clear,State Highway,Slippery,Night - Street Lights On,LCV,28,Male,No,50,22:06,Tuesday,February,2,12.8787,77.6483,Fatal
ACC2091,Punjab,Amritsar,Mist,Rural Road,Wet,Daylight,Car,25,Male,No,70,15:13,Saturday,March,0,31.6404,74.8255,Minor
ACC2092,Kerala,Kochi,Clear,City Road,Wet,Night - Street Lights On,Heavy Truck,43,Male,No,40,21:34,Monday,January,0,9.8693,76.2478,Minor
ACC2093,Punjab,Amritsar,Clear,National Highway,Wet,Night - Darkness,Bus,34,Male,Yes,60,13:52,Friday,September,6,31.6093,74.8583,Minor
ACC2094,West Bengal,Kolkata,Sunny,City Road,Gravel,Twilight/Dusk,Auto-Rickshaw,54,Female,No,80,15:35,Wednesday,April,2,22.6572,88.3948,Minor
ACC2095,Karnataka,Bengaluru,Mist,Rural Road,Wet,Daylight,Bus,18,Male,No,120,16:40,Monday,September,0,12.9183,77.5302,Minor
ACC2096,Tamil Nadu,Madurai,Mist,State Highway,Wet,Daylight,Heavy Truck,46,Female,No,40,03:01,Thursday,May,0,9.8956,78.1358,Minor
ACC2097,Odisha,Bhubaneswar,Clear,Rural Road,Dry,Night - Darkness,Heavy Truck,36,Male,No,90,06:08,Saturday,July,3,20.2519,85.7789,Minor
ACC2098,Maharashtra,Mumbai,Heavy Rain,Expressway,Slippery,Night - Darkness,LCV,61,Male,No,90,21:29,Friday,July,4,19.0598,72.8819,Minor
ACC2099,Tamil Nadu,Chennai,Heavy Rain,Rural Road,Slippery,Twilight/Dusk,LCV,24,Female,No,70,10:24,Saturday,August,2,13.166,80.2269,Fatal
ACC2100,Delhi,New Delhi,Clear,Rural Road,Gravel,Daylight,Car,27,Male,No,40,03:58,Tuesday,December,2,28.5483,77.2004,Minor
ACC2101,Karnataka,Bengaluru,Sunny,Expressway,Under Construction,Night - Darkness,LCV,59,Male,Yes,90,04:54,Saturday,October,6,13.0281,77.5782,Minor
ACC2102,Uttar Pradesh,Varanasi,Clear,National Highway,Gravel,Daylight,Car,34,Male,No,80,23:49,Sunday,March,1,25.3931,83.0026,Serious
ACC2103,Karnataka,Bengaluru,Heavy Rain,State Highway,Slippery,Daylight,Two-Wheeler,54,Female,No,80,07:22,Sunday,June,0,12.8862,77.6279,Serious
ACC2104,Punjab,Ludhiana,Mist,National Highway,Wet,Night - Street Lights On,Auto-Rickshaw,63,Male,No,40,22:21,Friday,February,3,30.9424,75.807,Serious
ACC2105,Madhya Pradesh,Indore,Clear,State Highway,Dry,Twilight/Dusk,Two-Wheeler,53,Female,No,40,13:07,Monday,February,1,22.8044,75.7902,Serious
ACC2106,Tamil Nadu,Coimbatore,Clear,State Highway,Gravel,Daylight,Bus,67,Male,No,80,12:24,Sunday,June,2,10.9875,76.967,Minor
ACC2107,Kerala,Thiruvananthapuram,Clear,National Highway,Dry,Daylight,Auto-Rickshaw,60,Female,Yes,120,19:21,Monday,November,6,8.4497,76.8899,Fatal
ACC2108,Haryana,Gurugram,Clear,Rural Road,Dry,Night - Street Lights On,Auto-Rickshaw,41,Male,Yes,70,20:29,Monday,December,1,28.5054,77.0913,Serious
ACC2109,Assam,Guwahati,Mist,Expressway,Wet,Night - Darkness,Two-Wheeler,55,Male,Yes,40,13:55,Friday,October,6,26.0973,91.7534,Minor
ACC2110,Uttar Pradesh,Kanpur,Heavy Rain,Rural Road,Slippery,Daylight,LCV,40,Male,No,100,19:23,Thursday,November,1,26.4238,80.4043,Fatal
ACC2111,Punjab,Ludhiana,Mist,National Highway,Wet,Twilight/Dusk,Two-Wheeler,52,Male,No,50,14:01,Wednesday,November,1,30.8734,75.8348,Fatal
ACC2112,Gujarat,Ahmedabad,Clear,State Highway,Dry,Night - Street Lights On,Two-Wheeler,60,Male,No,100,12:30,Saturday,December,2,23.0566,72.557,Minor
ACC2113,Odisha,Bhubaneswar,Clear,Rural Road,Dry,Night - Darkness,Heavy Truck,39,Male,No,80,05:49,Saturday,July,3,20.2606,85.7837,Minor
ACC2114,Maharashtra,Pune,Clear,National Highway,Dry,Night - Darkness,Car,57,Male,Yes,50,23:52,Friday,August,4,18.5315,73.9122,Minor
ACC2115,Gujarat,Ahmedabad,Clear,State Highway,Dry,Night - Street Lights On,Two-Wheeler,54,Male,No,120,12:27,Saturday,December,2,23.0318,72.5629,Minor
ACC2116,Uttar Pradesh,Varanasi,Mist,Expressway,Wet,Night - Darkness,Two-Wheeler,56,Female,No,60,12:45,Wednesday,April,4,25.3657,82.9483,Fatal
ACC2117,Rajasthan,Jaipur,Mist,City Road,Wet,Night - Darkness,Car,40,Male,Yes,100,02:14,Friday,April,3,26.9859,75.721,Fatal
ACC2118,West Bengal,Kolkata,Clear,City Road,Slippery,Night - Street Lights On,Two-Wheeler,63,Male,No,120,22:44,Sunday,February,2,22.6093,88.3958,Serious
ACC2119,Telangana,Hyderabad,Sunny,State Highway,Dry,Night - Street Lights On,Auto-Rickshaw,31,Female,Yes,40,23:31,Friday,March,2,17.4614,78.5463,Minor
ACC2120,Assam,Guwahati,Sunny,Rural Road,Dry,Night - Street Lights On,Auto-Rickshaw,56,Male,Yes,40,10:12,Sunday,July,1,26.1938,91.7741,Serious
ACC2121,Madhya Pradesh,Bhopal,Clear,State Highway,Slippery,Daylight,Car,48,Male,No,100,07:56,Monday,January,2,23.1994,77.4198,Serious
ACC2122,Jammu and Kashmir,Srinagar,Clear,Rural Road,Dry,Daylight,Two-Wheeler,32,Female,No,80,09:49,Thursday,October,0,34.0249,74.7693,Fatal
ACC2123,Delhi,New Delhi,Clear,Rural Road,Wet,Daylight,Heavy Truck,53,Male,No,70,12:25,Wednesday,September,0,28.5856,77.2609,Fatal
ACC2124,Punjab,Ludhiana,Mist,National Highway,Wet,Night - Street Lights On,Auto-Rickshaw,59,Male,No,80,22:10,Friday,February,3,30.9206,75.8002,Minor
ACC2125,Tamil Nadu,Madurai,Clear,National Highway,Slippery,Daylight,Bus,41,Male,No,80,14:13,Monday,July,1,9.8933,78.1623,Minor
ACC2126,Punjab,Ludhiana,Mist,National Highway,Wet,Twilight/Dusk,Two-Wheeler,49,Male,No,100,13:54,Wednesday,November,1,30.8404,75.8356,Fatal
ACC2127,Uttar Pradesh,Varanasi,Clear,Rural Road,Dry,Daylight,Car,48,Male,No,120,18:07,Friday,October,2,25.3555,82.9517,Minor
ACC2128,Gujarat,Surat,Clear,State Highway,Slippery,Night - Darkness,LCV,24,Male,Yes,90,17:05,Tuesday,September,3,21.1813,72.8932,Serious
ACC2129,Maharashtra,Mumbai,Foggy,National Highway,Wet,Night - Darkness,Auto-Rickshaw,59,Male,No,50,07:06,Saturday,December,2,19.0186,72.9367,Serious
ACC2130,Maharashtra,Mumbai,Mist,City Road,Wet,Daylight,Car,66,Male,Yes,120,06:17,Thursday,August,1,19.0332,72.8396,Fatal
ACC2131,Delhi,New Delhi,Heavy Rain,State Highway,Slippery,Night - Darkness,Heavy Truck,29,Female,No,90,18:43,Friday,May,3,28.6924,77.1653,Fatal
ACC2132,Uttar Pradesh,Varanasi,Sunny,National Highway,Dry,Daylight,Bus,46,Male,Yes,100,22:12,Tuesday,November,5,25.3535,83.0386,Minor
ACC2133,Rajasthan,Jaipur,Clear,City Road,Wet,Daylight,Two-Wheeler,44,Male,No,100,20:34,Monday,January,1,26.9691,75.8177,Fatal
ACC2134,Punjab,Ludhiana,Foggy,Rural Road,Wet,Daylight,Bus,39,Male,No,80,21:53,Monday,November,3,30.9059,75.8467,Minor
ACC2135,Assam,Guwahati,Sunny,Rural Road,Dry,Night - Street Lights On,Auto-Rickshaw,62,Male,Yes,120,09:38,Sunday,July,1,26.1937,91.7945,Minor
ACC2136,Karnataka,Bengaluru,Clear,State Highway,Slippery,Night - Street Lights On,LCV,29,Male,No,70,22:43,Tuesday,February,2,12.8816,77.678,Minor
ACC2137,Kerala,Thiruvananthapuram,Heavy Rain,National Highway,Slippery,Night - Darkness,Auto-Rickshaw,39,Male,No,100,08:18,Wednesday,February,4,8.5543,76.9623,Fatal
ACC2138,Madhya Pradesh,Indore,Clear,State Highway,Dry,Twilight/Dusk,Two-Wheeler,55,Female,No,70,13:08,Monday,February,1,22.7771,75.7992,Minor
ACC2139,Gujarat,Ahmedabad,Clear,State Highway,Dry,Daylight,Two-Wheeler,40,Male,No,90,23:27,Friday,March,2,23.0681,72.5598,Serious
ACC2140,Karnataka,Bengaluru,Mist,Rural Road,Wet,Daylight,Bus,23,Male,No,40,15:40,Monday,September,0,12.9336,77.5241,Fatal
ACC2141,Tamil Nadu,Coimbatore,Mist,Expressway,Wet,Twilight/Dusk,Car,48,Male,No,100,14:40,Monday,June,1,10.9997,76.9553,Fatal
ACC2142,Tamil Nadu,Madurai,Sunny,City Road,Slippery,Daylight,Heavy Truck,55,Female,No,70,21:09,Sunday,February,1,9.9785,78.1615,Minor
ACC2143,West Bengal,Kolkata,Heavy Rain,Rural Road,Slippery,Night - Darkness,Two-Wheeler,42,Male,No,50,23:09,Wednesday,October,3,22.6615,88.3167,Serious
ACC2144,Karnataka,Mysuru,Mist,City Road,Wet,Night - Street Lights On,Heavy Truck,63,Male,Yes,60,21:15,Wednesday,May,3,12.2203,76.5699,Minor
ACC2145,Haryana,Gurugram,Clear,State Highway,Slippery,Night - Darkness,Two-Wheeler,19,Male,No,40,17:53,Monday,April,0,28.3783,76.998,Minor
ACC2146,Madhya Pradesh,Indore,Clear,Expressway,Dry,Daylight,Two-Wheeler,59,Female,Yes,50,06:31,Friday,October,2,22.6699,75.9135,Minor
ACC2147,West Bengal,Kolkata,Clear,City Road,Slippery,Night - Street Lights On,Two-Wheeler,61,Male,No,90,21:53,Sunday,February,2,22.6081,88.3789,Minor
ACC2148,Jammu and Kashmir,Srinagar,Clear,Rural Road,Dry,Daylight,Two-Wheeler,34,Female,No,100,10:23,Thursday,October,0,34.0365,74.7678,Minor
ACC2149,Maharashtra,Nagpur,Clear,Expressway,Wet,Daylight,Two-Wheeler,53,Male,No,40,11:28,Saturday,November,1,21.137,79.0746,Minor
ACC2150,Tamil Nadu,Madurai,Foggy,State Highway,Wet,Daylight,LCV,24,Male,No,120,15:26,Wednesday,March,0,9.8902,78.2096,Serious
ACC2151,Haryana,Gurugram,Heavy Rain,State Highway,Slippery,Night - Darkness,LCV,44,Female,Yes,120,17:36,Saturday,June,2,28.4972,77.0535,Fatal
ACC2152,Madhya Pradesh,Indore,Foggy,National Highway,Wet,Night - Darkness,Heavy Truck,58,Male,No,50,12:42,Thursday,February,2,22.6729,75.8858,Minor
ACC2153,Kerala,Thiruvananthapuram,Clear,National Highway,Dry,Night - Darkness,Bus,25,Male,Yes,50,14:14,Thursday,March,4,8.5223,76.9829,Minor
ACC2154,Uttar Pradesh,Varanasi,Clear,City Road,Under Construction,Night - Street Lights On,LCV,34,Male,No,70,21:53,Tuesday,February,1,25.3344,82.9835,Serious
ACC2155,Haryana,Gurugram,Foggy,Expressway,Wet,Twilight/Dusk,Auto-Rickshaw,50,Female,No,70,09:22,Friday,January,3,28.4623,77.046,Serious
ACC2156,Assam,Guwahati,Clear,State Highway,Slippery,Twilight/Dusk,Car,47,Male,No,50,14:29,Wednesday,January,1,26.0708,91.6628,Serious
ACC2157,Maharashtra,Pune,Clear,City Road,Gravel,Night - Street Lights On,LCV,31,Male,Yes,80,06:09,Saturday,October,1,18.4916,73.8816,Minor
ACC2158,Gujarat,Surat,Clear,National Highway,Under Construction,Night - Darkness,Two-Wheeler,49,Male,No,70,10:36,Wednesday,May,2,21.1666,72.8908,Minor
ACC2159,Maharashtra,Pune,Heavy Rain,National Highway,Slippery,Night - Street Lights On,Car,18,Male,No,70,10:31,Tuesday,March,1,18.4938,73.8365,Serious
ACC2160,Punjab,Ludhiana,Foggy,Rural Road,Wet,Daylight,Bus,45,Male,No,60,21:15,Monday,November,3,30.8907,75.8457,Serious
ACC2161,West Bengal,Kolkata,Clear,City Road,Slippery,Night - Street Lights On,Two-Wheeler,60,Male,No,80,22:17,Sunday,February,2,22.6266,88.3954,Serious
ACC2162,Telangana,Hyderabad,Foggy,National Highway,Wet,Daylight,Bus,18,Male,No,60,12:33,Monday,May,3,17.4585,78.5621,Fatal
ACC2163,Bihar,Patna,Sunny,Rural Road,Under Construction,Night - Darkness,Car,53,Male,No,70,17:53,Friday,May,2,25.6494,85.1764,Minor
ACC2164,Kerala,Thiruvananthapuram,Clear,Expressway,Gravel,Daylight,Bus,45,Male,No,90,17:01,Wednesday,January,1,8.5222,76.917,Serious
ACC2165,Assam,Guwahati,Clear,Rural Road,Dry,Night - Darkness,Two-Wheeler,58,Male,Yes,100,22:43,Wednesday,June,2,26.1449,91.6559,Serious
ACC2166,Uttar Pradesh,Lucknow,Mist,Expressway,Wet,Twilight/Dusk,Heavy Truck,45,Male,No,50,13:20,Friday,October,3,26.8507,80.9993,Serious
ACC2167,West Bengal,Kolkata,Foggy,Expressway,Wet,Night - Street Lights On,Bus,25,Female,No,60,18:10,Friday,September,6,22.5473,88.3698,Minor
ACC2168,Maharashtra,Pune,Clear,State Highway,Gravel,Night - Street Lights On,Two-Wheeler,38,Female,No,90,21:13,Monday,March,0,18.4998,73.8819,Minor
ACC2169,Gujarat,Ahmedabad,Clear,City Road,Under Construction,Night - Street Lights On,Heavy Truck,42,Female,No,40,04:21,Tuesday,October,2,23.0812,72.5829,Serious
ACC2170,Telangana,Hyderabad,Clear,State Highway,Dry,Daylight,Bus,49,Male,No,120,03:49,Wednesday,February,2,17.3854,78.4531,Minor
ACC2171,Gujarat,Surat,Foggy,Rural Road,Wet,Night - Darkness,Auto-Rickshaw,64,Female,No,50,05:10,Friday,January,1,21.1318,72.8864,Minor
ACC2172,Tamil Nadu,Madurai,Mist,Expressway,Wet,Daylight,Auto-Rickshaw,45,Male,No,40,01:40,Sunday,July,2,9.8632,78.1653,Minor
ACC2173,Rajasthan,Jaipur,Mist,National Highway,Wet,Daylight,Two-Wheeler,43,Male,No,70,05:24,Monday,March,2,26.8633,75.7302,Fatal
ACC2174,Madhya Pradesh,Indore,Foggy,Expressway,Wet,Daylight,LCV,29,Female,No,80,02:06,Saturday,February,1,22.7737,75.8846,Minor
ACC2175,Maharashtra,Nagpur,Clear,Expressway,Wet,Daylight,Two-Wheeler,50,Male,No,90,11:33,Saturday,November,1,21.1116,79.0595,Serious
ACC2176,Tamil Nadu,Chennai,Clear,Rural Road,Gravel,Daylight,Car,22,Male,No,60,07:07,Monday,June,0,13.0509,80.214,Minor
ACC2177,Assam,Guwahati,Mist,Expressway,Wet,Night - Darkness,Two-Wheeler,51,Male,Yes,80,13:58,Friday,October,6,26.0913,91.7631,Minor
ACC2178,Gujarat,Ahmedabad,Clear,Rural Road,Under Construction,Twilight/Dusk,Car,25,Female,No,120,03:50,Tuesday,May,0,23.0039,72.5895,Fatal
ACC2179,Maharashtra,Nagpur,Clear,Expressway,Wet,Daylight,Two-Wheeler,53,Male,No,60,10:59,Saturday,November,1,21.1318,79.0767,Minor
ACC2180,Tamil Nadu,Coimbatore,Clear,Expressway,Dry,Daylight,Heavy Truck,44,Female,No,60,07:55,Wednesday,March,2,11.0873,76.9443,Minor
ACC2181,West Bengal,Kolkata,Foggy,State Highway,Wet,Daylight,Two-Wheeler,37,Male,No,100,00:36,Friday,July,1,22.5554,88.4565,Minor
ACC2182,West Bengal,Kolkata,Clear,State Highway,Wet,Night - Street Lights On,LCV,31,Male,Yes,120,12:50,Thursday,February,1,22.51,88.3449,Minor
ACC2183,Maharashtra,Pune,Heavy Rain,National Highway,Slippery,Night - Darkness,LCV,18,Male,Yes,90,01:41,Wednesday,October,6,18.6111,73.913,Fatal
ACC2184,Uttar Pradesh,Kanpur,Clear,State Highway,Gravel,Daylight,Car,59,Female,No,40,10:31,Thursday,November,0,26.4954,80.2572,Fatal
ACC2185,Madhya Pradesh,Indore,Foggy,National Highway,Wet,Night - Darkness,Heavy Truck,59,Male,No,50,12:28,Thursday,February,2,22.6885,75.8754,Minor
ACC2186,Jammu and Kashmir,Srinagar,Sunny,Expressway,Slippery,Twilight/Dusk,LCV,46,Male,No,80,12:57,Thursday,April,1,34.0874,74.7846,Serious
ACC2187,Tamil Nadu,Coimbatore,Mist,Expressway,Wet,Twilight/Dusk,Car,49,Male,No,40,14:19,Monday,June,1,11.0006,76.9694,Minor
ACC2188,Haryana,Gurugram,Foggy,National Highway,Wet,Night - Street Lights On,Car,53,Female,Yes,120,23:09,Friday,March,5,28.4575,77.0631,Minor
ACC2189,Odisha,Bhubaneswar,Clear,National Highway,Slippery,Night - Street Lights On,Two-Wheeler,51,Male,Yes,40,01:32,Thursday,March,3,20.1975,85.789,Serious
ACC2190,West Bengal,Kolkata,Foggy,Expressway,Wet,Night - Street Lights On,Bus,31,Female,No,70,18:48,Friday,September,6,22.5477,88.3986,Minor
ACC2191,Kerala,Thiruvananthapuram,Foggy,Rural Road,Wet,Twilight/Dusk,Auto-Rickshaw,34,Male,No,100,15:11,Wednesday,September,1,8.4792,76.8737,Fatal
ACC2192,Gujarat,Ahmedabad,Clear,City Road,Gravel,Night - Street Lights On,Two-Wheeler,43,Male,Yes,50,14:46,Saturday,December,3,23.1003,72.5302,Fatal
ACC2193,Punjab,Amritsar,Foggy,National Highway,Wet,Night - Darkness,Car,35,Male,Yes,60,21:23,Saturday,December,3,31.6694,74.8462,Minor
ACC2194,Jammu and Kashmir,Srinagar,Sunny,Expressway,Slippery,Twilight/Dusk,LCV,52,Male,No,80,12:44,Thursday,April,1,34.0866,74.7862,Minor
ACC2195,Karnataka,Mysuru,Clear,Rural Road,Slippery,Daylight,Two-Wheeler,36,Male,Yes,40,21:25,Tuesday,April,1,12.3095,76.6329,Minor
ACC2196,Kerala,Thiruvananthapuram,Foggy,City Road,Wet,Twilight/Dusk,Auto-Rickshaw,52,Female,No,40,22:54,Sunday,September,2,8.5707,76.8669,Fatal
ACC2197,Madhya Pradesh,Bhopal,Heavy Rain,State Highway,Slippery,Night - Darkness,Two-Wheeler,68,Male,No,120,01:12,Saturday,November,2,23.3035,77.3456,Minor
ACC2198,Gujarat,Ahmedabad,Clear,City Road,Gravel,Night - Street Lights On,Two-Wheeler,43,Male,Yes,90,14:51,Saturday,December,3,23.1044,72.5098,Serious
ACC2199,Kerala,Thiruvananthapuram,Clear,National Highway,Dry,Daylight,Auto-Rickshaw,57,Female,Yes,120,19:07,Monday,November,6,8.4428,76.9141,Fatal
ACC2200,Kerala,Thiruvananthapuram,Clear,City Road,Wet,Night - Street Lights On,Heavy Truck,33,Male,No,80,18:05,Saturday,March,0,8.6159,76.9436,Minor
ACC2201,Punjab,Amritsar,Clear,National Highway,Wet,Night - Darkness,Bus,39,Male,Yes,70,13:31,Friday,September,6,31.6241,74.8372,Serious
ACC2202,Gujarat,Surat,Sunny,National Highway,Slippery,Daylight,Auto-Rickshaw,48,Male,No,90,09:53,Monday,July,2,21.1052,72.8265,Fatal
ACC2203,Assam,Guwahati,Sunny,Rural Road,Dry,Night - Street Lights On,Auto-Rickshaw,61,Male,Yes,70,09:48,Sunday,July,1,26.1781,91.7872,Serious
ACC2204,Gujarat,Ahmedabad,Foggy,National Highway,Wet,Daylight,Heavy Truck,46,Female,No,120,18:20,Tuesday,June,2,23.0623,72.5835,Fatal
ACC2205,Gujarat,Ahmedabad,Clear,State Highway,Dry,Daylight,Two-Wheeler,40,Male,No,40,22:54,Friday,March,2,23.0675,72.5548,Serious
ACC2206,Jammu and Kashmir,Srinagar,Clear,National Highway,Slippery,Daylight,Bus,23,Male,No,70,17:19,Saturday,February,2,34.0626,74.7269,Minor
ACC2207,Gujarat,Ahmedabad,Clear,Rural Road,Under Construction,Twilight/Dusk,Car,27,Female,No,120,03:26,Tuesday,May,0,23.0308,72.5627,Minor
ACC2208,Gujarat,Surat,Sunny,National Highway,Wet,Night - Street Lights On,Two-Wheeler,47,Male,No,70,19:45,Friday,August,2,21.2166,72.8133,Minor
ACC2209,Assam,Guwahati,Clear,Rural Road,Dry,Night - Darkness,Two-Wheeler,52,Male,Yes,40,23:12,Wednesday,June,2,26.1472,91.6814,Fatal
ACC2210,Maharashtra,Mumbai,Heavy Rain,Expressway,Slippery,Night - Darkness,LCV,63,Male,No,50,21:55,Friday,July,4,19.0668,72.8734,Serious
ACC2211,Karnataka,Bengaluru,Clear,National Highway,Wet,Night - Darkness,Two-Wheeler,27,Male,No,120,11:45,Saturday,December,6,12.9998,77.5313,Serious
ACC2212,Bihar,Patna,Heavy Rain,Rural Road,Slippery,Daylight,Heavy Truck,37,Male,No,120,12:40,Wednesday,December,3,25.653,85.1303,Serious
ACC2213,Tamil Nadu,Madurai,Sunny,City Road,Slippery,Daylight,Heavy Truck,56,Female,No,80,20:55,Sunday,February,1,9.9553,78.1744,Serious
ACC2214,Tamil Nadu,Coimbatore,Foggy,National Highway,Wet,Night - Street Lights On,Heavy Truck,60,Female,Yes,40,09:41,Thursday,April,2,11.0151,76.9371,Minor
ACC2215,Gujarat,Ahmedabad,Clear,Rural Road,Under Construction,Twilight/Dusk,Car,26,Female,No,80,03:46,Tuesday,May,0,23.0248,72.5689,Minor
ACC2216,Kerala,Thiruvananthapuram,Heavy Rain,City Road,Slippery,Night - Street Lights On,Two-Wheeler,42,Male,Yes,70,16:46,Thursday,November,1,8.5223,76.958,Minor
ACC2217,Kerala,Kochi,Clear,City Road,Wet,Night - Street Lights On,Heavy Truck,41,Male,No,40,21:46,Monday,January,0,9.898,76.2684,Minor
ACC2218,Maharashtra,Pune,Clear,National Highway,Dry,Night - Darkness,Car,60,Male,Yes,90,00:15,Friday,August,4,18.5349,73.9035,Fatal
ACC2219,Delhi,New Delhi,Heavy Rain,State Highway,Slippery,Night - Darkness,Heavy Truck,31,Female,No,70,18:14,Friday,May,3,28.7118,77.1967,Minor
ACC2220,Tamil Nadu,Coimbatore,Clear,Rural Road,Under Construction,Twilight/Dusk,Bus,53,Male,No,60,01:57,Saturday,October,1,11.0172,76.972,Minor
ACC2221,West Bengal,Kolkata,Foggy,State Highway,Wet,Daylight,Two-Wheeler,38,Male,No,100,01:21,Friday,July,1,22.5586,88.4383,Minor
ACC2222,Rajasthan,Jaipur,Clear,State Highway,Dry,Night - Street Lights On,Car,58,Male,No,60,13:32,Saturday,March,0,26.8644,75.7355,Minor
ACC2223,Maharashtra,Mumbai,Clear,Expressway,Under Construction,Night - Darkness,Auto-Rickshaw,52,Male,Yes,120,17:06,Sunday,June,6,19.0509,72.8315,Minor
ACC2224,Karnataka,Bengaluru,Mist,Rural Road,Wet,Daylight,Bus,23,Male,No,120,16:08,Monday,September,0,12.9194,77.5161,Minor
ACC2225,Kerala,Thiruvananthapuram,Foggy,National Highway,Wet,Twilight/Dusk,Bus,46,Male,No,100,02:30,Friday,April,6,8.4739,76.883,Minor
ACC2226,Assam,Guwahati,Heavy Rain,National Highway,Slippery,Night - Darkness,Heavy Truck,47,Male,No,120,22:12,Thursday,March,3,26.1393,91.6515,Minor
ACC2227,Delhi,New Delhi,Heavy Rain,State Highway,Slippery,Night - Darkness,Heavy Truck,32,Female,No,50,17:55,Friday,May,3,28.6969,77.1942,Serious
ACC2228,Assam,Guwahati,Clear,Rural Road,Dry,Night - Darkness,Two-Wheeler,58,Male,Yes,60,22:19,Wednesday,June,2,26.167,91.6723,Fatal
ACC2229,Madhya Pradesh,Indore,Foggy,Expressway,Wet,Daylight,LCV,25,Female,No,120,01:21,Saturday,February,1,22.7656,75.8956,Minor
ACC2230,Maharashtra,Mumbai,Clear,Rural Road,Dry,Daylight,LCV,51,Female,No,70,18:43,Saturday,August,0,19.1551,72.8947,Serious
ACC2231,Uttar Pradesh,Kanpur,Sunny,National Highway,Slippery,Night - Darkness,Two-Wheeler,55,Male,Yes,70,09:22,Tuesday,February,6,26.5145,80.3433,Serious
ACC2232,Jammu and Kashmir,Srinagar,Mist,Expressway,Wet,Night - Darkness,Two-Wheeler,22,Male,No,70,03:11,Thursday,January,3,34.1172,74.7856,Serious
ACC2233,Assam,Guwahati,Clear,State Highway,Slippery,Twilight/Dusk,Car,48,Male,No,50,14:52,Wednesday,January,1,26.0799,91.6519,Fatal
ACC2234,Tamil Nadu,Madurai,Mist,City Road,Wet,Daylight,Bus,56,Male,No,50,17:02,Wednesday,March,2,9.9868,78.1219,Fatal
ACC2235,Kerala,Thiruvananthapuram,Foggy,Rural Road,Wet,Twilight/Dusk,Auto-Rickshaw,41,Male,No,100,15:13,Wednesday,September,1,8.4652,76.8764,Minor
ACC2236,Maharashtra,Mumbai,Foggy,National Highway,Wet,Night - Darkness,Auto-Rickshaw,55,Male,No,70,06:55,Saturday,December,2,18.9971,72.9553,Minor
ACC2237,Uttar Pradesh,Lucknow,Mist,Expressway,Wet,Twilight/Dusk,Heavy Truck,45,Male,No,40,14:05,Friday,October,3,26.8254,81.0328,Minor
ACC2238,Kerala,Thiruvananthapuram,Clear,City Road,Wet,Night - Street Lights On,Heavy Truck,31,Male,No,40,17:37,Saturday,March,0,8.5996,76.943,Serious
ACC2239,Punjab,Amritsar,Clear,City Road,Wet,Night - Darkness,Auto-Rickshaw,45,Male,Yes,40,21:15,Wednesday,March,3,31.7121,74.8646,Minor
ACC2240,Uttar Pradesh,Varanasi,Clear,Rural Road,Dry,Daylight,Car,49,Male,No,120,18:33,Friday,October,2,25.3688,82.962,Fatal
ACC2241,Assam,Guwahati,Clear,State Highway,Slippery,Twilight/Dusk,Car,46,Male,No,90,15:01,Wednesday,January,1,26.0937,91.6768,Serious
ACC2242,Punjab,Amritsar,Clear,City Road,Wet,Twilight/Dusk,Heavy Truck,18,Male,No,100,19:06,Thursday,March,1,31.6952,74.9179,Fatal
ACC2243,West Bengal,Kolkata,Sunny,Expressway,Dry,Daylight,Car,32,Male,No,100,11:18,Sunday,July,1,22.6171,88.3891,Fatal
ACC2244,Punjab,Ludhiana,Sunny,State Highway,Gravel,Daylight,Two-Wheeler,34,Male,No,60,00:10,Friday,October,1,30.9807,75.8777,Minor
ACC2245,Rajasthan,Jaipur,Foggy,National Highway,Wet,Night - Darkness,LCV,18,Female,No,50,11:50,Monday,June,1,26.8977,75.8525,Minor
ACC2246,Karnataka,Bengaluru,Clear,National Highway,Wet,Night - Darkness,Two-Wheeler,22,Male,No,100,11:23,Saturday,December,6,12.98,77.5149,Minor
ACC2247,Rajasthan,Jaipur,Clear,State Highway,Slippery,Daylight,Car,23,Male,No,40,19:16,Tuesday,March,1,26.8479,75.7603,Fatal
ACC2248,Madhya Pradesh,Indore,Foggy,Expressway,Wet,Daylight,LCV,22,Male,No,70,16:33,Tuesday,January,1,22.6574,75.8783,Serious
ACC2249,Gujarat,Ahmedabad,Clear,City Road,Gravel,Night - Street Lights On,Two-Wheeler,43,Male,Yes,40,13:54,Saturday,December,3,23.0805,72.5261,Minor
ACC2250,Madhya Pradesh,Indore,Mist,State Highway,Wet,Daylight,LCV,22,Female,No,60,08:45,Monday,June,2,22.8081,75.8419,Serious
ACC2251,Tamil Nadu,Coimbatore,Sunny,City Road,Dry,Night - Street Lights On,Car,23,Male,No,60,16:18,Sunday,September,1,11.063,76.9041,Minor
ACC2252,Delhi,New Delhi,Clear,Rural Road,Wet,Daylight,Heavy Truck,47,Male,No,40,12:56,Wednesday,September,0,28.5983,77.272,Minor
ACC2253,Jammu and Kashmir,Srinagar,Sunny,Expressway,Slippery,Twilight/Dusk,LCV,52,Male,No,40,12:09,Thursday,April,1,34.0859,74.7539,Fatal
ACC2254,West Bengal,Kolkata,Sunny,Expressway,Dry,Daylight,Car,32,Male,No,70,11:19,Sunday,July,1,22.6072,88.3802,Serious
ACC2255,West Bengal,Kolkata,Clear,City Road,Slippery,Night - Street Lights On,Two-Wheeler,65,Male,No,80,22:46,Sunday,February,2,22.602,88.3908,Serious
ACC2256,Assam,Guwahati,Clear,Rural Road,Dry,Night - Darkness,Two-Wheeler,53,Male,Yes,80,22:25,Wednesday,June,2,26.1443,91.6725,Serious
ACC2257,Uttar Pradesh,Varanasi,Clear,State Highway,Dry,Daylight,Two-Wheeler,61,Male,No,80,03:15,Wednesday,June,2,25.2638,83.0541,Minor
ACC2258,Gujarat,Surat,Mist,State Highway,Wet,Night - Darkness,Two-Wheeler,61,Male,No,120,18:37,Sunday,April,1,21.1219,72.7774,Serious
ACC2259,Uttar Pradesh,Varanasi,Clear,Rural Road,Dry,Daylight,Car,54,Male,No,90,18:37,Friday,October,2,25.3633,82.9419,Minor
ACC2260,Maharashtra,Pune,Heavy Rain,National Highway,Slippery,Night - Street Lights On,Car,22,Male,No,90,11:16,Tuesday,March,1,18.4862,73.8556,Fatal
ACC2261,Haryana,Gurugram,Heavy Rain,National Highway,Slippery,Daylight,Heavy Truck,22,Female,No,50,14:26,Monday,April,1,28.5045,77.033,Minor
ACC2262,Gujarat,Surat,Mist,State Highway,Wet,Night - Darkness,Two-Wheeler,58,Male,No,70,18:50,Sunday,April,1,21.1437,72.7812,Minor
ACC2263,Rajasthan,Jaipur,Foggy,City Road,Wet,Daylight,LCV,53,Male,No,90,05:43,Thursday,June,1,26.8668,75.8078,Minor
ACC2264,Punjab,Ludhiana,Foggy,Rural Road,Wet,Daylight,Bus,40,Male,No,40,21:56,Monday,November,3,30.9031,75.8461,Minor
ACC2265,Kerala,Kochi,Sunny,State Highway,Slippery,Night - Darkness,Bus,39,Male,No,120,04:13,Saturday,August,2,9.9884,76.2924,Serious
ACC2266,Delhi,New Delhi,Clear,Expressway,Wet,Daylight,Two-Wheeler,19,Female,No,80,01:58,Monday,December,1,28.6863,77.1908,Serious
ACC2267,West Bengal,Kolkata,Clear,City Road,Slippery,Night - Street Lights On,Two-Wheeler,60,Male,No,40,22:33,Sunday,February,2,22.6071,88.3782,Minor
ACC2268,Karnataka,Mysuru,Mist,City Road,Wet,Night - Street Lights On,Heavy Truck,66,Male,Yes,60,21:16,Wednesday,May,3,12.2178,76.5776,Serious
ACC2269,Uttar Pradesh,Lucknow,Heavy Rain,State Highway,Slippery,Twilight/Dusk,Heavy Truck,36,Male,No,50,12:41,Thursday,June,1,26.8633,80.9456,Serious
ACC2270,Rajasthan,Jaipur,Sunny,Rural Road,Slippery,Night - Darkness,Bus,31,Male,No,100,01:01,Saturday,August,3,26.8985,75.7609,Serious
ACC2271,Rajasthan,Jaipur,Clear,City Road,Wet,Daylight,Two-Wheeler,46,Male,No,80,20:21,Monday,January,1,26.9742,75.7992,Serious
ACC2272,Tamil Nadu,Chennai,Sunny,State Highway,Dry,Daylight,Car,54,Male,Yes,50,02:54,Friday,March,0,13.1692,80.3243,Fatal
ACC2273,Jammu and Kashmir,Srinagar,Sunny,Expressway,Slippery,Twilight/Dusk,LCV,53,Male,No,100,12:59,Thursday,April,1,34.09,74.7848,Fatal
ACC2274,Rajasthan,Jaipur,Sunny,State Highway,Gravel,Daylight,Two-Wheeler,19,Male,No,60,07:42,Monday,July,1,26.8971,75.8254,Serious
ACC2275,Gujarat,Surat,Sunny,National Highway,Wet,Night - Street Lights On,Two-Wheeler,43,Male,No,100,19:35,Friday,August,2,21.22,72.7963,Minor
ACC2276,Tamil Nadu,Chennai,Clear,Expressway,Dry,Daylight,Car,41,Male,No,60,22:08,Saturday,July,2,13.0761,80.2983,Fatal
ACC2277,Punjab,Amritsar,Clear,City Road,Wet,Twilight/Dusk,Heavy Truck,18,Male,No,60,18:59,Thursday,March,1,31.7054,74.9201,Fatal
ACC2278,Uttar Pradesh,Kanpur,Clear,State Highway,Dry,Night - Street Lights On,Heavy Truck,27,Male,No,120,11:58,Tuesday,August,2,26.3596,80.3366,Minor
ACC2279,Uttar Pradesh,Varanasi,Clear,Rural Road,Dry,Daylight,Car,52,Male,No,80,18:07,Friday,October,2,25.3691,82.9504,Minor
ACC2280,West Bengal,Kolkata,Foggy,State Highway,Wet,Daylight,Two-Wheeler,34,Male,No,90,01:02,Friday,July,1,22.5664,88.4417,Minor
ACC2281,Kerala,Thiruvananthapuram,Heavy Rain,National Highway,Slippery,Twilight/Dusk,Heavy Truck,29,Male,Yes,120,13:01,Sunday,November,3,8.4547,76.9372,Fatal
ACC2282,Kerala,Thiruvananthapuram,Heavy Rain,City Road,Slippery,Night - Street Lights On,Two-Wheeler,42,Male,Yes,50,16:22,Thursday,November,1,8.545,76.9828,Serious
ACC2283,Rajasthan,Jaipur,Clear,State Highway,Gravel,Night - Street Lights On,Two-Wheeler,25,Female,No,70,04:53,Sunday,March,0,26.8457,75.8619,Serious
ACC2284,Madhya Pradesh,Indore,Clear,State Highway,Dry,Twilight/Dusk,LCV,66,Male,Yes,120,07:01,Friday,July,2,22.7137,75.8046,Fatal
ACC2285,Tamil Nadu,Coimbatore,Heavy Rain,Expressway,Slippery,Night - Darkness,Car,32,Female,No,40,14:41,Thursday,July,2,10.9795,76.9262,Minor
ACC2286,Maharashtra,Mumbai,Clear,National Highway,Under Construction,Daylight,Bus,35,Male,No,40,16:32,Wednesday,August,1,19.0619,72.8507,Serious
ACC2287,Rajasthan,Jaipur,Clear,State Highway,Gravel,Night - Street Lights On,Two-Wheeler,29,Female,No,40,04:44,Sunday,March,0,26.8745,75.8665,Minor
ACC2288,Rajasthan,Jaipur,Sunny,Rural Road,Slippery,Night - Darkness,Bus,33,Male,No,120,01:40,Saturday,August,3,26.9163,75.7432,Minor
ACC2289,Maharashtra,Mumbai,Foggy,National Highway,Wet,Night - Darkness,Auto-Rickshaw,55,Male,No,50,06:54,Saturday,December,2,18.9991,72.974,Fatal
ACC2290,Maharashtra,Mumbai,Clear,National Highway,Under Construction,Daylight,Bus,39,Male,No,70,16:54,Wednesday,August,1,19.0818,72.8503,Fatal
ACC2291,Karnataka,Bengaluru,Clear,State Highway,Slippery,Night - Street Lights On,LCV,31,Male,No,50,22:03,Tuesday,February,2,12.8975,77.6848,Minor
ACC2292,Rajasthan,Jaipur,Foggy,National Highway,Wet,Night - Darkness,LCV,22,Female,No,120,12:04,Monday,June,1,26.8954,75.859,Minor
ACC2293,Haryana,Gurugram,Clear,Rural Road,Dry,Night - Street Lights On,Auto-Rickshaw,46,Male,Yes,70,20:25,Monday,December,1,28.5259,77.0828,Serious
ACC2294,Gujarat,Surat,Clear,National Highway,Under Construction,Night - Darkness,Two-Wheeler,41,Male,No,60,11:06,Wednesday,May,2,21.1618,72.8746,Fatal
ACC2295,Rajasthan,Jaipur,Sunny,Rural Road,Slippery,Night - Darkness,Bus,33,Male,No,70,01:50,Saturday,August,3,26.8953,75.7599,Minor
ACC2296,Odisha,Bhubaneswar,Clear,National Highway,Slippery,Night - Street Lights On,Two-Wheeler,48,Male,Yes,60,01:15,Thursday,March,3,20.2168,85.7653,Fatal
ACC2297,West Bengal,Kolkata,Clear,State Highway,Wet,Night - Street Lights On,LCV,26,Male,Yes,90,12:57,Thursday,February,1,22.538,88.3641,Serious
ACC2298,Jammu and Kashmir,Srinagar,Sunny,Rural Road,Gravel,Daylight,Car,41,Male,No,80,00:42,Wednesday,August,0,34.0373,74.8082,Serious
ACC2299,Maharashtra,Mumbai,Clear,National Highway,Under Construction,Daylight,Bus,38,Male,No,90,16:29,Wednesday,August,1,19.0539,72.8274,Minor
ACC2300,West Bengal,Kolkata,Clear,Rural Road,Dry,Twilight/Dusk,LCV,32,Female,No,90,03:32,Saturday,July,1,22.5279,88.4069,Minor
ACC2301,Uttar Pradesh,Kanpur,Clear,State Highway,Dry,Night - Street Lights On,Heavy Truck,24,Male,No,70,12:39,Tuesday,August,2,26.3662,80.3389,Serious
ACC2302,Uttar Pradesh,Varanasi,Mist,Expressway,Wet,Night - Darkness,Two-Wheeler,50,Female,No,120,12:45,Wednesday,April,4,25.3637,82.9241,Serious
ACC2303,Bihar,Patna,Heavy Rain,Expressway,Slippery,Daylight,Auto-Rickshaw,53,Male,No,90,20:25,Thursday,October,3,25.5068,85.1212,Fatal
ACC2304,Assam,Guwahati,Heavy Rain,National Highway,Slippery,Night - Darkness,Heavy Truck,47,Male,No,120,21:36,Thursday,March,3,26.1429,91.6827,Minor
ACC2305,Uttar Pradesh,Varanasi,Clear,State Highway,Dry,Daylight,Two-Wheeler,61,Male,No,40,03:03,Wednesday,June,2,25.2549,83.0471,Serious
ACC2306,Uttar Pradesh,Kanpur,Heavy Rain,Rural Road,Slippery,Twilight/Dusk,Car,49,Male,No,90,12:21,Sunday,October,1,26.5106,80.3846,Minor
ACC2307,Gujarat,Surat,Mist,City Road,Wet,Twilight/Dusk,Bus,62,Female,No,90,12:40,Sunday,September,1,21.08,72.8188,Minor
ACC2308,Tamil Nadu,Coimbatore,Clear,State Highway,Gravel,Daylight,Bus,66,Male,No,120,12:00,Sunday,June,2,10.9994,76.9518,Serious
ACC2309,Assam,Guwahati,Heavy Rain,National Highway,Slippery,Night - Darkness,Heavy Truck,49,Male,No,50,21:19,Thursday,March,3,26.122,91.658,Minor
ACC2310,Uttar Pradesh,Varanasi,Clear,National Highway,Gravel,Daylight,Car,30,Male,No,70,00:10,Sunday,March,1,25.3886,83.0122,Fatal
ACC2311,Punjab,Amritsar,Mist,Rural Road,Wet,Daylight,Car,18,Male,No,60,15:17,Saturday,March,0,31.6326,74.8266,Minor
ACC2312,Gujarat,Ahmedabad,Foggy,Rural Road,Wet,Night - Darkness,Car,28,Male,Yes,80,12:05,Monday,December,6,23.0664,72.6266,Minor
ACC2313,West Bengal,Kolkata,Clear,Rural Road,Dry,Twilight/Dusk,LCV,37,Female,No,120,02:59,Saturday,July,1,22.5266,88.3782,Minor
ACC2314,Gujarat,Surat,Sunny,National Highway,Wet,Night - Street Lights On,Two-Wheeler,43,Male,No,80,19:37,Friday,August,2,21.1973,72.8054,Fatal
ACC2315,Punjab,Amritsar,Mist,Expressway,Wet,Night - Street Lights On,Two-Wheeler,24,Male,Yes,60,04:55,Thursday,August,6,31.5672,74.9212,Minor
ACC2316,Punjab,Ludhiana,Foggy,Rural Road,Wet,Daylight,Bus,40,Male,No,80,21:17,Monday,November,3,30.8718,75.8306,Minor
ACC2317,Odisha,Bhubaneswar,Clear,City Road,Under Construction,Daylight,Car,45,Male,No,40,19:35,Saturday,December,0,20.2074,85.7838,Serious
ACC2318,Tamil Nadu,Chennai,Sunny,State Highway,Dry,Daylight,Car,54,Male,Yes,90,03:13,Friday,March,0,13.1638,80.3261,Serious
ACC2319,Jammu and Kashmir,Srinagar,Mist,Expressway,Wet,Night - Darkness,Two-Wheeler,24,Male,No,120,03:34,Thursday,January,3,34.122,74.7842,Minor
ACC2320,West Bengal,Kolkata,Sunny,City Road,Gravel,Twilight/Dusk,Auto-Rickshaw,53,Female,No,90,15:38,Wednesday,April,2,22.6407,88.3749,Fatal
ACC2321,Uttar Pradesh,Kanpur,Heavy Rain,Rural Road,Slippery,Twilight/Dusk,Car,48,Male,No,100,12:00,Sunday,October,1,26.5202,80.3629,Minor
ACC2322,Gujarat,Ahmedabad,Clear,City Road,Under Construction,Night - Street Lights On,Heavy Truck,45,Female,No,100,03:55,Tuesday,October,2,23.0762,72.6086,Minor
ACC2323,Tamil Nadu,Madurai,Clear,National Highway,Slippery,Daylight,Bus,38,Male,No,120,15:01,Monday,July,1,9.893,78.179,Minor
ACC2324,Uttar Pradesh,Varanasi,Foggy,Rural Road,Wet,Daylight,LCV,37,Female,No,60,18:39,Friday,March,1,25.3275,82.9928,Serious
ACC2325,Tamil Nadu,Madurai,Mist,State Highway,Wet,Daylight,Heavy Truck,48,Female,No,40,03:01,Thursday,May,0,9.8787,78.1484,Serious
ACC2326,Maharashtra,Nagpur,Clear,State Highway,Wet,Daylight,Two-Wheeler,54,Female,No,100,00:07,Monday,August,2,21.1273,79.0674,Serious
ACC2327,Tamil Nadu,Madurai,Mist,Expressway,Wet,Daylight,Auto-Rickshaw,42,Male,No,120,00:51,Sunday,July,2,9.8922,78.1689,Minor
ACC2328,Uttar Pradesh,Kanpur,Clear,State Highway,Slippery,Daylight,LCV,54,Female,No,80,10:15,Thursday,April,1,26.4386,80.2943,Minor
ACC2329,Gujarat,Surat,Foggy,Rural Road,Wet,Night - Darkness,Auto-Rickshaw,59,Female,No,70,05:14,Friday,January,1,21.1198,72.8732,Minor
ACC2330,Rajasthan,Jaipur,Foggy,City Road,Wet,Daylight,LCV,52,Male,No,70,06:07,Thursday,June,1,26.8573,75.8248,Minor
ACC2331,Uttar Pradesh,Varanasi,Clear,City Road,Under Construction,Night - Street Lights On,LCV,33,Male,No,60,21:08,Tuesday,February,1,25.3217,82.9782,Serious
ACC2332,Uttar Pradesh,Lucknow,Clear,National Highway,Under Construction,Night - Darkness,Two-Wheeler,29,Male,Yes,40,01:55,Friday,November,2,26.9182,80.9954,Fatal
ACC2333,Kerala,Thiruvananthapuram,Clear,Expressway,Gravel,Daylight,Bus,43,Male,No,60,16:48,Wednesday,January,1,8.5306,76.9363,Fatal
ACC2334,Madhya Pradesh,Indore,Clear,State Highway,Dry,Twilight/Dusk,Two-Wheeler,52,Female,No,120,13:23,Monday,February,1,22.777,75.8091,Minor
ACC2335,Madhya Pradesh,Indore,Clear,State Highway,Dry,Twilight/Dusk,Two-Wheeler,55,Female,No,50,13:05,Monday,February,1,22.7884,75.7969,Minor
ACC2336,Karnataka,Mysuru,Clear,Rural Road,Slippery,Daylight,Two-Wheeler,38,Male,Yes,40,21:29,Tuesday,April,1,12.3055,76.6206,Minor
ACC2337,Tamil Nadu,Madurai,Mist,City Road,Wet,Daylight,Bus,64,Male,No,60,17:44,Wednesday,March,2,9.9832,78.1045,Minor
ACC2338,Uttar Pradesh,Kanpur,Clear,National Highway,Slippery,Daylight,Two-Wheeler,36,Male,No,100,01:51,Monday,April,1,26.4727,80.3744,Minor
ACC2339,Uttar Pradesh,Kanpur,Mist,Expressway,Wet,Night - Street Lights On,LCV,22,Male,Yes,40,10:27,Friday,February,3,26.5064,80.3189,Minor
ACC2340,Maharashtra,Mumbai,Heavy Rain,Expressway,Slippery,Night - Darkness,LCV,68,Male,No,40,21:40,Friday,July,4,19.0702,72.8541,Fatal
ACC2341,Punjab,Amritsar,Heavy Rain,State Highway,Slippery,Daylight,Auto-Rickshaw,57,Female,No,60,07:07,Saturday,March,2,31.6297,74.907,Serious
ACC2342,Bihar,Patna,Heavy Rain,Expressway,Slippery,Daylight,Auto-Rickshaw,51,Male,No,70,19:36,Thursday,October,3,25.5267,85.0995,Fatal
ACC2343,Punjab,Ludhiana,Mist,National Highway,Wet,Twilight/Dusk,Two-Wheeler,56,Male,No,100,14:02,Wednesday,November,1,30.8481,75.8239,Minor
ACC2344,Tamil Nadu,Madurai,Mist,Expressway,Wet,Daylight,Auto-Rickshaw,40,Male,No,80,01:19,Sunday,July,2,9.8802,78.1572,Serious
ACC2345,Gujarat,Surat,Mist,State Highway,Wet,Night - Darkness,Two-Wheeler,64,Male,No,80,18:49,Sunday,April,1,21.1568,72.7774,Serious
ACC2346,Uttarakhand,Dehradun,Clear,City Road,Dry,Daylight,LCV,19,Male,No,80,13:55,Sunday,August,2,30.3528,78.0591,Fatal
ACC2347,Maharashtra,Nagpur,Clear,Expressway,Wet,Daylight,Two-Wheeler,50,Male,No,70,11:16,Saturday,November,1,21.1247,79.0561,Minor
ACC2348,Uttarakhand,Dehradun,Clear,Rural Road,Slippery,Night - Darkness,Two-Wheeler,44,Male,No,60,17:58,Saturday,September,2,30.364,78.1149,Serious
ACC2349,Maharashtra,Mumbai,Clear,Rural Road,Dry,Daylight,LCV,50,Female,No,70,18:56,Saturday,August,0,19.1653,72.907,Serious
ACC2350,Tamil Nadu,Chennai,Heavy Rain,Rural Road,Slippery,Twilight/Dusk,LCV,22,Female,No,100,10:10,Saturday,August,2,13.1342,80.2635,Minor
ACC2351,Tamil Nadu,Madurai,Foggy,State Highway,Wet,Daylight,LCV,27,Male,No,100,15:58,Wednesday,March,0,9.8855,78.1908,Serious
ACC2352,Uttar Pradesh,Kanpur,Clear,National Highway,Under Construction,Daylight,LCV,21,Male,No,60,19:38,Saturday,August,2,26.4604,80.3841,Fatal
ACC2353,Rajasthan,Udaipur,Heavy Rain,Rural Road,Slippery,Night - Street Lights On,Auto-Rickshaw,61,Male,No,60,17:15,Wednesday,January,0,24.5275,73.7632,Serious
ACC2354,Kerala,Thiruvananthapuram,Clear,National Highway,Dry,Daylight,Auto-Rickshaw,54,Female,Yes,90,19:04,Monday,November,6,8.4484,76.9104,Fatal
ACC2355,Gujarat,Ahmedabad,Heavy Rain,Rural Road,Slippery,Daylight,Two-Wheeler,60,Male,No,90,05:40,Thursday,August,0,22.9828,72.6431,Minor
ACC2356,West Bengal,Kolkata,Clear,City Road,Slippery,Night - Street Lights On,Two-Wheeler,61,Male,No,70,22:25,Sunday,February,2,22.6044,88.3999,Serious
ACC2357,Maharashtra,Pune,Heavy Rain,National Highway,Slippery,Night - Darkness,LCV,18,Male,Yes,60,01:57,Wednesday,October,6,18.583,73.9049,Minor
ACC2358,Karnataka,Bengaluru,Clear,National Highway,Wet,Night - Darkness,Two-Wheeler,22,Male,No,80,11:25,Saturday,December,6,12.9941,77.5303,Minor
ACC2359,Bihar,Patna,Foggy,State Highway,Wet,Twilight/Dusk,Two-Wheeler,47,Male,Yes,120,13:02,Friday,April,3,25.5581,85.0883,Serious
ACC2360,West Bengal,Kolkata,Clear,Rural Road,Dry,Twilight/Dusk,LCV,30,Female,No,50,02:59,Saturday,July,1,22.524,88.4073,Minor
ACC2361,Telangana,Hyderabad,Clear,State Highway,Dry,Daylight,Bus,53,Male,No,40,03:43,Wednesday,February,2,17.3546,78.4832,Serious
ACC2362,Delhi,New Delhi,Heavy Rain,National Highway,Slippery,Night - Street Lights On,Heavy Truck,40,Male,No,80,15:08,Sunday,February,4,28.6804,77.2761,Serious
ACC2363,Madhya Pradesh,Indore,Foggy,Expressway,Wet,Daylight,LCV,22,Male,No,120,16:46,Tuesday,January,1,22.6889,75.8564,Minor
ACC2364,Uttar Pradesh,Kanpur,Mist,Expressway,Wet,Daylight,Auto-Rickshaw,59,Male,No,90,13:21,Monday,December,1,26.3814,80.3597,Minor
ACC2365,Bihar,Patna,Heavy Rain,Expressway,Slippery,Daylight,Auto-Rickshaw,57,Male,No,120,20:24,Thursday,October,3,25.5206,85.0964,Serious
ACC2366,Tamil Nadu,Chennai,Sunny,State Highway,Dry,Daylight,Car,52,Male,Yes,90,02:57,Friday,March,0,13.1418,80.3124,Minor
ACC2367,West Bengal,Kolkata,Foggy,National Highway,Wet,Night - Darkness,Bus,55,Male,Yes,90,21:43,Sunday,October,6,22.5913,88.3516,Fatal
ACC2368,Assam,Guwahati,Clear,Rural Road,Dry,Night - Darkness,Two-Wheeler,60,Male,Yes,50,22:35,Wednesday,June,2,26.1727,91.663,Fatal
ACC2369,Madhya Pradesh,Indore,Clear,Expressway,Dry,Daylight,Two-Wheeler,56,Female,Yes,40,06:08,Friday,October,2,22.6381,75.8964,Minor
ACC2370,Kerala,Thiruvananthapuram,Clear,National Highway,Dry,Daylight,Auto-Rickshaw,57,Female,Yes,80,19:53,Monday,November,6,8.4497,76.9135,Minor
ACC2371,Uttarakhand,Dehradun,Clear,Rural Road,Slippery,Night - Darkness,Two-Wheeler,42,Male,No,120,17:34,Saturday,September,2,30.3636,78.1162,Serious
ACC2372,Punjab,Amritsar,Clear,National Highway,Wet,Night - Darkness,Bus,34,Male,Yes,120,13:43,Friday,September,6,31.6187,74.8521,Fatal
ACC2373,Gujarat,Ahmedabad,Clear,Rural Road,Under Construction,Twilight/Dusk,Car,30,Female,No,120,03:38,Tuesday,May,0,23.0049,72.5845,Fatal
ACC2374,Kerala,Thiruvananthapuram,Heavy Rain,National Highway,Slippery,Night - Darkness,Auto-Rickshaw,36,Male,No,80,07:37,Wednesday,February,4,8.5428,76.9819,Fatal
ACC2375,Tamil Nadu,Coimbatore,Sunny,Rural Road,Gravel,Daylight,Two-Wheeler,26,Male,No,40,20:59,Wednesday,August,2,11.0127,76.9823,Minor
ACC2376,Telangana,Hyderabad,Foggy,National Highway,Wet,Daylight,Bus,20,Male,No,40,13:11,Monday,May,3,17.4448,78.538,Serious
ACC2377,Punjab,Amritsar,Foggy,National Highway,Wet,Night - Darkness,Car,33,Male,Yes,60,21:45,Saturday,December,3,31.6789,74.8599,Serious
ACC2378,Haryana,Gurugram,Foggy,National Highway,Wet,Night - Street Lights On,Car,58,Female,Yes,50,22:40,Friday,March,5,28.4532,77.073,Minor
ACC2379,Punjab,Amritsar,Clear,City Road,Dry,Daylight,Auto-Rickshaw,48,Male,No,60,00:33,Wednesday,October,2,31.6733,74.9604,Serious
ACC2380,Kerala,Thiruvananthapuram,Heavy Rain,City Road,Slippery,Night - Street Lights On,Two-Wheeler,50,Male,Yes,120,16:28,Thursday,November,1,8.517,76.9956,Minor
ACC2381,Madhya Pradesh,Indore,Clear,State Highway,Dry,Twilight/Dusk,Two-Wheeler,54,Female,No,90,13:02,Monday,February,1,22.7991,75.7908,Fatal
ACC2382,Kerala,Thiruvananthapuram,Foggy,City Road,Wet,Twilight/Dusk,Auto-Rickshaw,50,Female,No,70,23:04,Sunday,September,2,8.5586,76.886,Minor
ACC2383,Assam,Guwahati,Clear,Rural Road,Dry,Night - Darkness,Two-Wheeler,58,Male,Yes,90,22:18,Wednesday,June,2,26.1605,91.668,Fatal
ACC2384,Tamil Nadu,Coimbatore,Sunny,Rural Road,Gravel,Daylight,Two-Wheeler,31,Male,No,40,21:00,Wednesday,August,2,10.9798,76.9844,Minor
ACC2385,Madhya Pradesh,Bhopal,Clear,State Highway,Slippery,Daylight,Car,55,Male,No,90,08:10,Monday,January,2,23.2227,77.4135,Serious
ACC2386,Punjab,Ludhiana,Mist,National Highway,Wet,Twilight/Dusk,Two-Wheeler,50,Male,No,50,14:02,Wednesday,November,1,30.8644,75.8187,Serious
ACC2387,Maharashtra,Pune,Clear,National Highway,Dry,Night - Darkness,Car,54,Male,Yes,80,23:56,Friday,August,4,18.5384,73.9282,Minor
ACC2388,Gujarat,Surat,Clear,State Highway,Slippery,Night - Darkness,LCV,32,Male,Yes,100,17:39,Tuesday,September,3,21.1842,72.8908,Minor
ACC2389,Rajasthan,Udaipur,Heavy Rain,National Highway,Slippery,Twilight/Dusk,Bus,32,Female,No,50,02:25,Wednesday,February,6,24.5393,73.657,Minor
ACC2390,Haryana,Gurugram,Foggy,National Highway,Wet,Night - Street Lights On,Car,59,Female,Yes,100,22:44,Friday,March,5,28.4525,77.0841,Serious
ACC2391,Telangana,Hyderabad,Sunny,State Highway,Dry,Night - Street Lights On,Auto-Rickshaw,30,Female,Yes,120,22:48,Friday,March,2,17.461,78.5309,Minor
ACC2392,Punjab,Ludhiana,Mist,National Highway,Wet,Twilight/Dusk,Two-Wheeler,52,Male,No,120,14:03,Wednesday,November,1,30.8592,75.8178,Fatal
ACC2393,Punjab,Amritsar,Clear,National Highway,Wet,Night - Darkness,Bus,36,Male,Yes,80,13:51,Friday,September,6,31.6285,74.856,Minor
ACC2394,Gujarat,Ahmedabad,Heavy Rain,Rural Road,Slippery,Daylight,Two-Wheeler,62,Male,No,80,05:30,Thursday,August,0,22.9689,72.643,Minor
ACC2395,Uttar Pradesh,Kanpur,Clear,State Highway,Slippery,Daylight,LCV,55,Female,No,90,10:35,Thursday,April,1,26.4383,80.2728,Minor
ACC2396,Uttar Pradesh,Kanpur,Clear,State Highway,Slippery,Daylight,LCV,53,Female,No,60,09:46,Thursday,April,1,26.4281,80.3045,Minor
ACC2397,Rajasthan,Jaipur,Sunny,State Highway,Gravel,Daylight,Two-Wheeler,21,Male,No,80,07:56,Monday,July,1,26.8708,75.8099,Serious
ACC2398,Kerala,Thiruvananthapuram,Foggy,Rural Road,Wet,Twilight/Dusk,Auto-Rickshaw,35,Male,No,40,15:39,Wednesday,September,1,8.4683,76.8495,Minor
ACC2399,Jammu and Kashmir,Srinagar,Sunny,Expressway,Slippery,Twilight/Dusk,LCV,48,Male,No,80,12:54,Thursday,April,1,34.0847,74.7842,Minor
ACC2400,Tamil Nadu,Madurai,Foggy,State Highway,Wet,Daylight,LCV,27,Male,No,120,15:03,Wednesday,March,0,9.8855,78.2091,Fatal
ACC2401,Maharashtra,Nagpur,Clear,Expressway,Wet,Daylight,Two-Wheeler,54,Male,No,100,11:38,Saturday,November,1,21.1137,79.0483,Minor
ACC2402,Tamil Nadu,Coimbatore,Clear,Expressway,Dry,Daylight,Heavy Truck,44,Female,No,80,07:27,Wednesday,March,2,11.1054,76.944,Fatal
ACC2403,Uttar Pradesh,Kanpur,Sunny,National Highway,Slippery,Night - Darkness,Two-Wheeler,51,Male,Yes,120,09:17,Tuesday,February,6,26.5033,80.3294,Serious
ACC2404,Karnataka,Mysuru,Mist,State Highway,Wet,Daylight,Heavy Truck,47,Male,No,50,14:50,Sunday,February,0,12.3643,76.5754,Minor
ACC2405,Uttarakhand,Dehradun,Clear,Rural Road,Slippery,Night - Darkness,Two-Wheeler,37,Male,No,50,17:55,Saturday,September,2,30.3734,78.0958,Minor
ACC2406,Madhya Pradesh,Bhopal,Clear,State Highway,Slippery,Daylight,Car,54,Male,No,120,08:16,Monday,January,2,23.2192,77.3902,Fatal
ACC2407,Maharashtra,Pune,Heavy Rain,National Highway,Slippery,Night - Street Lights On,Car,20,Male,No,100,10:49,Tuesday,March,1,18.4955,73.8221,Minor
ACC2408,Odisha,Bhubaneswar,Clear,Rural Road,Dry,Night - Darkness,Heavy Truck,32,Male,No,100,05:19,Saturday,July,3,20.2686,85.7968,Fatal
ACC2409,Odisha,Bhubaneswar,Clear,City Road,Under Construction,Daylight,Car,49,Male,No,120,19:45,Saturday,December,0,20.2248,85.7859,Minor
ACC2410,Uttar Pradesh,Varanasi,Clear,Rural Road,Dry,Daylight,Car,51,Male,No,100,18:35,Friday,October,2,25.3738,82.9393,Minor
ACC2411,Gujarat,Surat,Foggy,Rural Road,Wet,Night - Darkness,Auto-Rickshaw,60,Female,No,80,05:28,Friday,January,1,21.1252,72.8971,Minor
ACC2412,Punjab,Amritsar,Mist,Rural Road,Wet,Daylight,Car,22,Male,No,100,14:40,Saturday,March,0,31.6666,74.8454,Minor
ACC2413,Karnataka,Bengaluru,Clear,Expressway,Slippery,Twilight/Dusk,LCV,57,Male,No,70,17:23,Wednesday,September,1,12.881,77.5677,Minor
ACC2414,Uttar Pradesh,Varanasi,Clear,National Highway,Gravel,Daylight,Car,36,Male,No,50,23:47,Sunday,March,1,25.3998,83.0304,Minor
ACC2415,Rajasthan,Jaipur,Foggy,Rural Road,Wet,Night - Street Lights On,LCV,54,Female,Yes,80,04:21,Saturday,November,3,26.9453,75.7653,Serious
ACC2416,Karnataka,Bengaluru,Mist,Rural Road,Wet,Daylight,Bus,20,Male,No,60,16:15,Monday,September,0,12.9308,77.5377,Serious
ACC2417,Rajasthan,Udaipur,Heavy Rain,Rural Road,Slippery,Night - Street Lights On,Auto-Rickshaw,69,Male,No,70,16:37,Wednesday,January,0,24.5616,73.7836,Minor
ACC2418,Tamil Nadu,Madurai,Mist,Expressway,Wet,Daylight,Auto-Rickshaw,46,Male,No,120,00:53,Sunday,July,2,9.8912,78.1491,Serious
ACC2419,Gujarat,Ahmedabad,Clear,State Highway,Dry,Daylight,Two-Wheeler,41,Male,No,60,23:40,Friday,March,2,23.0617,72.554,Minor
ACC2420,Karnataka,Bengaluru,Clear,Expressway,Slippery,Twilight/Dusk,LCV,53,Male,No,40,18:06,Wednesday,September,1,12.9037,77.5481,Serious
ACC2421,Uttar Pradesh,Varanasi,Sunny,National Highway,Dry,Daylight,Bus,40,Male,Yes,80,22:39,Tuesday,November,5,25.3333,83.0433,Serious
ACC2422,Uttarakhand,Dehradun,Heavy Rain,City Road,Slippery,Daylight,Auto-Rickshaw,42,Female,No,80,04:24,Friday,January,1,30.2557,77.9732,Fatal
ACC2423,Tamil Nadu,Coimbatore,Clear,Expressway,Dry,Daylight,Heavy Truck,45,Female,No,60,07:43,Wednesday,March,2,11.1059,76.9455,Fatal
ACC2424,Madhya Pradesh,Indore,Clear,National Highway,Gravel,Daylight,Two-Wheeler,37,Female,No,100,01:38,Monday,April,3,22.6673,75.8692,Serious
ACC2425,Tamil Nadu,Coimbatore,Clear,State Highway,Gravel,Daylight,Bus,63,Male,No,100,11:45,Sunday,June,2,11.0009,76.9393,Minor
ACC2426,Punjab,Ludhiana,Sunny,State Highway,Gravel,Daylight,Two-Wheeler,27,Male,No,60,00:24,Friday,October,1,30.9858,75.8595,Serious
ACC2427,Maharashtra,Pune,Clear,State Highway,Gravel,Night - Street Lights On,Two-Wheeler,45,Female,No,120,22:04,Monday,March,0,18.5214,73.8777,Serious
ACC2428,Tamil Nadu,Coimbatore,Clear,State Highway,Gravel,Daylight,Bus,62,Male,No,80,11:51,Sunday,June,2,11.0193,76.9463,Fatal
ACC2429,Maharashtra,Mumbai,Foggy,National Highway,Wet,Night - Darkness,Auto-Rickshaw,56,Male,No,100,07:19,Saturday,December,2,18.9857,72.9719,Fatal
ACC2430,Kerala,Kochi,Sunny,State Highway,Slippery,Night - Darkness,Bus,33,Male,No,100,04:19,Saturday,August,2,10.0073,76.2912,Minor
ACC2431,Uttar Pradesh,Kanpur,Heavy Rain,Rural Road,Slippery,Daylight,LCV,46,Male,No,40,19:28,Thursday,November,1,26.4231,80.3916,Minor
ACC2432,Assam,Guwahati,Clear,City Road,Dry,Daylight,Bus,44,Male,No,60,03:30,Sunday,January,1,26.0822,91.7823,Serious
ACC2433,Haryana,Gurugram,Foggy,National Highway,Wet,Night - Street Lights On,Car,55,Female,Yes,60,22:49,Friday,March,5,28.4473,77.0824,Serious
ACC2434,Maharashtra,Pune,Clear,National Highway,Dry,Night - Darkness,Car,56,Male,Yes,90,00:25,Friday,August,4,18.5128,73.9142,Serious
ACC2435,Tamil Nadu,Madurai,Mist,State Highway,Wet,Daylight,Heavy Truck,49,Female,No,80,02:22,Thursday,May,0,9.8884,78.1453,Fatal
ACC2436,Madhya Pradesh,Indore,Clear,Expressway,Slippery,Night - Darkness,Two-Wheeler,48,Male,No,50,05:58,Wednesday,February,4,22.7703,75.8474,Fatal
ACC2437,Punjab,Amritsar,Clear,National Highway,Wet,Night - Darkness,Bus,32,Male,Yes,40,13:48,Friday,September,6,31.5981,74.8375,Serious
ACC2438,Madhya Pradesh,Indore,Mist,State Highway,Wet,Daylight,LCV,24,Female,No,70,09:05,Monday,June,2,22.8045,75.8185,Minor
ACC2439,Tamil Nadu,Chennai,Sunny,State Highway,Dry,Daylight,Car,58,Male,Yes,80,02:57,Friday,March,0,13.1378,80.3469,Fatal
ACC2440,Tamil Nadu,Chennai,Sunny,City Road,Under Construction,Daylight,Auto-Rickshaw,28,Male,No,60,15:42,Thursday,December,2,13.0714,80.2647,Fatal
ACC2441,Tamil Nadu,Madurai,Mist,Expressway,Wet,Daylight,Auto-Rickshaw,46,Male,No,70,00:49,Sunday,July,2,9.8724,78.1698,Minor
ACC2442,Uttar Pradesh,Varanasi,Clear,National Highway,Gravel,Daylight,Car,29,Male,No,120,00:01,Sunday,March,1,25.3924,83.0318,Minor
ACC2443,Maharashtra,Mumbai,Heavy Rain,Expressway,Slippery,Night - Darkness,LCV,66,Male,No,90,21:33,Friday,July,4,19.051,72.8731,Minor
ACC2444,Uttar Pradesh,Kanpur,Sunny,National Highway,Slippery,Night - Darkness,Two-Wheeler,54,Male,Yes,60,08:55,Tuesday,February,6,26.5113,80.3271,Fatal
ACC2445,Telangana,Hyderabad,Clear,State Highway,Dry,Daylight,Bus,46,Male,No,50,04:09,Wednesday,February,2,17.3587,78.4748,Fatal
ACC2446,Gujarat,Surat,Mist,National Highway,Wet,Daylight,Bus,42,Female,No,80,17:14,Thursday,February,2,21.1422,72.7911,Minor
ACC2447,Tamil Nadu,Chennai,Sunny,State Highway,Dry,Daylight,Car,52,Male,Yes,40,02:22,Friday,March,0,13.1666,80.3266,Minor
ACC2448,Assam,Guwahati,Mist,Expressway,Wet,Night - Darkness,Two-Wheeler,50,Male,Yes,80,14:01,Friday,October,6,26.1086,91.7477,Serious
ACC2449,Tamil Nadu,Madurai,Foggy,State Highway,Wet,Daylight,LCV,25,Male,No,100,15:22,Wednesday,March,0,9.8837,78.1974,Minor
ACC2450,Maharashtra,Pune,Clear,City Road,Gravel,Night - Street Lights On,LCV,30,Male,Yes,70,06:34,Saturday,October,1,18.5133,73.8748,Minor
ACC2451,Madhya Pradesh,Indore,Mist,State Highway,Wet,Daylight,LCV,22,Female,No,60,08:56,Monday,June,2,22.8082,75.8266,Serious
ACC2452,West Bengal,Kolkata,Foggy,State Highway,Wet,Daylight,Two-Wheeler,35,Male,No,50,00:43,Friday,July,1,22.5386,88.4413,Minor
ACC2453,West Bengal,Kolkata,Foggy,State Highway,Wet,Daylight,Two-Wheeler,31,Male,No,60,01:15,Friday,July,1,22.5474,88.4382,Minor
ACC2454,Bihar,Patna,Sunny,Rural Road,Under Construction,Night - Darkness,Car,59,Male,No,120,18:52,Friday,May,2,25.6367,85.1614,Minor
ACC2455,Maharashtra,Nagpur,Clear,Expressway,Wet,Daylight,Two-Wheeler,47,Male,No,120,10:55,Saturday,November,1,21.1446,79.0733,Minor
ACC2456,Tamil Nadu,Coimbatore,Clear,Rural Road,Under Construction,Twilight/Dusk,Bus,51,Male,No,60,01:46,Saturday,October,1,11.0367,76.9772,Minor
ACC2457,Uttar Pradesh,Kanpur,Clear,State Highway,Slippery,Daylight,LCV,52,Female,No,80,09:46,Thursday,April,1,26.4385,80.308,Fatal
ACC2458,Gujarat,Surat,Clear,State Highway,Slippery,Night - Darkness,LCV,29,Male,Yes,120,17:55,Tuesday,September,3,21.1841,72.9147,Fatal
ACC2459,Uttar Pradesh,Lucknow,Foggy,Rural Road,Wet,Twilight/Dusk,Heavy Truck,23,Male,No,70,04:55,Monday,December,3,26.8932,80.9229,Fatal
ACC2460,Maharashtra,Pune,Heavy Rain,National Highway,Slippery,Night - Street Lights On,Car,18,Male,No,90,10:33,Tuesday,March,1,18.5019,73.8467,Minor
ACC2461,Rajasthan,Jaipur,Clear,State Highway,Gravel,Night - Street Lights On,Two-Wheeler,24,Female,No,50,05:03,Sunday,March,0,26.8537,75.8741,Minor
ACC2462,Uttar Pradesh,Varanasi,Clear,National Highway,Gravel,Daylight,Car,29,Male,No,50,00:17,Sunday,March,1,25.4016,83.0112,Serious
ACC2463,Punjab,Ludhiana,Sunny,Rural Road,Dry,Twilight/Dusk,Heavy Truck,62,Male,No,50,07:43,Monday,December,2,30.8748,75.9504,Serious
ACC2464,Bihar,Patna,Sunny,Rural Road,Under Construction,Night - Darkness,Car,57,Male,No,60,18:08,Friday,May,2,25.6233,85.1512,Serious
ACC2465,Tamil Nadu,Coimbatore,Clear,Rural Road,Wet,Daylight,Heavy Truck,30,Male,No,70,19:42,Monday,September,2,10.9746,77.0054,Serious
ACC2466,Rajasthan,Udaipur,Heavy Rain,Rural Road,Slippery,Night - Street Lights On,Auto-Rickshaw,67,Male,No,40,16:51,Wednesday,January,0,24.5511,73.7469,Serious
ACC2467,Delhi,New Delhi,Heavy Rain,State Highway,Slippery,Night - Darkness,Heavy Truck,26,Female,No,50,18:42,Friday,May,3,28.6884,77.1671,Minor
ACC2468,Rajasthan,Udaipur,Heavy Rain,Rural Road,Slippery,Night - Darkness,Heavy Truck,56,Male,No,60,23:31,Sunday,July,2,24.5818,73.6573,Fatal
ACC2469,West Bengal,Kolkata,Clear,City Road,Slippery,Night - Street Lights On,Two-Wheeler,64,Male,No,100,22:34,Sunday,February,2,22.6235,88.4071,Fatal
ACC2470,Tamil Nadu,Coimbatore,Sunny,Rural Road,Gravel,Daylight,Two-Wheeler,29,Male,No,80,20:48,Wednesday,August,2,10.9869,77.0003,Minor
ACC2471,Uttar Pradesh,Kanpur,Clear,National Highway,Slippery,Daylight,Two-Wheeler,40,Male,No,60,01:45,Monday,April,1,26.5081,80.4049,Minor
ACC2472,Kerala,Thiruvananthapuram,Clear,National Highway,Dry,Daylight,Auto-Rickshaw,58,Female,Yes,40,19:47,Monday,November,6,8.4716,76.9013,Serious
ACC2473,Tamil Nadu,Coimbatore,Clear,National Highway,Wet,Night - Darkness,Car,50,Male,No,70,18:03,Wednesday,November,2,11.1042,76.952,Serious
ACC2474,Madhya Pradesh,Indore,Foggy,Expressway,Wet,Daylight,LCV,23,Male,No,100,16:42,Tuesday,January,1,22.6682,75.8609,Fatal
ACC2475,Uttar Pradesh,Varanasi,Mist,Expressway,Wet,Night - Darkness,Two-Wheeler,55,Female,No,120,12:37,Wednesday,April,4,25.3605,82.9603,Minor
ACC2476,Uttarakhand,Dehradun,Heavy Rain,City Road,Slippery,Daylight,Auto-Rickshaw,36,Female,No,50,04:16,Friday,January,1,30.2661,77.9833,Minor
ACC2477,Haryana,Gurugram,Foggy,National Highway,Wet,Night - Street Lights On,Car,56,Female,Yes,120,22:19,Friday,March,5,28.4717,77.0562,Fatal
ACC2478,Maharashtra,Pune,Clear,State Highway,Gravel,Night - Street Lights On,Two-Wheeler,43,Female,No,80,21:47,Monday,March,0,18.4902,73.8834,Minor
ACC2479,Madhya Pradesh,Bhopal,Clear,State Highway,Slippery,Daylight,Car,48,Male,No,120,08:42,Monday,January,2,23.2176,77.4177,Minor
ACC2480,Maharashtra,Mumbai,Foggy,National Highway,Wet,Night - Darkness,Auto-Rickshaw,55,Male,No,90,07:28,Saturday,December,2,19.0134,72.9396,Fatal
ACC2481,Gujarat,Ahmedabad,Clear,City Road,Under Construction,Night - Street Lights On,Heavy Truck,44,Female,No,40,04:19,Tuesday,October,2,23.1124,72.607,Minor
ACC2482,Jammu and Kashmir,Srinagar,Sunny,Rural Road,Gravel,Daylight,Car,45,Male,No,60,00:42,Wednesday,August,0,34.0302,74.8097,Minor
ACC2483,Tamil Nadu,Chennai,Heavy Rain,Rural Road,Slippery,Twilight/Dusk,LCV,27,Female,No,50,10:08,Saturday,August,2,13.146,80.2395,Serious
ACC2484,Uttar Pradesh,Kanpur,Mist,Expressway,Wet,Daylight,Auto-Rickshaw,61,Male,No,70,14:09,Monday,December,1,26.3988,80.3761,Minor
ACC2485,Tamil Nadu,Chennai,Clear,Expressway,Dry,Daylight,Car,33,Male,No,90,22:27,Saturday,July,2,13.0891,80.2758,Minor
ACC2486,Gujarat,Surat,Mist,National Highway,Wet,Daylight,Bus,44,Female,No,70,16:47,Thursday,February,2,21.1525,72.8125,Serious
ACC2487,Gujarat,Ahmedabad,Foggy,Rural Road,Wet,Night - Darkness,Car,30,Male,Yes,80,11:49,Monday,December,6,23.0698,72.6134,Minor
ACC2488,Assam,Guwahati,Heavy Rain,National Highway,Slippery,Night - Darkness,Heavy Truck,45,Male,No,80,21:47,Thursday,March,3,26.1256,91.6853,Minor
ACC2489,Maharashtra,Mumbai,Clear,Expressway,Under Construction,Night - Darkness,Auto-Rickshaw,51,Male,Yes,100,16:45,Sunday,June,6,19.0468,72.8227,Minor
ACC2490,Maharashtra,Pune,Foggy,City Road,Wet,Night - Darkness,Two-Wheeler,20,Female,Yes,80,23:40,Friday,May,2,18.5313,73.889,Minor
ACC2491,Delhi,New Delhi,Clear,Expressway,Wet,Daylight,Two-Wheeler,19,Female,No,120,01:38,Monday,December,1,28.6917,77.1923,Fatal
ACC2492,Gujarat,Ahmedabad,Foggy,Rural Road,Wet,Night - Darkness,Car,30,Male,Yes,50,11:53,Monday,December,6,23.0597,72.6026,Serious
ACC2493,Gujarat,Ahmedabad,Clear,City Road,Under Construction,Night - Street Lights On,Heavy Truck,42,Female,No,90,04:10,Tuesday,October,2,23.0941,72.5836,Minor
ACC2494,West Bengal,Kolkata,Heavy Rain,Rural Road,Slippery,Night - Darkness,Two-Wheeler,38,Male,No,60,23:06,Wednesday,October,3,22.6367,88.3431,Fatal
ACC2495,Kerala,Thiruvananthapuram,Foggy,National Highway,Wet,Twilight/Dusk,Bus,46,Male,No,60,02:59,Friday,April,6,8.4765,76.8663,Fatal
ACC2496,Madhya Pradesh,Indore,Mist,State Highway,Wet,Daylight,LCV,20,Female,No,60,08:26,Monday,June,2,22.7812,75.845,Serious
ACC2497,Uttar Pradesh,Varanasi,Clear,City Road,Under Construction,Night - Street Lights On,LCV,30,Male,No,90,22:00,Tuesday,February,1,25.3249,82.9881,Serious
ACC2498,Assam,Guwahati,Clear,City Road,Dry,Daylight,Bus,41,Male,No,90,03:09,Sunday,January,1,26.0937,91.7763,Fatal
ACC2499,Uttar Pradesh,Kanpur,Sunny,National Highway,Slippery,Night - Darkness,Two-Wheeler,53,Male,Yes,40,09:16,Tuesday,February,6,26.5342,80.3458,Serious
ACC2500,Punjab,Amritsar,Foggy,National Highway,Wet,Night - Darkness,Car,34,Male,Yes,90,21:40,Saturday,December,3,31.6693,74.8786,Serious
ACC2501,Maharashtra,Pune,Clear,City Road,Gravel,Night - Street Lights On,LCV,35,Male,Yes,40,06:21,Saturday,October,1,18.5151,73.8681,Fatal
ACC2502,Uttar Pradesh,Kanpur,Sunny,National Highway,Slippery,Night - Darkness,Two-Wheeler,52,Male,Yes,70,08:53,Tuesday,February,6,26.523,80.3349,Minor
ACC2503,Maharashtra,Pune,Clear,City Road,Gravel,Night - Street Lights On,LCV,36,Male,Yes,80,06:06,Saturday,October,1,18.5021,73.883,Serious
ACC2504,Bihar,Patna,Sunny,Rural Road,Under Construction,Night - Darkness,Car,53,Male,No,80,18:16,Friday,May,2,25.6518,85.1633,Minor
ACC2505,Haryana,Gurugram,Clear,State Highway,Slippery,Night - Darkness,Two-Wheeler,23,Male,No,120,17:36,Monday,April,0,28.4062,76.9998,Serious
ACC2506,Uttar Pradesh,Varanasi,Mist,Expressway,Wet,Night - Darkness,Two-Wheeler,53,Female,No,80,12:09,Wednesday,April,4,25.383,82.9273,Fatal
ACC2507,Punjab,Ludhiana,Mist,National Highway,Wet,Twilight/Dusk,Two-Wheeler,55,Male,No,120,14:24,Wednesday,November,1,30.8408,75.8269,Serious
ACC2508,Madhya Pradesh,Indore,Clear,State Highway,Dry,Twilight/Dusk,LCV,58,Male,Yes,90,07:18,Friday,July,2,22.7151,75.8151,Minor
ACC2509,Jammu and Kashmir,Srinagar,Clear,Rural Road,Dry,Daylight,Two-Wheeler,32,Female,No,80,10:23,Thursday,October,0,34.0546,74.7711,Fatal
ACC2510,Kerala,Thiruvananthapuram,Clear,City Road,Wet,Night - Street Lights On,Auto-Rickshaw,57,Male,No,80,12:28,Saturday,December,1,8.5818,77.0207,Fatal
ACC2511,Punjab,Ludhiana,Heavy Rain,State Highway,Slippery,Daylight,Auto-Rickshaw,57,Male,No,70,09:34,Friday,April,0,30.8747,75.8734,Serious
ACC2512,Rajasthan,Jaipur,Clear,State Highway,Dry,Night - Street Lights On,Car,63,Male,No,90,13:59,Saturday,March,0,26.87,75.7406,Fatal
ACC2513,Delhi,New Delhi,Clear,Expressway,Wet,Daylight,Two-Wheeler,19,Female,No,80,01:36,Monday,December,1,28.6787,77.1859,Fatal
ACC2514,Kerala,Kochi,Clear,City Road,Wet,Night - Street Lights On,Heavy Truck,43,Male,No,50,21:40,Monday,January,0,9.8741,76.2362,Minor
ACC2515,Rajasthan,Jaipur,Foggy,City Road,Wet,Daylight,LCV,57,Male,No,40,05:47,Thursday,June,1,26.8805,75.7939,Minor
ACC2516,Rajasthan,Jaipur,Sunny,State Highway,Dry,Night - Darkness,Two-Wheeler,45,Male,Yes,120,18:51,Friday,July,3,26.9379,75.7813,Serious
ACC2517,West Bengal,Kolkata,Sunny,Expressway,Dry,Daylight,Car,31,Male,No,90,11:21,Sunday,July,1,22.6222,88.4111,Fatal
ACC2518,Karnataka,Bengaluru,Sunny,Expressway,Under Construction,Night - Darkness,LCV,56,Male,Yes,120,05:02,Saturday,October,6,13.0265,77.5973,Serious
ACC2519,Tamil Nadu,Coimbatore,Clear,State Highway,Gravel,Daylight,Bus,63,Male,No,120,12:01,Sunday,June,2,10.9899,76.9715,Minor
ACC2520,Haryana,Gurugram,Clear,State Highway,Slippery,Night - Darkness,Two-Wheeler,22,Male,No,40,17:33,Monday,April,0,28.3964,76.9823,Minor
ACC2521,Odisha,Bhubaneswar,Clear,Rural Road,Dry,Night - Darkness,Heavy Truck,36,Male,No,60,05:33,Saturday,July,3,20.2613,85.8011,Fatal
ACC2522,Punjab,Amritsar,Clear,City Road,Dry,Daylight,Auto-Rickshaw,47,Male,No,40,00:54,Wednesday,October,2,31.6761,74.9498,Minor
ACC2523,Tamil Nadu,Coimbatore,Clear,National Highway,Wet,Night - Darkness,Car,46,Male,No,120,17:48,Wednesday,November,2,11.1048,76.9685,Serious
ACC2524,Gujarat,Surat,Clear,National Highway,Under Construction,Night - Darkness,Two-Wheeler,49,Male,No,90,11:10,Wednesday,May,2,21.1597,72.8882,Serious
ACC2525,Uttar Pradesh,Kanpur,Mist,Expressway,Wet,Daylight,Auto-Rickshaw,56,Male,No,70,13:19,Monday,December,1,26.3785,80.3482,Serious
ACC2526,Madhya Pradesh,Indore,Clear,Expressway,Dry,Daylight,Two-Wheeler,59,Female,Yes,100,06:29,Friday,October,2,22.6622,75.8938,Serious
ACC2527,Uttarakhand,Dehradun,Heavy Rain,City Road,Slippery,Daylight,Auto-Rickshaw,40,Female,No,70,04:28,Friday,January,1,30.2559,78.005,Minor
ACC2528,Punjab,Ludhiana,Sunny,State Highway,Gravel,Daylight,Two-Wheeler,33,Male,No,90,00:15,Friday,October,1,30.9781,75.8891,Minor
ACC2529,Tamil Nadu,Coimbatore,Foggy,National Highway,Wet,Night - Street Lights On,Heavy Truck,63,Female,Yes,50,09:24,Thursday,April,2,11.0012,76.9271,Minor
ACC2530,Delhi,New Delhi,Clear,National Highway,Dry,Twilight/Dusk,LCV,18,Male,Yes,60,11:28,Thursday,October,2,28.6276,77.2644,Serious
ACC2531,Bihar,Patna,Heavy Rain,Rural Road,Slippery,Daylight,Heavy Truck,36,Male,No,70,12:49,Wednesday,December,3,25.6682,85.1389,Minor
ACC2532,Kerala,Kochi,Clear,State Highway,Dry,Daylight,Heavy Truck,40,Male,No,90,23:31,Tuesday,March,1,9.996,76.2101,Minor
ACC2533,Gujarat,Surat,Foggy,Rural Road,Wet,Night - Darkness,Auto-Rickshaw,59,Female,No,90,04:56,Friday,January,1,21.1054,72.89,Fatal
ACC2534,Punjab,Ludhiana,Mist,National Highway,Wet,Twilight/Dusk,Two-Wheeler,48,Male,No,70,13:48,Wednesday,November,1,30.8478,75.8316,Fatal
ACC2535,Uttarakhand,Dehradun,Clear,Rural Road,Slippery,Night - Darkness,Two-Wheeler,39,Male,No,40,17:23,Saturday,September,2,30.3652,78.1199,Minor
ACC2536,Karnataka,Bengaluru,Heavy Rain,State Highway,Slippery,Daylight,Two-Wheeler,53,Female,No,100,07:23,Sunday,June,0,12.8956,77.6507,Fatal
ACC2537,Karnataka,Mysuru,Mist,City Road,Wet,Night - Street Lights On,Heavy Truck,60,Male,Yes,40,20:52,Wednesday,May,3,12.2206,76.5736,Minor
ACC2538,Punjab,Ludhiana,Mist,National Highway,Wet,Night - Street Lights On,Auto-Rickshaw,61,Male,No,60,21:51,Friday,February,3,30.9387,75.784,Minor
ACC2539,Gujarat,Ahmedabad,Heavy Rain,Rural Road,Slippery,Daylight,Two-Wheeler,60,Male,No,50,05:50,Thursday,August,0,22.9746,72.6344,Minor
ACC2540,Haryana,Gurugram,Clear,State Highway,Slippery,Night - Darkness,Two-Wheeler,18,Male,No,90,17:20,Monday,April,0,28.368,76.9929,Minor
ACC2541,Rajasthan,Jaipur,Clear,City Road,Wet,Daylight,Two-Wheeler,49,Male,No,80,20:08,Monday,January,1,26.9801,75.8142,Minor
ACC2542,West Bengal,Kolkata,Sunny,City Road,Gravel,Twilight/Dusk,Auto-Rickshaw,50,Female,No,100,15:18,Wednesday,April,2,22.6517,88.387,Serious
ACC2543,Gujarat,Ahmedabad,Clear,Rural Road,Under Construction,Twilight/Dusk,Car,30,Female,No,90,03:46,Tuesday,May,0,23.0027,72.5668,Minor
ACC2544,Punjab,Amritsar,Clear,City Road,Wet,Twilight/Dusk,Heavy Truck,22,Male,No,50,18:41,Thursday,March,1,31.7034,74.9308,Fatal
ACC2545,Uttar Pradesh,Varanasi,Clear,Rural Road,Dry,Daylight,Car,53,Male,No,40,18:50,Friday,October,2,25.3602,82.9553,Minor
ACC2546,Punjab,Amritsar,Mist,Expressway,Wet,Night - Street Lights On,Two-Wheeler,27,Male,Yes,90,04:40,Thursday,August,6,31.5836,74.9017,Minor
ACC2547,Punjab,Amritsar,Clear,City Road,Dry,Daylight,Auto-Rickshaw,52,Male,No,40,01:18,Wednesday,October,2,31.6849,74.9565,Serious
ACC2548,Gujarat,Ahmedabad,Heavy Rain,Rural Road,Slippery,Daylight,Two-Wheeler,57,Male,No,120,05:09,Thursday,August,0,22.9688,72.6554,Serious
ACC2549,Maharashtra,Pune,Clear,City Road,Gravel,Night - Street Lights On,LCV,34,Male,Yes,120,06:31,Saturday,October,1,18.4941,73.8702,Fatal
ACC2550,Rajasthan,Jaipur,Sunny,State Highway,Gravel,Daylight,Two-Wheeler,18,Male,No,70,07:29,Monday,July,1,26.8866,75.8028,Minor
ACC2551,Maharashtra,Mumbai,Foggy,National Highway,Wet,Night - Darkness,Auto-Rickshaw,61,Male,No,120,06:59,Saturday,December,2,19.0137,72.9412,Minor
ACC2552,Madhya Pradesh,Indore,Clear,National Highway,Gravel,Daylight,Two-Wheeler,38,Female,No,100,01:36,Monday,April,3,22.6594,75.8503,Serious
ACC2553,Punjab,Amritsar,Sunny,Rural Road,Wet,Twilight/Dusk,Heavy Truck,26,Male,No,40,09:20,Sunday,June,0,31.6042,74.8232,Minor
ACC2554,Odisha,Bhubaneswar,Clear,Rural Road,Dry,Night - Darkness,Heavy Truck,39,Male,No,100,05:30,Saturday,July,3,20.2696,85.8102,Serious
ACC2555,Gujarat,Surat,Sunny,National Highway,Slippery,Daylight,Auto-Rickshaw,47,Male,No,50,09:24,Monday,July,2,21.1218,72.8197,Minor
ACC2556,Tamil Nadu,Coimbatore,Foggy,State Highway,Wet,Night - Street Lights On,LCV,31,Male,Yes,120,07:35,Sunday,May,3,10.9976,76.9451,Minor
ACC2557,Assam,Guwahati,Heavy Rain,National Highway,Slippery,Night - Darkness,Heavy Truck,46,Male,No,90,21:40,Thursday,March,3,26.1336,91.6576,Minor
ACC2558,Tamil Nadu,Chennai,Sunny,State Highway,Dry,Daylight,Car,50,Male,Yes,70,02:50,Friday,March,0,13.1691,80.3183,Minor
ACC2559,Odisha,Bhubaneswar,Clear,City Road,Under Construction,Daylight,Car,50,Male,No,100,19:13,Saturday,December,0,20.2099,85.7796,Fatal
ACC2560,Assam,Guwahati,Clear,City Road,Dry,Daylight,Bus,48,Male,No,100,03:08,Sunday,January,1,26.0924,91.789,Serious
ACC2561,Assam,Guwahati,Sunny,Rural Road,Dry,Night - Street Lights On,Auto-Rickshaw,57,Male,Yes,100,09:51,Sunday,July,1,26.1762,91.7875,Fatal
ACC2562,Haryana,Gurugram,Foggy,Expressway,Wet,Twilight/Dusk,Auto-Rickshaw,42,Female,No,120,09:24,Friday,January,3,28.4392,77.0422,Serious
ACC2563,Bihar,Patna,Heavy Rain,Expressway,Slippery,Daylight,Auto-Rickshaw,57,Male,No,100,20:12,Thursday,October,3,25.5202,85.1224,Minor
ACC2564,Haryana,Gurugram,Heavy Rain,State Highway,Slippery,Night - Darkness,LCV,41,Female,Yes,70,17:35,Saturday,June,2,28.4948,77.0685,Serious
ACC2565,Punjab,Amritsar,Clear,City Road,Wet,Night - Darkness,Auto-Rickshaw,40,Male,Yes,70,21:40,Wednesday,March,3,31.6917,74.8665,Fatal
ACC2566,Tamil Nadu,Chennai,Clear,Rural Road,Gravel,Daylight,Car,21,Male,No,70,06:44,Monday,June,0,13.0604,80.1936,Minor
ACC2567,Maharashtra,Nagpur,Sunny,State Highway,Gravel,Daylight,Two-Wheeler,34,Male,No,40,18:57,Wednesday,January,0,21.1655,79.0702,Minor
ACC2568,Gujarat,Ahmedabad,Clear,State Highway,Dry,Daylight,Two-Wheeler,42,Male,No,80,23:31,Friday,March,2,23.0492,72.5748,Fatal
ACC2569,Rajasthan,Udaipur,Mist,City Road,Wet,Daylight,LCV,25,Male,No,100,06:30,Wednesday,June,1,24.6134,73.6522,Serious
ACC2570,Bihar,Patna,Sunny,Rural Road,Under Construction,Night - Darkness,Car,53,Male,No,120,18:14,Friday,May,2,25.6288,85.1827,Minor
ACC2571,Punjab,Amritsar,Sunny,Rural Road,Wet,Twilight/Dusk,Heavy Truck,25,Male,No,40,09:50,Sunday,June,0,31.6269,74.8061,Serious
ACC2572,Gujarat,Ahmedabad,Clear,City Road,Gravel,Night - Street Lights On,Two-Wheeler,47,Male,Yes,100,14:24,Saturday,December,3,23.1026,72.5164,Fatal
ACC2573,Uttar Pradesh,Varanasi,Clear,Rural Road,Dry,Daylight,Car,49,Male,No,100,18:06,Friday,October,2,25.3486,82.9597,Minor
ACC2574,Karnataka,Mysuru,Mist,City Road,Wet,Night - Street Lights On,Heavy Truck,68,Male,Yes,80,21:37,Wednesday,May,3,12.2432,76.5781,Serious
ACC2575,Maharashtra,Nagpur,Clear,Expressway,Wet,Daylight,Two-Wheeler,50,Male,No,50,10:57,Saturday,November,1,21.1383,79.0719,Minor
ACC2576,Gujarat,Surat,Mist,State Highway,Wet,Night - Darkness,Two-Wheeler,57,Male,No,80,18:57,Sunday,April,1,21.1291,72.8038,Serious
ACC2577,Jammu and Kashmir,Srinagar,Mist,Expressway,Wet,Night - Darkness,Two-Wheeler,27,Male,No,80,03:31,Thursday,January,3,34.1213,74.7593,Minor
ACC2578,Madhya Pradesh,Indore,Foggy,Expressway,Wet,Daylight,LCV,30,Female,No,120,01:37,Saturday,February,1,22.7496,75.8895,Minor
ACC2579,Delhi,New Delhi,Clear,National Highway,Dry,Twilight/Dusk,LCV,18,Male,Yes,50,11:32,Thursday,October,2,28.6022,77.2383,Fatal
ACC2580,Gujarat,Ahmedabad,Heavy Rain,Rural Road,Slippery,Daylight,Two-Wheeler,56,Male,No,40,05:04,Thursday,August,0,22.9759,72.6287,Serious
ACC2581,Punjab,Amritsar,Mist,Rural Road,Wet,Daylight,Car,18,Male,No,90,15:04,Saturday,March,0,31.6427,74.8183,Fatal
ACC2582,Gujarat,Ahmedabad,Clear,State Highway,Dry,Night - Street Lights On,Two-Wheeler,59,Male,No,90,12:29,Saturday,December,2,23.0408,72.5594,Fatal
ACC2583,Gujarat,Surat,Mist,State Highway,Wet,Night - Darkness,Two-Wheeler,58,Male,No,80,18:17,Sunday,April,1,21.1355,72.7846,Minor
ACC2584,Telangana,Hyderabad,Sunny,State Highway,Dry,Night - Street Lights On,Auto-Rickshaw,26,Female,Yes,70,23:07,Friday,March,2,17.4374,78.5221,Serious
ACC2585,Rajasthan,Jaipur,Clear,State Highway,Slippery,Daylight,Car,27,Male,No,60,19:51,Tuesday,March,1,26.8613,75.7619,Serious
ACC2586,Uttar Pradesh,Varanasi,Clear,National Highway,Wet,Night - Street Lights On,Heavy Truck,24,Female,No,40,20:24,Tuesday,February,3,25.2852,83.0002,Fatal
ACC2587,Kerala,Kochi,Clear,City Road,Wet,Night - Street Lights On,Heavy Truck,37,Male,No,90,22:03,Monday,January,0,9.8784,76.2389,Minor
ACC2588,Madhya Pradesh,Indore,Sunny,Expressway,Under Construction,Daylight,Two-Wheeler,39,Female,Yes,50,23:34,Monday,May,4,22.6869,75.8181,Fatal
ACC2589,Haryana,Gurugram,Foggy,National Highway,Wet,Night - Street Lights On,Car,58,Female,Yes,40,22:42,Friday,March,5,28.449,77.0757,Serious
ACC2590,Maharashtra,Pune,Clear,City Road,Gravel,Night - Street Lights On,LCV,34,Male,Yes,70,06:26,Saturday,October,1,18.5251,73.9,Minor
ACC2591,Kerala,Thiruvananthapuram,Clear,City Road,Wet,Night - Street Lights On,Auto-Rickshaw,63,Male,No,80,11:54,Saturday,December,1,8.5806,77.0173,Minor
ACC2592,Rajasthan,Jaipur,Clear,City Road,Wet,Daylight,Two-Wheeler,48,Male,No,120,20:11,Monday,January,1,26.9733,75.819,Fatal
ACC2593,Tamil Nadu,Madurai,Foggy,State Highway,Wet,Daylight,LCV,25,Male,No,100,15:29,Wednesday,March,0,9.8715,78.188,Serious
ACC2594,Uttar Pradesh,Varanasi,Clear,National Highway,Wet,Night - Street Lights On,Heavy Truck,30,Female,No,100,20:39,Tuesday,February,3,25.3187,83.026,Minor
ACC2595,Tamil Nadu,Chennai,Clear,Expressway,Dry,Daylight,Car,40,Male,No,90,22:22,Saturday,July,2,13.1072,80.2982,Serious
ACC2596,Tamil Nadu,Madurai,Sunny,City Road,Slippery,Daylight,Heavy Truck,57,Female,No,50,20:49,Sunday,February,1,9.9645,78.1862,Fatal
ACC2597,Maharashtra,Pune,Foggy,City Road,Wet,Night - Darkness,Two-Wheeler,20,Female,Yes,70,22:58,Friday,May,2,18.5483,73.877,Minor
ACC2598,Madhya Pradesh,Indore,Foggy,Expressway,Wet,Daylight,LCV,29,Female,No,50,02:01,Saturday,February,1,22.7727,75.8835,Minor
ACC2599,Punjab,Amritsar,Mist,Expressway,Wet,Night - Street Lights On,Two-Wheeler,27,Male,Yes,90,05:22,Thursday,August,6,31.5758,74.9122,Minor
ACC2600,Tamil Nadu,Madurai,Mist,State Highway,Wet,Daylight,Heavy Truck,46,Female,No,90,03:05,Thursday,May,0,9.8734,78.1261,Minor
ACC2601,Gujarat,Surat,Sunny,National Highway,Slippery,Daylight,Auto-Rickshaw,47,Male,No,70,09:19,Monday,July,2,21.1212,72.842,Minor
ACC2602,Gujarat,Surat,Mist,City Road,Wet,Twilight/Dusk,Bus,59,Female,No,60,11:44,Sunday,September,1,21.1073,72.8026,Minor
ACC2603,Rajasthan,Jaipur,Foggy,National Highway,Wet,Night - Darkness,LCV,19,Female,No,60,11:34,Monday,June,1,26.9143,75.8648,Minor
ACC2604,Tamil Nadu,Madurai,Mist,City Road,Wet,Daylight,Bus,63,Male,No,50,17:07,Wednesday,March,2,9.9849,78.0963,Minor
ACC2605,Kerala,Thiruvananthapuram,Foggy,City Road,Wet,Twilight/Dusk,Auto-Rickshaw,56,Female,No,40,22:29,Sunday,September,2,8.5644,76.8698,Serious
ACC2606,Tamil Nadu,Madurai,Mist,Expressway,Wet,Daylight,Auto-Rickshaw,40,Male,No,50,01:23,Sunday,July,2,9.8692,78.1475,Minor
ACC2607,Odisha,Bhubaneswar,Clear,Rural Road,Dry,Night - Darkness,Heavy Truck,39,Male,No,60,05:17,Saturday,July,3,20.2753,85.8059,Minor
ACC2608,Haryana,Gurugram,Clear,Rural Road,Dry,Night - Street Lights On,Auto-Rickshaw,43,Male,Yes,40,20:44,Monday,December,1,28.5273,77.1167,Serious
ACC2609,Tamil Nadu,Madurai,Mist,Expressway,Wet,Daylight,Auto-Rickshaw,42,Male,No,70,01:02,Sunday,July,2,9.8683,78.1481,Minor
ACC2610,Rajasthan,Jaipur,Foggy,National Highway,Wet,Night - Darkness,LCV,24,Female,No,90,11:54,Monday,June,1,26.9255,75.8567,Serious
ACC2611,Kerala,Kochi,Sunny,State Highway,Slippery,Night - Darkness,Bus,34,Male,No,40,03:22,Saturday,August,2,9.9989,76.2795,Serious
ACC2612,Punjab,Amritsar,Clear,City Road,Dry,Daylight,Auto-Rickshaw,49,Male,No,70,01:06,Wednesday,October,2,31.6708,74.9534,Serious
ACC2613,West Bengal,Kolkata,Clear,Rural Road,Dry,Twilight/Dusk,LCV,30,Female,No,70,02:42,Saturday,July,1,22.5158,88.3805,Fatal
ACC2614,Tamil Nadu,Coimbatore,Clear,Expressway,Dry,Daylight,Heavy Truck,48,Female,No,100,07:07,Wednesday,March,2,11.1129,76.9193,Fatal
ACC2615,Rajasthan,Jaipur,Foggy,Rural Road,Wet,Night - Street Lights On,LCV,54,Female,Yes,70,03:56,Saturday,November,3,26.9585,75.7614,Minor
ACC2616,Punjab,Amritsar,Clear,City Road,Wet,Twilight/Dusk,Heavy Truck,22,Male,No,80,18:56,Thursday,March,1,31.6885,74.9155,Fatal
ACC2617,Tamil Nadu,Coimbatore,Mist,Expressway,Wet,Twilight/Dusk,Car,46,Male,No,120,14:21,Monday,June,1,11.0128,76.9446,Fatal
ACC2618,Tamil Nadu,Chennai,Heavy Rain,Rural Road,Slippery,Twilight/Dusk,LCV,24,Female,No,120,10:16,Saturday,August,2,13.1702,80.2434,Serious
ACC2619,Tamil Nadu,Coimbatore,Clear,State Highway,Gravel,Daylight,Bus,66,Male,No,90,11:56,Sunday,June,2,11.0059,76.9381,Serious
ACC2620,Madhya Pradesh,Indore,Clear,Expressway,Dry,Daylight,Two-Wheeler,55,Female,Yes,100,06:32,Friday,October,2,22.646,75.8999,Minor
ACC2621,Kerala,Thiruvananthapuram,Clear,Expressway,Gravel,Daylight,Bus,46,Male,No,80,16:57,Wednesday,January,1,8.5299,76.9281,Minor
ACC2622,Assam,Guwahati,Heavy Rain,National Highway,Slippery,Night - Darkness,Heavy Truck,49,Male,No,60,22:09,Thursday,March,3,26.1394,91.6664,Fatal
ACC2623,Tamil Nadu,Madurai,Mist,Expressway,Wet,Daylight,Auto-Rickshaw,40,Male,No,80,01:31,Sunday,July,2,9.881,78.1677,Minor
ACC2624,West Bengal,Kolkata,Sunny,City Road,Gravel,Twilight/Dusk,Auto-Rickshaw,56,Female,No,50,15:18,Wednesday,April,2,22.6333,88.3865,Minor
ACC2625,Tamil Nadu,Chennai,Sunny,State Highway,Dry,Daylight,Car,57,Male,Yes,80,03:14,Friday,March,0,13.165,80.312,Fatal
ACC2626,Kerala,Thiruvananthapuram,Foggy,City Road,Wet,Twilight/Dusk,Auto-Rickshaw,48,Female,No,80,23:06,Sunday,September,2,8.5592,76.8813,Serious
ACC2627,Haryana,Gurugram,Foggy,Expressway,Wet,Twilight/Dusk,Auto-Rickshaw,44,Female,No,40,09:09,Friday,January,3,28.435,77.0395,Fatal
ACC2628,Tamil Nadu,Madurai,Mist,Expressway,Wet,Daylight,Auto-Rickshaw,40,Male,No,100,00:46,Sunday,July,2,9.8783,78.1704,Serious
ACC2629,Tamil Nadu,Madurai,Mist,City Road,Wet,Daylight,Bus,63,Male,No,40,17:21,Wednesday,March,2,9.9989,78.1085,Fatal
ACC2630,Uttar Pradesh,Varanasi,Clear,Rural Road,Dry,Daylight,Car,60,Female,No,120,18:09,Saturday,October,2,25.2358,82.9283,Minor
ACC2631,Punjab,Ludhiana,Sunny,Rural Road,Dry,Twilight/Dusk,Heavy Truck,60,Male,No,80,07:44,Monday,December,2,30.8691,75.922,Minor
ACC2632,Maharashtra,Nagpur,Clear,Expressway,Wet,Daylight,Two-Wheeler,49,Male,No,90,11:34,Saturday,November,1,21.1483,79.0681,Serious
ACC2633,Maharashtra,Mumbai,Heavy Rain,Expressway,Slippery,Night - Darkness,LCV,64,Male,No,120,21:25,Friday,July,4,19.0612,72.868,Minor
ACC2634,Tamil Nadu,Madurai,Mist,State Highway,Wet,Daylight,Heavy Truck,50,Female,No,50,02:36,Thursday,May,0,9.8916,78.1377,Minor
ACC2635,Uttar Pradesh,Varanasi,Clear,National Highway,Wet,Night - Street Lights On,Heavy Truck,22,Female,No,100,20:46,Tuesday,February,3,25.2817,83.0099,Fatal
ACC2636,Uttar Pradesh,Kanpur,Sunny,National Highway,Slippery,Night - Darkness,Two-Wheeler,50,Male,Yes,100,08:50,Tuesday,February,6,26.5339,80.3384,Serious
ACC2637,Madhya Pradesh,Indore,Clear,State Highway,Dry,Twilight/Dusk,LCV,66,Male,Yes,50,07:06,Friday,July,2,22.6934,75.8046,Fatal
ACC2638,Punjab,Ludhiana,Foggy,Rural Road,Wet,Daylight,Bus,43,Male,No,60,21:48,Monday,November,3,30.9092,75.8343,Serious
ACC2639,Gujarat,Surat,Foggy,Rural Road,Wet,Night - Darkness,Auto-Rickshaw,64,Female,No,90,05:16,Friday,January,1,21.0985,72.876,Fatal
ACC2640,Odisha,Bhubaneswar,Clear,Rural Road,Dry,Night - Darkness,Heavy Truck,33,Male,No,70,05:18,Saturday,July,3,20.2563,85.7814,Minor
ACC2641,Punjab,Amritsar,Heavy Rain,State Highway,Slippery,Daylight,Auto-Rickshaw,59,Female,No,80,06:46,Saturday,March,2,31.6327,74.8974,Fatal
ACC2642,Gujarat,Ahmedabad,Foggy,National Highway,Wet,Daylight,Heavy Truck,41,Female,No,60,18:03,Tuesday,June,2,23.0579,72.5853,Minor
ACC2643,Gujarat,Ahmedabad,Clear,National Highway,Gravel,Daylight,Heavy Truck,27,Male,No,60,11:30,Tuesday,August,3,23.0428,72.5748,Minor
ACC2644,Maharashtra,Mumbai,Clear,Expressway,Under Construction,Night - Darkness,Auto-Rickshaw,52,Male,Yes,60,17:09,Sunday,June,6,19.0297,72.8195,Serious
ACC2645,Uttar Pradesh,Varanasi,Clear,Rural Road,Dry,Daylight,Car,46,Male,No,40,18:36,Friday,October,2,25.3495,82.9723,Serious
ACC2646,Telangana,Hyderabad,Foggy,National Highway,Wet,Daylight,Bus,19,Male,No,80,12:39,Monday,May,3,17.4411,78.5674,Minor
ACC2647,Uttar Pradesh,Kanpur,Clear,State Highway,Slippery,Daylight,LCV,53,Female,No,70,10:08,Thursday,April,1,26.4301,80.2947,Minor
ACC2648,Rajasthan,Udaipur,Heavy Rain,Rural Road,Slippery,Night - Street Lights On,Auto-Rickshaw,65,Male,No,90,16:22,Wednesday,January,0,24.5391,73.7575,Minor
ACC2649,Tamil Nadu,Coimbatore,Sunny,Rural Road,Gravel,Daylight,Two-Wheeler,26,Male,No,60,21:09,Wednesday,August,2,10.9873,76.9749,Minor
ACC2650,Tamil Nadu,Chennai,Sunny,State Highway,Dry,Daylight,Car,50,Male,Yes,120,02:34,Friday,March,0,13.1555,80.3469,Minor
ACC2651,Punjab,Ludhiana,Mist,National Highway,Wet,Night - Street Lights On,Auto-Rickshaw,62,Male,No,50,22:20,Friday,February,3,30.9282,75.7851,Fatal
ACC2652,Tamil Nadu,Coimbatore,Clear,Rural Road,Under Construction,Twilight/Dusk,Bus,58,Male,No,70,01:37,Saturday,October,1,11.0413,76.9632,Minor
ACC2653,Maharashtra,Mumbai,Clear,Expressway,Under Construction,Night - Darkness,Auto-Rickshaw,50,Male,Yes,120,16:41,Sunday,June,6,19.0384,72.8319,Minor
ACC2654,Madhya Pradesh,Bhopal,Heavy Rain,State Highway,Slippery,Night - Darkness,Two-Wheeler,68,Male,No,70,00:50,Saturday,November,2,23.2838,77.3416,Serious
ACC2655,Gujarat,Ahmedabad,Clear,City Road,Under Construction,Night - Street Lights On,Heavy Truck,41,Female,No,60,04:43,Tuesday,October,2,23.085,72.5991,Serious
ACC2656,West Bengal,Kolkata,Foggy,State Highway,Wet,Daylight,Two-Wheeler,32,Male,No,100,00:51,Friday,July,1,22.5657,88.4309,Minor
ACC2657,Tamil Nadu,Chennai,Sunny,City Road,Under Construction,Daylight,Auto-Rickshaw,29,Male,No,120,15:52,Thursday,December,2,13.0873,80.2615,Minor
ACC2658,Karnataka,Bengaluru,Clear,Expressway,Slippery,Twilight/Dusk,LCV,55,Male,No,70,18:03,Wednesday,September,1,12.8993,77.5446,Minor
ACC2659,Punjab,Amritsar,Clear,State Highway,Wet,Daylight,Car,26,Male,No,50,08:09,Friday,December,0,31.6501,74.8125,Serious
ACC2660,Telangana,Hyderabad,Foggy,National Highway,Wet,Daylight,Bus,19,Male,No,50,12:31,Monday,May,3,17.4668,78.5455,Serious
ACC2661,Punjab,Ludhiana,Foggy,Rural Road,Wet,Daylight,Bus,40,Male,No,50,21:14,Monday,November,3,30.8808,75.8347,Minor
ACC2662,Tamil Nadu,Madurai,Foggy,State Highway,Wet,Daylight,LCV,20,Male,No,100,15:16,Wednesday,March,0,9.9017,78.1982,Fatal
ACC2663,Jammu and Kashmir,Srinagar,Clear,Rural Road,Dry,Daylight,Two-Wheeler,38,Female,No,80,09:47,Thursday,October,0,34.0417,74.7537,Minor
ACC2664,Gujarat,Ahmedabad,Clear,City Road,Gravel,Night - Street Lights On,Two-Wheeler,43,Male,Yes,100,14:03,Saturday,December,3,23.109,72.5009,Minor
ACC2665,Kerala,Thiruvananthapuram,Foggy,City Road,Wet,Twilight/Dusk,Auto-Rickshaw,53,Female,No,120,23:06,Sunday,September,2,8.5569,76.8756,Minor
ACC2666,West Bengal,Kolkata,Foggy,Expressway,Wet,Night - Street Lights On,Bus,32,Female,No,40,18:16,Friday,September,6,22.5789,88.3631,Minor
ACC2667,Punjab,Ludhiana,Foggy,Rural Road,Wet,Daylight,Bus,43,Male,No,90,21:53,Monday,November,3,30.8807,75.8581,Fatal
ACC2668,Tamil Nadu,Coimbatore,Sunny,Rural Road,Gravel,Daylight,Two-Wheeler,23,Male,No,40,20:58,Wednesday,August,2,11.001,77.0025,Serious
ACC2669,Punjab,Amritsar,Clear,City Road,Wet,Night - Darkness,Auto-Rickshaw,42,Male,Yes,70,21:06,Wednesday,March,3,31.6764,74.8717,Fatal
ACC2670,Telangana,Hyderabad,Sunny,State Highway,Dry,Night - Street Lights On,Auto-Rickshaw,32,Female,Yes,90,22:53,Friday,March,2,17.4653,78.5352,Minor
ACC2671,Gujarat,Surat,Sunny,National Highway,Wet,Night - Street Lights On,Two-Wheeler,40,Male,No,70,19:40,Friday,August,2,21.2119,72.7966,Serious
ACC2672,Madhya Pradesh,Indore,Foggy,National Highway,Wet,Night - Darkness,Heavy Truck,57,Male,No,40,12:15,Thursday,February,2,22.6819,75.852,Minor
ACC2673,Punjab,Amritsar,Mist,Rural Road,Wet,Daylight,Car,25,Male,No,80,15:07,Saturday,March,0,31.6465,74.8301,Minor
ACC2674,Uttar Pradesh,Kanpur,Heavy Rain,Rural Road,Slippery,Daylight,LCV,47,Male,No,50,19:25,Thursday,November,1,26.4288,80.4181,Minor
ACC2675,Maharashtra,Pune,Clear,National Highway,Dry,Night - Darkness,Car,55,Male,Yes,50,00:43,Friday,August,4,18.5263,73.924,Serious
ACC2676,Uttar Pradesh,Varanasi,Clear,Rural Road,Dry,Daylight,Car,61,Female,No,90,18:01,Saturday,October,2,25.2439,82.9543,Fatal
ACC2677,Kerala,Thiruvananthapuram,Clear,National Highway,Dry,Night - Darkness,Bus,28,Male,Yes,100,14:03,Thursday,March,4,8.5147,76.9879,Fatal
ACC2678,Uttar Pradesh,Kanpur,Clear,State Highway,Gravel,Daylight,Car,58,Female,No,90,10:24,Thursday,November,0,26.4706,80.2461,Serious
ACC2679,Maharashtra,Nagpur,Clear,State Highway,Dry,Daylight,Bus,65,Male,No,40,19:13,Friday,July,1,21.1825,79.0387,Minor
ACC2680,Kerala,Thiruvananthapuram,Clear,City Road,Wet,Night - Street Lights On,Heavy Truck,33,Male,No,120,17:40,Saturday,March,0,8.6156,76.9264,Serious
ACC2681,Rajasthan,Jaipur,Sunny,State Highway,Dry,Night - Darkness,Two-Wheeler,42,Male,Yes,40,17:59,Friday,July,3,26.9539,75.7916,Minor
ACC2682,Kerala,Thiruvananthapuram,Clear,National Highway,Dry,Night - Darkness,Bus,28,Male,Yes,90,13:49,Thursday,March,4,8.5246,77.0107,Serious
ACC2683,Tamil Nadu,Chennai,Clear,Expressway,Dry,Daylight,Car,40,Male,No,100,22:04,Saturday,July,2,13.0934,80.2766,Minor
ACC2684,Gujarat,Surat,Sunny,National Highway,Wet,Night - Street Lights On,Two-Wheeler,40,Male,No,50,20:02,Friday,August,2,21.2056,72.8114,Minor
ACC2685,Maharashtra,Nagpur,Clear,State Highway,Wet,Daylight,Two-Wheeler,61,Female,No,40,00:25,Monday,August,2,21.1199,79.0728,Minor
ACC2686,Madhya Pradesh,Indore,Clear,State Highway,Dry,Twilight/Dusk,LCV,62,Male,Yes,50,07:50,Friday,July,2,22.7011,75.7828,Minor
ACC2687,Gujarat,Ahmedabad,Clear,City Road,Under Construction,Night - Street Lights On,Heavy Truck,43,Female,No,100,04:01,Tuesday,October,2,23.0744,72.6141,Serious
ACC2688,Tamil Nadu,Chennai,Sunny,City Road,Under Construction,Daylight,Auto-Rickshaw,30,Male,No,80,15:37,Thursday,December,2,13.087,80.2436,Minor
ACC2689,West Bengal,Kolkata,Clear,State Highway,Wet,Night - Street Lights On,LCV,27,Male,Yes,100,13:41,Thursday,February,1,22.5084,88.3502,Fatal
ACC2690,Maharashtra,Pune,Clear,City Road,Gravel,Night - Street Lights On,LCV,32,Male,Yes,60,05:53,Saturday,October,1,18.4895,73.8764,Fatal
ACC2691,Assam,Guwahati,Clear,State Highway,Slippery,Twilight/Dusk,Car,41,Male,No,50,14:54,Wednesday,January,1,26.0703,91.6649,Minor
ACC2692,Rajasthan,Udaipur,Heavy Rain,Rural Road,Slippery,Night - Darkness,Heavy Truck,56,Male,No,70,23:05,Sunday,July,2,24.5637,73.6275,Minor
ACC2693,West Bengal,Kolkata,Heavy Rain,Rural Road,Slippery,Night - Darkness,Two-Wheeler,43,Male,No,90,23:06,Wednesday,October,3,22.6381,88.3244,Fatal
ACC2694,Punjab,Amritsar,Foggy,National Highway,Wet,Night - Darkness,Car,37,Male,Yes,40,22:00,Saturday,December,3,31.6836,74.8786,Fatal
ACC2695,Haryana,Gurugram,Heavy Rain,State Highway,Slippery,Night - Darkness,LCV,40,Female,Yes,70,17:32,Saturday,June,2,28.4728,77.0717,Minor
ACC2696,Punjab,Amritsar,Clear,City Road,Wet,Night - Darkness,Auto-Rickshaw,45,Male,Yes,60,21:01,Wednesday,March,3,31.695,74.8664,Fatal
ACC2697,Tamil Nadu,Coimbatore,Clear,National Highway,Wet,Night - Darkness,Car,50,Male,No,90,18:13,Wednesday,November,2,11.1107,76.9464,Fatal
ACC2698,Kerala,Thiruvananthapuram,Clear,Expressway,Gravel,Daylight,Bus,49,Male,No,90,16:41,Wednesday,January,1,8.5374,76.9429,Serious
ACC2699,West Bengal,Kolkata,Foggy,State Highway,Wet,Daylight,Two-Wheeler,30,Male,No,70,01:30,Friday,July,1,22.5597,88.4425,Serious
ACC2700,Gujarat,Surat,Sunny,National Highway,Slippery,Daylight,Auto-Rickshaw,46,Male,No,120,09:53,Monday,July,2,21.1182,72.8282,Fatal
ACC2701,Uttar Pradesh,Kanpur,Sunny,National Highway,Slippery,Night - Darkness,Two-Wheeler,55,Male,Yes,60,09:12,Tuesday,February,6,26.5261,80.3385,Minor
ACC2702,Uttar Pradesh,Kanpur,Heavy Rain,Rural Road,Slippery,Daylight,LCV,40,Male,No,40,19:32,Thursday,November,1,26.4103,80.3911,Serious
ACC2703,Gujarat,Ahmedabad,Clear,National Highway,Gravel,Daylight,Heavy Truck,25,Male,No,90,11:06,Tuesday,August,3,23.0423,72.5844,Minor
ACC2704,Maharashtra,Nagpur,Clear,State Highway,Dry,Daylight,Bus,64,Male,No,90,19:24,Friday,July,1,21.1815,79.0666,Serious
ACC2705,Punjab,Amritsar,Clear,City Road,Dry,Daylight,Auto-Rickshaw,47,Male,No,90,01:15,Wednesday,October,2,31.6782,74.9544,Minor
ACC2706,Maharashtra,Nagpur,Clear,Expressway,Wet,Daylight,Two-Wheeler,52,Male,No,120,11:40,Saturday,November,1,21.1208,79.0597,Minor
ACC2707,Bihar,Patna,Foggy,State Highway,Wet,Twilight/Dusk,Two-Wheeler,53,Male,Yes,60,13:09,Friday,April,3,25.5631,85.1062,Minor
ACC2708,Punjab,Ludhiana,Sunny,State Highway,Gravel,Daylight,Two-Wheeler,27,Male,No,120,00:02,Friday,October,1,30.9724,75.8819,Serious
ACC2709,Rajasthan,Jaipur,Sunny,State Highway,Dry,Night - Darkness,Two-Wheeler,43,Male,Yes,120,18:40,Friday,July,3,26.9391,75.7992,Minor
ACC2710,Maharashtra,Pune,Heavy Rain,National Highway,Slippery,Night - Darkness,LCV,19,Male,Yes,120,02:07,Wednesday,October,6,18.599,73.9106,Minor
ACC2711,Tamil Nadu,Coimbatore,Sunny,Rural Road,Gravel,Daylight,Two-Wheeler,23,Male,No,70,20:58,Wednesday,August,2,10.9959,76.9713,Fatal
ACC2712,Maharashtra,Mumbai,Clear,Rural Road,Dry,Daylight,LCV,53,Female,No,90,18:40,Saturday,August,0,19.1625,72.9035,Minor
ACC2713,Kerala,Thiruvananthapuram,Clear,Expressway,Gravel,Daylight,Bus,49,Male,No,50,16:20,Wednesday,January,1,8.538,76.935,Serious
ACC2714,Gujarat,Ahmedabad,Clear,City Road,Under Construction,Night - Street Lights On,Heavy Truck,47,Female,No,80,04:53,Tuesday,October,2,23.1076,72.6065,Minor
ACC2715,Kerala,Thiruvananthapuram,Heavy Rain,City Road,Slippery,Night - Street Lights On,Two-Wheeler,49,Male,Yes,70,16:49,Thursday,November,1,8.5412,76.977,Minor
ACC2716,Madhya Pradesh,Indore,Clear,State Highway,Slippery,Night - Street Lights On,Auto-Rickshaw,37,Male,No,120,05:22,Sunday,September,0,22.7107,75.8672,Fatal
ACC2717,Uttar Pradesh,Kanpur,Heavy Rain,Rural Road,Slippery,Daylight,LCV,47,Male,No,70,19:47,Thursday,November,1,26.4194,80.4051,Serious
ACC2718,Kerala,Thiruvananthapuram,Heavy Rain,City Road,Slippery,Night - Street Lights On,Two-Wheeler,43,Male,Yes,90,16:47,Thursday,November,1,8.5249,76.9836,Minor
ACC2719,Gujarat,Ahmedabad,Clear,City Road,Gravel,Night - Street Lights On,Two-Wheeler,46,Male,Yes,120,14:05,Saturday,December,3,23.0894,72.5029,Minor
ACC2720,Punjab,Amritsar,Clear,City Road,Wet,Twilight/Dusk,Heavy Truck,18,Male,No,80,18:46,Thursday,March,1,31.6867,74.9359,Minor
ACC2721,Rajasthan,Udaipur,Heavy Rain,Rural Road,Slippery,Night - Street Lights On,Auto-Rickshaw,63,Male,No,50,17:13,Wednesday,January,0,24.5549,73.7735,Minor
ACC2722,Rajasthan,Jaipur,Foggy,National Highway,Wet,Night - Darkness,LCV,18,Female,No,100,11:23,Monday,June,1,26.8953,75.8666,Fatal
ACC2723,Kerala,Thiruvananthapuram,Clear,City Road,Wet,Night - Street Lights On,Auto-Rickshaw,57,Male,No,100,12:10,Saturday,December,1,8.5961,76.9984,Minor
ACC2724,Uttar Pradesh,Lucknow,Mist,Expressway,Wet,Twilight/Dusk,Heavy Truck,45,Male,No,50,14:20,Friday,October,3,26.8334,81.0295,Serious
ACC2725,Tamil Nadu,Coimbatore,Foggy,National Highway,Wet,Night - Street Lights On,Heavy Truck,61,Female,Yes,120,09:47,Thursday,April,2,11.0337,76.9212,Minor
ACC2726,Gujarat,Ahmedabad,Clear,State Highway,Dry,Night - Street Lights On,Two-Wheeler,57,Male,No,60,12:03,Saturday,December,2,23.0482,72.5444,Minor
ACC2727,Tamil Nadu,Coimbatore,Clear,Rural Road,Wet,Daylight,Heavy Truck,26,Male,No,60,19:43,Monday,September,2,10.9712,76.9889,Fatal
ACC2728,Tamil Nadu,Coimbatore,Clear,Rural Road,Under Construction,Twilight/Dusk,Bus,56,Male,No,120,02:10,Saturday,October,1,11.0433,76.9725,Serious
ACC2729,Rajasthan,Jaipur,Clear,State Highway,Dry,Night - Street Lights On,Car,59,Male,No,40,14:03,Saturday,March,0,26.8409,75.7181,Minor
ACC2730,Uttar Pradesh,Lucknow,Clear,National Highway,Under Construction,Night - Darkness,Two-Wheeler,35,Male,Yes,40,01:50,Friday,November,2,26.9291,80.9657,Minor
ACC2731,Assam,Guwahati,Sunny,Rural Road,Dry,Night - Street Lights On,Auto-Rickshaw,60,Male,Yes,80,10:22,Sunday,July,1,26.172,91.7898,Minor
ACC2732,Rajasthan,Jaipur,Sunny,Rural Road,Slippery,Night - Darkness,Bus,30,Male,No,120,01:08,Saturday,August,3,26.9146,75.7634,Minor
ACC2733,Tamil Nadu,Chennai,Clear,Rural Road,Gravel,Daylight,Car,18,Male,No,100,07:00,Monday,June,0,13.0615,80.2159,Minor
ACC2734,Punjab,Amritsar,Heavy Rain,State Highway,Slippery,Daylight,Auto-Rickshaw,61,Female,No,70,06:51,Saturday,March,2,31.6109,74.9027,Minor
ACC2735,Haryana,Gurugram,Clear,Rural Road,Dry,Night - Street Lights On,Auto-Rickshaw,39,Male,Yes,120,20:00,Monday,December,1,28.5047,77.0813,Minor
ACC2736,West Bengal,Kolkata,Foggy,State Highway,Wet,Daylight,Two-Wheeler,33,Male,No,50,01:13,Friday,July,1,22.5576,88.4532,Serious
ACC2737,Uttar Pradesh,Lucknow,Mist,Expressway,Wet,Twilight/Dusk,Heavy Truck,43,Male,No,80,13:24,Friday,October,3,26.8253,81.0203,Serious
ACC2738,Uttar Pradesh,Varanasi,Clear,City Road,Under Construction,Night - Street Lights On,LCV,38,Male,No,80,21:21,Tuesday,February,1,25.3251,82.9913,Serious
ACC2739,Madhya Pradesh,Bhopal,Heavy Rain,State Highway,Slippery,Night - Darkness,Two-Wheeler,61,Male,No,70,01:14,Saturday,November,2,23.3038,77.3654,Minor
ACC2740,Delhi,New Delhi,Heavy Rain,State Highway,Slippery,Night - Darkness,Heavy Truck,29,Female,No,100,18:01,Friday,May,3,28.6844,77.1669,Minor
ACC2741,Gujarat,Ahmedabad,Clear,National Highway,Gravel,Daylight,Heavy Truck,28,Male,No,70,11:13,Tuesday,August,3,23.0434,72.5627,Minor
ACC2742,Maharashtra,Mumbai,Foggy,Expressway,Wet,Twilight/Dusk,LCV,19,Male,No,90,14:05,Tuesday,August,1,19.0333,72.7989,Serious
ACC2743,Karnataka,Bengaluru,Sunny,Expressway,Under Construction,Night - Darkness,LCV,54,Male,Yes,120,04:36,Saturday,October,6,13.0427,77.6092,Minor
ACC2744,Telangana,Hyderabad,Clear,Rural Road,Gravel,Night - Darkness,Car,56,Male,No,70,20:34,Thursday,September,1,17.372,78.4926,Serious
ACC2745,Gujarat,Ahmedabad,Clear,State Highway,Dry,Night - Street Lights On,Two-Wheeler,54,Male,No,50,11:51,Saturday,December,2,23.0404,72.5631,Minor
ACC2746,Haryana,Gurugram,Heavy Rain,State Highway,Slippery,Night - Darkness,LCV,44,Female,Yes,80,17:21,Saturday,June,2,28.4809,77.0825,Minor
ACC2747,Maharashtra,Pune,Clear,National Highway,Dry,Night - Darkness,Car,58,Male,Yes,120,00:37,Friday,August,4,18.5279,73.9165,Minor
ACC2748,Madhya Pradesh,Indore,Clear,Expressway,Slippery,Night - Darkness,Two-Wheeler,42,Male,No,120,05:41,Wednesday,February,4,22.7572,75.8412,Serious
ACC2749,Tamil Nadu,Madurai,Sunny,City Road,Slippery,Daylight,Heavy Truck,62,Female,No,50,20:34,Sunday,February,1,9.9475,78.1563,Serious
ACC2750,Punjab,Amritsar,Clear,City Road,Dry,Daylight,Auto-Rickshaw,47,Male,No,80,00:32,Wednesday,October,2,31.6514,74.9374,Fatal
ACC2751,Kerala,Kochi,Clear,State Highway,Dry,Daylight,Heavy Truck,37,Male,No,100,23:30,Tuesday,March,1,10.0132,76.1762,Fatal
ACC2752,Punjab,Amritsar,Clear,State Highway,Wet,Daylight,Car,29,Male,No,100,07:54,Friday,December,0,31.6809,74.8324,Minor
ACC2753,Delhi,New Delhi,Clear,Expressway,Wet,Daylight,Two-Wheeler,21,Female,No,100,02:08,Monday,December,1,28.6947,77.2134,Minor
ACC2754,Gujarat,Ahmedabad,Clear,City Road,Gravel,Night - Street Lights On,Two-Wheeler,47,Male,Yes,90,14:19,Saturday,December,3,23.1106,72.497,Minor
ACC2755,Gujarat,Surat,Mist,City Road,Wet,Twilight/Dusk,Bus,60,Female,No,120,11:41,Sunday,September,1,21.1087,72.8189,Minor
ACC2756,Uttar Pradesh,Varanasi,Clear,City Road,Under Construction,Night - Street Lights On,LCV,35,Male,No,40,21:35,Tuesday,February,1,25.2994,82.9764,Serious
ACC2757,Karnataka,Mysuru,Mist,State Highway,Wet,Daylight,Heavy Truck,40,Male,No,120,13:57,Sunday,February,0,12.3558,76.5746,Minor
ACC2758,Uttarakhand,Dehradun,Clear,Rural Road,Slippery,Night - Darkness,Two-Wheeler,37,Male,No,120,17:29,Saturday,September,2,30.3622,78.1078,Minor
ACC2759,West Bengal,Kolkata,Sunny,City Road,Gravel,Twilight/Dusk,Auto-Rickshaw,51,Female,No,100,15:27,Wednesday,April,2,22.6538,88.3725,Minor
ACC2760,Gujarat,Ahmedabad,Clear,State Highway,Dry,Daylight,Two-Wheeler,41,Male,No,120,23:13,Friday,March,2,23.0586,72.5709,Serious
ACC2761,Rajasthan,Jaipur,Clear,State Highway,Gravel,Night - Street Lights On,Two-Wheeler,28,Female,No,120,04:21,Sunday,March,0,26.8768,75.8537,Minor
ACC2762,Rajasthan,Jaipur,Foggy,City Road,Wet,Daylight,LCV,52,Male,No,120,05:30,Thursday,June,1,26.8708,75.8169,Minor
ACC2763,Rajasthan,Udaipur,Heavy Rain,National Highway,Slippery,Twilight/Dusk,Bus,31,Female,No,120,02:54,Wednesday,February,6,24.5394,73.6496,Fatal
ACC2764,Gujarat,Surat,Sunny,National Highway,Slippery,Daylight,Auto-Rickshaw,47,Male,No,120,09:46,Monday,July,2,21.1226,72.8458,Minor
ACC2765,Tamil Nadu,Coimbatore,Clear,Rural Road,Under Construction,Twilight/Dusk,Bus,57,Male,No,100,01:53,Saturday,October,1,11.0488,76.958,Minor
ACC2766,Assam,Guwahati,Clear,City Road,Dry,Daylight,Bus,40,Male,No,100,03:51,Sunday,January,1,26.0866,91.8013,Minor
ACC2767,Uttar Pradesh,Varanasi,Mist,Expressway,Wet,Night - Darkness,Two-Wheeler,54,Female,No,100,12:29,Wednesday,April,4,25.3893,82.9251,Fatal
ACC2768,Tamil Nadu,Chennai,Sunny,State Highway,Dry,Daylight,Car,50,Male,Yes,120,02:47,Friday,March,0,13.1691,80.332,Minor
ACC2769,Kerala,Thiruvananthapuram,Foggy,National Highway,Wet,Twilight/Dusk,Bus,41,Male,No,40,03:06,Friday,April,6,8.4658,76.8564,Serious
ACC2770,Kerala,Thiruvananthapuram,Heavy Rain,National Highway,Slippery,Night - Darkness,Auto-Rickshaw,31,Male,No,80,08:13,Wednesday,February,4,8.5424,76.9875,Minor
ACC2771,Delhi,New Delhi,Clear,National Highway,Dry,Twilight/Dusk,LCV,19,Male,Yes,50,11:10,Thursday,October,2,28.6197,77.2635,Serious
ACC2772,Rajasthan,Jaipur,Clear,State Highway,Dry,Night - Street Lights On,Car,64,Male,No,70,14:07,Saturday,March,0,26.8736,75.7142,Minor
ACC2773,Tamil Nadu,Madurai,Mist,City Road,Wet,Daylight,Bus,60,Male,No,90,17:33,Wednesday,March,2,9.9753,78.0974,Minor
ACC2774,Maharashtra,Mumbai,Clear,Rural Road,Dry,Daylight,LCV,53,Female,No,100,18:32,Saturday,August,0,19.1513,72.9197,Minor
ACC2775,Rajasthan,Udaipur,Heavy Rain,Rural Road,Slippery,Night - Darkness,Heavy Truck,56,Male,No,90,23:13,Sunday,July,2,24.5692,73.6591,Minor
ACC2776,Gujarat,Surat,Mist,State Highway,Wet,Night - Darkness,Two-Wheeler,61,Male,No,90,18:17,Sunday,April,1,21.1456,72.8029,Minor
ACC2777,Kerala,Kochi,Clear,City Road,Wet,Night - Street Lights On,Heavy Truck,38,Male,No,80,22:08,Monday,January,0,9.8693,76.2556,Minor
ACC2778,Rajasthan,Jaipur,Mist,City Road,Wet,Night - Darkness,Car,34,Male,Yes,80,02:13,Friday,April,3,26.9883,75.7474,Minor
ACC2779,Uttar Pradesh,Varanasi,Clear,Rural Road,Dry,Daylight,Car,52,Male,No,80,18:16,Friday,October,2,25.3697,82.9542,Serious
ACC2780,Telangana,Hyderabad,Foggy,National Highway,Wet,Daylight,Bus,21,Male,No,40,12:55,Monday,May,3,17.4487,78.5615,Minor
ACC2781,Uttar Pradesh,Varanasi,Mist,Expressway,Wet,Night - Darkness,Two-Wheeler,49,Female,No,70,12:25,Wednesday,April,4,25.3904,82.9569,Minor
ACC2782,Tamil Nadu,Madurai,Foggy,State Highway,Wet,Daylight,LCV,22,Male,No,80,15:36,Wednesday,March,0,9.8844,78.2089,Minor
ACC2783,Punjab,Ludhiana,Sunny,State Highway,Gravel,Daylight,Two-Wheeler,29,Male,No,120,00:48,Friday,October,1,30.9705,75.8875,Minor
ACC2784,Madhya Pradesh,Bhopal,Heavy Rain,State Highway,Slippery,Night - Darkness,Two-Wheeler,62,Male,No,40,00:53,Saturday,November,2,23.2898,77.3609,Fatal
ACC2785,Tamil Nadu,Chennai,Sunny,State Highway,Dry,Daylight,Car,50,Male,Yes,60,02:59,Friday,March,0,13.1571,80.3363,Minor
ACC2786,Rajasthan,Jaipur,Clear,State Highway,Dry,Night - Street Lights On,Car,65,Male,No,120,13:58,Saturday,March,0,26.8406,75.7145,Minor
ACC2787,Assam,Guwahati,Clear,Rural Road,Dry,Night - Darkness,Two-Wheeler,59,Male,Yes,90,22:33,Wednesday,June,2,26.1558,91.6663,Fatal
ACC2788,Tamil Nadu,Madurai,Mist,State Highway,Wet,Daylight,Heavy Truck,53,Female,No,80,02:16,Thursday,May,0,9.9073,78.1241,Minor
ACC2789,Tamil Nadu,Coimbatore,Foggy,State Highway,Wet,Night - Street Lights On,LCV,26,Male,Yes,90,07:31,Sunday,May,3,10.9926,76.9545,Serious
ACC2790,Madhya Pradesh,Indore,Clear,Expressway,Dry,Daylight,Two-Wheeler,55,Female,Yes,40,06:37,Friday,October,2,22.6639,75.8781,Serious
ACC2791,Delhi,New Delhi,Clear,Expressway,Wet,Daylight,Two-Wheeler,24,Female,No,60,01:53,Monday,December,1,28.6921,77.2122,Minor
ACC2792,Maharashtra,Pune,Clear,National Highway,Dry,Night - Darkness,Car,55,Male,Yes,120,00:25,Friday,August,4,18.519,73.9182,Serious
ACC2793,Madhya Pradesh,Indore,Clear,State Highway,Slippery,Night - Street Lights On,Auto-Rickshaw,42,Male,No,50,05:55,Sunday,September,0,22.706,75.8633,Serious
ACC2794,Karnataka,Bengaluru,Clear,Expressway,Slippery,Twilight/Dusk,LCV,55,Male,No,60,17:58,Wednesday,September,1,12.8768,77.5345,Serious
ACC2795,Bihar,Patna,Heavy Rain,Rural Road,Slippery,Daylight,Heavy Truck,38,Male,No,90,11:54,Wednesday,December,3,25.652,85.1194,Minor
ACC2796,Delhi,New Delhi,Clear,Rural Road,Wet,Daylight,Heavy Truck,47,Male,No,60,12:55,Wednesday,September,0,28.6049,77.2894,Fatal
ACC2797,Punjab,Ludhiana,Foggy,Rural Road,Wet,Daylight,Bus,41,Male,No,70,21:33,Monday,November,3,30.8743,75.8361,Fatal
ACC2798,Gujarat,Ahmedabad,Heavy Rain,Rural Road,Slippery,Daylight,Two-Wheeler,63,Male,No,100,05:09,Thursday,August,0,22.9971,72.6506,Serious
ACC2799,Kerala,Kochi,Clear,State Highway,Dry,Daylight,Heavy Truck,67,Female,No,50,10:52,Tuesday,September,1,9.9959,76.3069,Serious
ACC2800,Madhya Pradesh,Indore,Sunny,Expressway,Under Construction,Daylight,Two-Wheeler,33,Female,Yes,40,23:30,Monday,May,4,22.6584,75.798,Minor
ACC2801,Gujarat,Surat,Clear,National Highway,Under Construction,Night - Darkness,Two-Wheeler,42,Male,No,70,10:20,Wednesday,May,2,21.1323,72.8896,Serious
ACC2802,Rajasthan,Jaipur,Clear,State Highway,Slippery,Daylight,Car,25,Male,No,40,19:54,Tuesday,March,1,26.8637,75.7466,Fatal
ACC2803,Tamil Nadu,Madurai,Mist,City Road,Wet,Daylight,Bus,62,Male,No,70,17:17,Wednesday,March,2,9.9906,78.0958,Fatal
ACC2804,Tamil Nadu,Coimbatore,Sunny,City Road,Dry,Night - Street Lights On,Car,19,Male,No,120,16:41,Sunday,September,1,11.061,76.883,Minor
ACC2805,Kerala,Kochi,Clear,State Highway,Dry,Daylight,Heavy Truck,32,Male,No,60,23:07,Tuesday,March,1,9.9978,76.1771,Minor
ACC2806,Rajasthan,Jaipur,Foggy,City Road,Wet,Daylight,LCV,54,Male,No,50,06:11,Thursday,June,1,26.8462,75.7984,Minor
ACC2807,Punjab,Amritsar,Clear,City Road,Dry,Daylight,Auto-Rickshaw,47,Male,No,90,01:07,Wednesday,October,2,31.6652,74.9413,Fatal
ACC2808,Maharashtra,Pune,Clear,State Highway,Gravel,Night - Street Lights On,Two-Wheeler,40,Female,No,100,21:13,Monday,March,0,18.5093,73.8749,Minor
ACC2809,Kerala,Thiruvananthapuram,Clear,National Highway,Dry,Night - Darkness,Bus,24,Male,Yes,120,14:24,Thursday,March,4,8.5194,77.004,Minor
ACC2810,Kerala,Thiruvananthapuram,Foggy,Rural Road,Wet,Twilight/Dusk,Auto-Rickshaw,41,Male,No,60,15:16,Wednesday,September,1,8.4659,76.8537,Fatal
ACC2811,Gujarat,Surat,Clear,State Highway,Slippery,Night - Darkness,LCV,28,Male,Yes,40,17:06,Tuesday,September,3,21.1936,72.898,Minor
ACC2812,Delhi,New Delhi,Clear,Expressway,Wet,Daylight,Two-Wheeler,19,Female,No,120,01:18,Monday,December,1,28.7002,77.2038,Serious
ACC2813,Karnataka,Bengaluru,Heavy Rain,State Highway,Slippery,Daylight,Two-Wheeler,60,Female,No,40,07:08,Sunday,June,0,12.8894,77.6588,Serious
ACC2814,Uttar Pradesh,Varanasi,Clear,National Highway,Gravel,Daylight,Car,28,Male,No,70,00:12,Sunday,March,1,25.3936,83.0092,Serious
ACC2815,Tamil Nadu,Chennai,Clear,Expressway,Dry,Daylight,Car,38,Male,No,50,21:56,Saturday,July,2,13.0823,80.3105,Serious
ACC2816,Kerala,Thiruvananthapuram,Clear,City Road,Wet,Night - Street Lights On,Heavy Truck,31,Male,No,40,18:08,Saturday,March,0,8.5998,76.9509,Fatal
ACC2817,Jammu and Kashmir,Srinagar,Clear,Rural Road,Dry,Daylight,Two-Wheeler,35,Female,No,70,10:27,Thursday,October,0,34.018,74.7845,Serious
ACC2818,Kerala,Thiruvananthapuram,Foggy,City Road,Wet,Twilight/Dusk,Auto-Rickshaw,53,Female,No,80,22:54,Sunday,September,2,8.5649,76.8808,Fatal
ACC2819,Uttar Pradesh,Kanpur,Clear,State Highway,Dry,Night - Street Lights On,Heavy Truck,27,Male,No,60,11:52,Tuesday,August,2,26.3912,80.3583,Fatal
ACC2820,Assam,Guwahati,Heavy Rain,National Highway,Slippery,Night - Darkness,Heavy Truck,45,Male,No,90,21:59,Thursday,March,3,26.1403,91.6587,Minor
ACC2821,Punjab,Amritsar,Clear,State Highway,Wet,Daylight,Car,30,Male,No,60,07:22,Friday,December,0,31.6594,74.8228,Serious
ACC2822,Maharashtra,Nagpur,Clear,State Highway,Dry,Daylight,Bus,62,Male,No,70,18:53,Friday,July,1,21.1684,79.0637,Fatal
ACC2823,Uttar Pradesh,Varanasi,Mist,Expressway,Wet,Night - Darkness,Two-Wheeler,53,Female,No,90,12:25,Wednesday,April,4,25.3821,82.951,Minor
ACC2824,Maharashtra,Mumbai,Clear,National Highway,Under Construction,Daylight,Bus,35,Male,No,60,16:30,Wednesday,August,1,19.0655,72.8594,Minor
ACC2825,Karnataka,Bengaluru,Clear,State Highway,Slippery,Night - Street Lights On,LCV,34,Male,No,80,21:50,Tuesday,February,2,12.8939,77.6478,Minor
ACC2826,Gujarat,Surat,Clear,National Highway,Under Construction,Night - Darkness,Two-Wheeler,41,Male,No,90,11:09,Wednesday,May,2,21.1545,72.8886,Minor
ACC2827,Uttar Pradesh,Lucknow,Heavy Rain,State Highway,Slippery,Twilight/Dusk,Heavy Truck,36,Male,No,90,13:13,Thursday,June,1,26.8786,80.9445,Serious
ACC2828,Rajasthan,Udaipur,Heavy Rain,National Highway,Slippery,Twilight/Dusk,Bus,37,Female,No,40,02:07,Wednesday,February,6,24.5635,73.6478,Minor
ACC2829,Assam,Guwahati,Mist,Expressway,Wet,Night - Darkness,Two-Wheeler,53,Male,Yes,60,13:56,Friday,October,6,26.1012,91.7614,Serious
ACC2830,Kerala,Kochi,Clear,State Highway,Dry,Daylight,Heavy Truck,33,Male,No,90,23:25,Tuesday,March,1,10.0039,76.2053,Serious
ACC2831,Kerala,Thiruvananthapuram,Foggy,National Highway,Wet,Twilight/Dusk,Bus,44,Male,No,60,02:55,Friday,April,6,8.4739,76.8907,Serious
ACC2832,Maharashtra,Mumbai,Mist,City Road,Wet,Daylight,Car,62,Male,Yes,80,06:12,Thursday,August,1,19.0268,72.8238,Serious
ACC2833,Tamil Nadu,Coimbatore,Heavy Rain,Expressway,Slippery,Night - Darkness,Car,33,Female,No,120,14:54,Thursday,July,2,11.0053,76.9389,Minor
ACC2834,Maharashtra,Mumbai,Mist,City Road,Wet,Daylight,Car,63,Male,Yes,90,06:22,Thursday,August,1,19.0413,72.8267,Serious
ACC2835,Punjab,Ludhiana,Heavy Rain,State Highway,Slippery,Daylight,Auto-Rickshaw,63,Male,No,50,09:37,Friday,April,0,30.8441,75.871,Minor
ACC2836,Uttar Pradesh,Kanpur,Clear,State Highway,Gravel,Daylight,Car,56,Female,No,70,10:34,Thursday,November,0,26.4798,80.2493,Serious
ACC2837,Telangana,Hyderabad,Clear,State Highway,Dry,Daylight,Bus,47,Male,No,100,04:32,Wednesday,February,2,17.3831,78.4676,Minor
ACC2838,Tamil Nadu,Chennai,Sunny,City Road,Under Construction,Daylight,Auto-Rickshaw,30,Male,No,50,15:49,Thursday,December,2,13.0542,80.2579,Minor
ACC2839,Bihar,Patna,Heavy Rain,Rural Road,Slippery,Daylight,Heavy Truck,41,Male,No,80,12:15,Wednesday,December,3,25.6482,85.1342,Serious
ACC2840,Haryana,Gurugram,Heavy Rain,National Highway,Slippery,Daylight,Heavy Truck,19,Female,No,50,14:32,Monday,April,1,28.4911,77.0223,Minor
ACC2841,Tamil Nadu,Coimbatore,Sunny,City Road,Dry,Night - Street Lights On,Car,24,Male,No,100,16:35,Sunday,September,1,11.0546,76.9009,Serious
ACC2842,Maharashtra,Mumbai,Clear,Expressway,Under Construction,Night - Darkness,Auto-Rickshaw,52,Male,Yes,50,17:25,Sunday,June,6,19.0452,72.8265,Serious
ACC2843,Punjab,Amritsar,Sunny,Rural Road,Wet,Twilight/Dusk,Heavy Truck,29,Male,No,70,09:22,Sunday,June,0,31.6055,74.8303,Serious
ACC2844,Punjab,Ludhiana,Sunny,State Highway,Gravel,Daylight,Two-Wheeler,31,Male,No,40,00:26,Friday,October,1,30.9867,75.8618,Minor
ACC2845,Haryana,Gurugram,Heavy Rain,National Highway,Slippery,Daylight,Heavy Truck,19,Female,No,120,15:10,Monday,April,1,28.5091,77.0208,Minor
ACC2846,Punjab,Amritsar,Clear,City Road,Wet,Twilight/Dusk,Heavy Truck,18,Male,No,50,18:41,Thursday,March,1,31.6998,74.9274,Fatal
ACC2847,Rajasthan,Udaipur,Heavy Rain,National Highway,Slippery,Twilight/Dusk,Bus,31,Female,No,80,02:12,Wednesday,February,6,24.5513,73.6396,Serious
ACC2848,Odisha,Bhubaneswar,Clear,City Road,Under Construction,Daylight,Car,48,Male,No,80,19:48,Saturday,December,0,20.22,85.7753,Minor
ACC2849,Kerala,Kochi,Clear,State Highway,Dry,Daylight,Heavy Truck,39,Male,No,90,23:35,Tuesday,March,1,10.0159,76.2051,Minor
ACC2850,Tamil Nadu,Chennai,Sunny,State Highway,Dry,Daylight,Car,55,Male,Yes,70,03:15,Friday,March,0,13.1509,80.3402,Minor
ACC2851,West Bengal,Kolkata,Clear,State Highway,Wet,Night - Street Lights On,LCV,27,Male,Yes,40,12:49,Thursday,February,1,22.5086,88.361,Minor
ACC2852,Gujarat,Ahmedabad,Clear,City Road,Under Construction,Night - Street Lights On,Heavy Truck,46,Female,No,120,04:36,Tuesday,October,2,23.0768,72.6074,Minor
ACC2853,Gujarat,Surat,Sunny,National Highway,Dry,Night - Street Lights On,Car,43,Male,Yes,100,11:43,Friday,September,4,21.1829,72.8119,Serious
ACC2854,Tamil Nadu,Coimbatore,Clear,National Highway,Wet,Night - Darkness,Car,50,Male,No,60,17:50,Wednesday,November,2,11.074,76.9598,Minor
ACC2855,Tamil Nadu,Coimbatore,Foggy,National Highway,Wet,Night - Street Lights On,Heavy Truck,61,Female,Yes,90,09:36,Thursday,April,2,11.0259,76.9205,Serious
ACC2856,Karnataka,Mysuru,Mist,State Highway,Wet,Daylight,Heavy Truck,39,Male,No,50,13:53,Sunday,February,0,12.3528,76.6098,Serious
ACC2857,Maharashtra,Pune,Heavy Rain,National Highway,Slippery,Night - Street Lights On,Car,21,Male,No,80,11:10,Tuesday,March,1,18.4869,73.8451,Minor
ACC2858,Maharashtra,Mumbai,Clear,Rural Road,Dry,Daylight,LCV,53,Female,No,70,18:47,Saturday,August,0,19.1488,72.8858,Serious
ACC2859,Rajasthan,Jaipur,Sunny,State Highway,Gravel,Daylight,Two-Wheeler,18,Male,No,120,07:34,Monday,July,1,26.889,75.8231,Serious
ACC2860,Madhya Pradesh,Indore,Foggy,Expressway,Wet,Daylight,LCV,27,Female,No,50,01:30,Saturday,February,1,22.7657,75.8998,Minor
ACC2861,Maharashtra,Nagpur,Sunny,State Highway,Gravel,Daylight,Two-Wheeler,29,Male,No,90,18:27,Wednesday,January,0,21.1538,79.0601,Minor
ACC2862,Uttar Pradesh,Lucknow,Clear,National Highway,Under Construction,Night - Darkness,Two-Wheeler,29,Male,Yes,100,01:36,Friday,November,2,26.9226,80.9995,Minor
ACC2863,Gujarat,Ahmedabad,Heavy Rain,Rural Road,Slippery,Daylight,Two-Wheeler,63,Male,No,90,05:28,Thursday,August,0,22.9873,72.6537,Fatal
ACC2864,Madhya Pradesh,Indore,Foggy,Expressway,Wet,Daylight,LCV,31,Female,No,90,01:39,Saturday,February,1,22.7591,75.8919,Minor
ACC2865,Punjab,Ludhiana,Mist,National Highway,Wet,Night - Street Lights On,Auto-Rickshaw,63,Male,No,120,22:06,Friday,February,3,30.9085,75.8161,Minor
ACC2866,Tamil Nadu,Coimbatore,Foggy,National Highway,Wet,Night - Street Lights On,Heavy Truck,67,Female,Yes,120,10:04,Thursday,April,2,11.0175,76.9197,Serious
ACC2867,Uttar Pradesh,Varanasi,Clear,Rural Road,Dry,Daylight,Car,54,Female,No,70,18:30,Saturday,October,2,25.2536,82.9289,Minor
ACC2868,West Bengal,Kolkata,Clear,Rural Road,Dry,Twilight/Dusk,LCV,37,Female,No,80,02:37,Saturday,July,1,22.5377,88.4065,Serious
ACC2869,Tamil Nadu,Madurai,Mist,State Highway,Wet,Daylight,Heavy Truck,53,Female,No,80,02:44,Thursday,May,0,9.89,78.1329,Serious
ACC2870,Telangana,Hyderabad,Sunny,State Highway,Dry,Night - Street Lights On,Auto-Rickshaw,30,Female,Yes,100,23:44,Friday,March,2,17.4613,78.5233,Serious
ACC2871,Punjab,Ludhiana,Heavy Rain,State Highway,Slippery,Daylight,Auto-Rickshaw,62,Male,No,90,09:15,Friday,April,0,30.8638,75.9038,Minor
ACC2872,Uttar Pradesh,Lucknow,Mist,Expressway,Wet,Twilight/Dusk,Heavy Truck,44,Male,No,50,13:22,Friday,October,3,26.8351,81.0043,Minor
ACC2873,Gujarat,Surat,Sunny,National Highway,Slippery,Daylight,Auto-Rickshaw,43,Male,No,120,09:59,Monday,July,2,21.1005,72.8269,Minor
ACC2874,Punjab,Amritsar,Mist,Rural Road,Wet,Daylight,Car,24,Male,No,50,15:20,Saturday,March,0,31.643,74.8487,Minor
ACC2875,Telangana,Hyderabad,Foggy,National Highway,Wet,Daylight,Bus,23,Male,No,70,12:39,Monday,May,3,17.4527,78.5423,Fatal
ACC2876,Telangana,Hyderabad,Clear,Rural Road,Gravel,Night - Darkness,Car,48,Male,No,100,20:06,Thursday,September,1,17.3794,78.5053,Serious
ACC2877,Tamil Nadu,Coimbatore,Mist,Expressway,Wet,Twilight/Dusk,Car,51,Male,No,40,14:31,Monday,June,1,11.0328,76.9645,Minor
ACC2878,Rajasthan,Jaipur,Foggy,Rural Road,Wet,Night - Street Lights On,LCV,54,Female,Yes,40,04:13,Saturday,November,3,26.9501,75.751,Minor
ACC2879,Telangana,Hyderabad,Foggy,National Highway,Wet,Daylight,Bus,18,Male,No,70,13:27,Monday,May,3,17.4448,78.5539,Minor
ACC2880,Punjab,Ludhiana,Mist,National Highway,Wet,Twilight/Dusk,Two-Wheeler,53,Male,No,70,14:14,Wednesday,November,1,30.8744,75.8098,Serious
ACC2881,Punjab,Amritsar,Clear,City Road,Wet,Night - Darkness,Auto-Rickshaw,47,Male,Yes,70,21:44,Wednesday,March,3,31.6921,74.8623,Serious
ACC2882,Maharashtra,Mumbai,Foggy,National Highway,Wet,Night - Darkness,Auto-Rickshaw,55,Male,No,80,07:35,Saturday,December,2,19.0213,72.9677,Minor
ACC2883,Rajasthan,Jaipur,Sunny,Rural Road,Slippery,Night - Darkness,Bus,30,Male,No,90,01:16,Saturday,August,3,26.9286,75.7482,Serious
ACC2884,Jammu and Kashmir,Srinagar,Clear,Rural Road,Dry,Daylight,Two-Wheeler,36,Female,No,50,10:35,Thursday,October,0,34.0386,74.7676,Minor
ACC2885,Odisha,Bhubaneswar,Clear,City Road,Under Construction,Daylight,Car,44,Male,No,60,19:33,Saturday,December,0,20.2228,85.7686,Minor
ACC2886,Maharashtra,Mumbai,Heavy Rain,Expressway,Slippery,Night - Darkness,LCV,63,Male,No,70,21:09,Friday,July,4,19.0566,72.861,Minor
ACC2887,Tamil Nadu,Madurai,Foggy,State Highway,Wet,Night - Darkness,LCV,56,Male,No,40,02:45,Thursday,September,3,9.9129,78.1002,Serious
ACC2888,Uttar Pradesh,Varanasi,Foggy,Rural Road,Wet,Daylight,LCV,41,Female,No,100,18:32,Friday,March,1,25.3094,82.9886,Fatal
ACC2889,Gujarat,Surat,Sunny,National Highway,Dry,Night - Street Lights On,Car,47,Male,Yes,90,11:26,Friday,September,4,21.183,72.8203,Serious
ACC2890,Tamil Nadu,Madurai,Mist,City Road,Wet,Daylight,Bus,57,Male,No,60,17:33,Wednesday,March,2,9.9966,78.1278,Serious
ACC2891,Assam,Guwahati,Mist,Expressway,Wet,Night - Darkness,Two-Wheeler,58,Male,Yes,120,13:36,Friday,October,6,26.107,91.7367,Serious
ACC2892,Tamil Nadu,Madurai,Foggy,State Highway,Wet,Daylight,LCV,21,Male,No,90,15:25,Wednesday,March,0,9.8742,78.1816,Minor
ACC2893,Gujarat,Surat,Mist,National Highway,Wet,Daylight,Bus,47,Female,No,90,17:04,Thursday,February,2,21.1302,72.7928,Fatal
ACC2894,Karnataka,Bengaluru,Sunny,Expressway,Under Construction,Night - Darkness,LCV,57,Male,Yes,80,04:09,Saturday,October,6,13.025,77.5852,Serious
ACC2895,Uttar Pradesh,Kanpur,Clear,State Highway,Gravel,Daylight,Car,54,Female,No,70,09:37,Thursday,November,0,26.495,80.2519,Minor
ACC2896,Tamil Nadu,Chennai,Sunny,State Highway,Dry,Daylight,Car,55,Male,Yes,60,03:11,Friday,March,0,13.1373,80.3292,Fatal
ACC2897,Delhi,New Delhi,Clear,National Highway,Dry,Twilight/Dusk,LCV,22,Male,Yes,70,11:12,Thursday,October,2,28.6122,77.236,Serious
ACC2898,Uttar Pradesh,Lucknow,Foggy,Rural Road,Wet,Twilight/Dusk,Heavy Truck,21,Male,No,40,05:07,Monday,December,3,26.8855,80.9274,Minor
ACC2899,Tamil Nadu,Coimbatore,Clear,National Highway,Wet,Night - Darkness,Car,50,Male,No,60,17:51,Wednesday,November,2,11.1046,76.9414,Minor
ACC2900,Odisha,Bhubaneswar,Clear,City Road,Under Construction,Daylight,Car,43,Male,No,120,19:32,Saturday,December,0,20.2182,85.7874,Minor
ACC2901,Tamil Nadu,Madurai,Clear,National Highway,Slippery,Daylight,Bus,41,Male,No,100,14:28,Monday,July,1,9.8963,78.1498,Minor
ACC2902,Maharashtra,Pune,Clear,City Road,Gravel,Night - Street Lights On,LCV,31,Male,Yes,60,06:40,Saturday,October,1,18.5083,73.8722,Serious
ACC2903,Uttar Pradesh,Varanasi,Mist,Expressway,Wet,Night - Darkness,Two-Wheeler,51,Female,No,50,11:45,Wednesday,April,4,25.3854,82.9425,Serious
ACC2904,Maharashtra,Mumbai,Mist,City Road,Wet,Daylight,Car,61,Male,Yes,90,06:25,Thursday,August,1,19.019,72.8187,Fatal
ACC2905,Tamil Nadu,Madurai,Mist,Expressway,Wet,Daylight,Auto-Rickshaw,47,Male,No,80,00:43,Sunday,July,2,9.887,78.1695,Minor
ACC2906,Assam,Guwahati,Heavy Rain,National Highway,Slippery,Night - Darkness,Heavy Truck,44,Male,No,50,21:38,Thursday,March,3,26.1164,91.6839,Fatal
ACC2907,Tamil Nadu,Chennai,Heavy Rain,Rural Road,Slippery,Twilight/Dusk,LCV,22,Female,No,120,10:03,Saturday,August,2,13.1523,80.2475,Serious
ACC2908,Uttar Pradesh,Varanasi,Sunny,National Highway,Dry,Daylight,Bus,43,Male,Yes,40,22:50,Tuesday,November,5,25.3426,83.0484,Serious
ACC2909,Madhya Pradesh,Indore,Sunny,Expressway,Under Construction,Daylight,Two-Wheeler,34,Female,Yes,40,23:24,Monday,May,4,22.6803,75.8298,Minor
ACC2910,Karnataka,Bengaluru,Clear,Expressway,Slippery,Twilight/Dusk,LCV,55,Male,No,70,17:54,Wednesday,September,1,12.9083,77.5622,Fatal
ACC2911,Uttarakhand,Dehradun,Clear,City Road,Dry,Daylight,LCV,25,Male,No,80,14:32,Sunday,August,2,30.3587,78.0698,Serious
ACC2912,Madhya Pradesh,Indore,Mist,State Highway,Wet,Daylight,LCV,18,Female,No,100,09:06,Monday,June,2,22.7823,75.8391,Fatal
ACC2913,Rajasthan,Jaipur,Foggy,Rural Road,Wet,Night - Street Lights On,LCV,54,Female,Yes,120,03:29,Saturday,November,3,26.9346,75.7486,Minor
ACC2914,Kerala,Thiruvananthapuram,Heavy Rain,City Road,Slippery,Night - Street Lights On,Two-Wheeler,42,Male,Yes,40,16:11,Thursday,November,1,8.5115,76.9847,Minor
ACC2915,Kerala,Kochi,Clear,City Road,Wet,Night - Street Lights On,Heavy Truck,38,Male,No,100,22:03,Monday,January,0,9.8903,76.2712,Fatal
ACC2916,Gujarat,Ahmedabad,Clear,State Highway,Dry,Night - Street Lights On,Two-Wheeler,57,Male,No,60,12:44,Saturday,December,2,23.0343,72.5345,Fatal
ACC2917,Gujarat,Ahmedabad,Foggy,Rural Road,Wet,Night - Darkness,Car,31,Male,Yes,80,12:05,Monday,December,6,23.0856,72.6227,Minor
ACC2918,Maharashtra,Mumbai,Foggy,National Highway,Wet,Night - Darkness,Auto-Rickshaw,56,Male,No,50,06:47,Saturday,December,2,19.0035,72.9584,Serious
ACC2919,West Bengal,Kolkata,Clear,City Road,Slippery,Night - Street Lights On,Two-Wheeler,61,Male,No,120,22:17,Sunday,February,2,22.6285,88.3938,Minor
ACC2920,Odisha,Bhubaneswar,Clear,National Highway,Slippery,Night - Street Lights On,Two-Wheeler,51,Male,Yes,70,00:54,Thursday,March,3,20.226,85.7962,Serious
ACC2921,Punjab,Ludhiana,Sunny,Rural Road,Dry,Twilight/Dusk,Heavy Truck,61,Male,No,90,08:27,Monday,December,2,30.8509,75.941,Serious
ACC2922,Maharashtra,Pune,Clear,State Highway,Gravel,Night - Street Lights On,Two-Wheeler,45,Female,No,70,21:36,Monday,March,0,18.5143,73.854,Serious
ACC2923,Tamil Nadu,Coimbatore,Foggy,State Highway,Wet,Night - Street Lights On,LCV,31,Male,Yes,120,06:56,Sunday,May,3,11.0171,76.9487,Fatal
ACC2924,Rajasthan,Jaipur,Sunny,State Highway,Dry,Night - Darkness,Two-Wheeler,48,Male,Yes,60,18:35,Friday,July,3,26.9289,75.7963,Minor
ACC2925,Kerala,Thiruvananthapuram,Clear,City Road,Wet,Night - Street Lights On,Heavy Truck,35,Male,No,60,18:09,Saturday,March,0,8.5867,76.9377,Minor
ACC2926,Haryana,Gurugram,Clear,Rural Road,Dry,Night - Street Lights On,Auto-Rickshaw,41,Male,Yes,60,20:35,Monday,December,1,28.4984,77.1152,Minor
ACC2927,Haryana,Gurugram,Heavy Rain,National Highway,Slippery,Daylight,Heavy Truck,19,Female,No,100,15:00,Monday,April,1,28.5141,77.0296,Fatal
ACC2928,Tamil Nadu,Coimbatore,Clear,Rural Road,Under Construction,Twilight/Dusk,Bus,57,Male,No,80,02:21,Saturday,October,1,11.0127,76.9633,Minor
ACC2929,Jammu and Kashmir,Srinagar,Sunny,Rural Road,Gravel,Daylight,Car,38,Male,No,80,01:04,Wednesday,August,0,34.0201,74.82,Minor
ACC2930,Uttar Pradesh,Kanpur,Clear,State Highway,Dry,Night - Street Lights On,Heavy Truck,22,Male,No,40,12:47,Tuesday,August,2,26.3573,80.3355,Serious
ACC2931,Tamil Nadu,Coimbatore,Clear,State Highway,Gravel,Daylight,Bus,67,Male,No,90,12:23,Sunday,June,2,10.9926,76.971,Minor
ACC2932,Assam,Guwahati,Sunny,Rural Road,Dry,Night - Street Lights On,Auto-Rickshaw,56,Male,Yes,50,09:52,Sunday,July,1,26.1704,91.7945,Minor
ACC2933,Tamil Nadu,Chennai,Heavy Rain,Rural Road,Slippery,Twilight/Dusk,LCV,30,Female,No,50,10:23,Saturday,August,2,13.1666,80.2284,Minor
ACC2934,Uttar Pradesh,Kanpur,Clear,State Highway,Dry,Night - Street Lights On,Heavy Truck,27,Male,No,120,12:46,Tuesday,August,2,26.3766,80.3564,Minor
ACC2935,Tamil Nadu,Madurai,Clear,National Highway,Slippery,Daylight,Bus,40,Male,No,120,14:54,Monday,July,1,9.8642,78.1551,Serious
ACC2936,Uttar Pradesh,Kanpur,Clear,National Highway,Under Construction,Daylight,LCV,18,Male,No,100,19:55,Saturday,August,2,26.4812,80.3881,Serious
ACC2937,Uttarakhand,Dehradun,Clear,City Road,Dry,Daylight,LCV,20,Male,No,70,14:20,Sunday,August,2,30.368,78.0894,Fatal
ACC2938,Madhya Pradesh,Bhopal,Clear,State Highway,Slippery,Daylight,Car,51,Male,No,80,07:50,Monday,January,2,23.1954,77.4058,Serious
ACC2939,Assam,Guwahati,Clear,Rural Road,Dry,Night - Darkness,Two-Wheeler,58,Male,Yes,60,23:00,Wednesday,June,2,26.1393,91.6566,Serious
ACC2940,Uttar Pradesh,Kanpur,Clear,National Highway,Under Construction,Daylight,LCV,18,Male,No,40,20:25,Saturday,August,2,26.4492,80.3934,Minor
ACC2941,Delhi,New Delhi,Clear,Rural Road,Wet,Daylight,Heavy Truck,49,Male,No,60,12:55,Wednesday,September,0,28.6031,77.2616,Minor
ACC2942,Delhi,New Delhi,Clear,Expressway,Wet,Daylight,Two-Wheeler,21,Female,No,120,01:48,Monday,December,1,28.6783,77.2067,Minor
ACC2943,Uttar Pradesh,Kanpur,Clear,State Highway,Gravel,Daylight,Car,53,Female,No,100,10:22,Thursday,November,0,26.4749,80.2467,Minor
ACC2944,Kerala,Thiruvananthapuram,Clear,City Road,Wet,Night - Street Lights On,Heavy Truck,35,Male,No,80,18:16,Saturday,March,0,8.6057,76.9264,Minor
ACC2945,Madhya Pradesh,Indore,Foggy,National Highway,Wet,Night - Darkness,Heavy Truck,56,Male,No,90,11:54,Thursday,February,2,22.6645,75.8872,Fatal
ACC2946,West Bengal,Kolkata,Clear,City Road,Slippery,Night - Street Lights On,Two-Wheeler,68,Male,No,120,22:12,Sunday,February,2,22.6151,88.3953,Serious
ACC2947,Uttar Pradesh,Lucknow,Heavy Rain,State Highway,Slippery,Twilight/Dusk,Heavy Truck,38,Male,No,40,12:40,Thursday,June,1,26.8669,80.9417,Minor
ACC2948,Kerala,Thiruvananthapuram,Heavy Rain,City Road,Slippery,Night - Street Lights On,Two-Wheeler,43,Male,Yes,50,15:55,Thursday,November,1,8.5236,76.9569,Minor
ACC2949,Tamil Nadu,Coimbatore,Clear,State Highway,Gravel,Daylight,Bus,61,Male,No,50,11:44,Sunday,June,2,11.0268,76.9466,Serious
ACC2950,Uttar Pradesh,Kanpur,Heavy Rain,Rural Road,Slippery,Twilight/Dusk,Car,49,Male,No,80,11:55,Sunday,October,1,26.5362,80.3682,Fatal
ACC2951,Maharashtra,Mumbai,Foggy,Expressway,Wet,Twilight/Dusk,LCV,21,Male,No,120,13:20,Tuesday,August,1,19.0211,72.793,Fatal
ACC2952,Punjab,Amritsar,Foggy,National Highway,Wet,Night - Darkness,Car,37,Male,Yes,90,22:04,Saturday,December,3,31.6908,74.8637,Minor
ACC2953,Punjab,Amritsar,Mist,Rural Road,Wet,Daylight,Car,20,Male,No,40,15:04,Saturday,March,0,31.653,74.8477,Fatal
ACC2954,Uttar Pradesh,Varanasi,Clear,City Road,Under Construction,Night - Street Lights On,LCV,34,Male,No,100,21:50,Tuesday,February,1,25.3038,82.9979,Serious
ACC2955,Haryana,Gurugram,Clear,Rural Road,Dry,Night - Street Lights On,Auto-Rickshaw,45,Male,Yes,100,20:26,Monday,December,1,28.5283,77.1079,Minor
ACC2956,Madhya Pradesh,Indore,Clear,State Highway,Slippery,Night - Street Lights On,Auto-Rickshaw,45,Male,No,90,05:16,Sunday,September,0,22.738,75.8503,Minor
ACC2957,West Bengal,Kolkata,Sunny,Expressway,Dry,Daylight,Car,30,Male,No,60,11:16,Sunday,July,1,22.6049,88.4043,Minor
ACC2958,Madhya Pradesh,Indore,Clear,Expressway,Slippery,Night - Darkness,Two-Wheeler,43,Male,No,40,05:38,Wednesday,February,4,22.7572,75.8665,Minor
ACC2959,Gujarat,Ahmedabad,Clear,State Highway,Dry,Night - Street Lights On,Two-Wheeler,59,Male,No,120,12:47,Saturday,December,2,23.0455,72.5329,Minor
ACC2960,Uttar Pradesh,Varanasi,Clear,Rural Road,Dry,Daylight,Car,60,Female,No,80,18:47,Saturday,October,2,25.2685,82.9262,Minor
ACC2961,Maharashtra,Pune,Foggy,City Road,Wet,Night - Darkness,Two-Wheeler,18,Female,Yes,90,23:01,Friday,May,2,18.5278,73.8998,Minor
ACC2962,Uttar Pradesh,Varanasi,Foggy,Rural Road,Wet,Daylight,LCV,44,Female,No,40,18:41,Friday,March,1,25.3356,82.9709,Serious
ACC2963,West Bengal,Kolkata,Clear,City Road,Slippery,Night - Street Lights On,Two-Wheeler,64,Male,No,80,22:52,Sunday,February,2,22.6042,88.4122,Fatal
ACC2964,Jammu and Kashmir,Srinagar,Sunny,Expressway,Slippery,Twilight/Dusk,LCV,51,Male,No,40,12:23,Thursday,April,1,34.0811,74.7553,Minor
ACC2965,Assam,Guwahati,Sunny,Rural Road,Dry,Night - Street Lights On,Auto-Rickshaw,59,Male,Yes,120,09:45,Sunday,July,1,26.1555,91.7933,Minor
ACC2966,Kerala,Kochi,Clear,City Road,Wet,Night - Street Lights On,Heavy Truck,35,Male,No,50,21:59,Monday,January,0,9.9005,76.2406,Minor
ACC2967,Maharashtra,Pune,Clear,State Highway,Gravel,Night - Street Lights On,Two-Wheeler,38,Female,No,90,21:19,Monday,March,0,18.4945,73.8823,Minor
ACC2968,Haryana,Gurugram,Heavy Rain,State Highway,Slippery,Night - Darkness,LCV,41,Female,Yes,120,16:49,Saturday,June,2,28.4643,77.0632,Minor
ACC2969,Uttar Pradesh,Varanasi,Sunny,National Highway,Dry,Daylight,Bus,43,Male,Yes,50,22:10,Tuesday,November,5,25.3542,83.0477,Fatal
ACC2970,Karnataka,Bengaluru,Mist,Rural Road,Wet,Daylight,Bus,20,Male,No,80,16:03,Monday,September,0,12.9326,77.5393,Minor
ACC2971,Uttarakhand,Dehradun,Clear,Rural Road,Slippery,Night - Darkness,Two-Wheeler,44,Male,No,50,17:39,Saturday,September,2,30.3578,78.0861,Minor
ACC2972,Tamil Nadu,Coimbatore,Clear,State Highway,Gravel,Daylight,Bus,66,Male,No,120,11:56,Sunday,June,2,10.9905,76.9384,Minor
ACC2973,Maharashtra,Nagpur,Clear,State Highway,Wet,Daylight,Two-Wheeler,54,Female,No,80,23:46,Monday,August,2,21.1098,79.0773,Fatal
ACC2974,Jammu and Kashmir,Srinagar,Clear,Rural Road,Dry,Daylight,Two-Wheeler,32,Female,No,120,10:26,Thursday,October,0,34.0294,74.7682,Minor
ACC2975,Gujarat,Surat,Sunny,National Highway,Wet,Night - Street Lights On,Two-Wheeler,45,Male,No,120,20:31,Friday,August,2,21.2186,72.8058,Fatal
ACC2976,Tamil Nadu,Coimbatore,Clear,State Highway,Gravel,Daylight,Bus,59,Male,No,70,11:48,Sunday,June,2,10.9939,76.9437,Minor
ACC2977,Tamil Nadu,Coimbatore,Clear,Rural Road,Under Construction,Twilight/Dusk,Bus,54,Male,No,120,02:13,Saturday,October,1,11.049,76.9541,Fatal
ACC2978,Uttarakhand,Dehradun,Heavy Rain,City Road,Slippery,Daylight,Auto-Rickshaw,39,Female,No,100,04:18,Friday,January,1,30.2882,77.9867,Serious
ACC2979,Karnataka,Bengaluru,Sunny,Expressway,Under Construction,Night - Darkness,LCV,54,Male,Yes,100,04:18,Saturday,October,6,13.0559,77.5809,Serious
ACC2980,Gujarat,Surat,Sunny,National Highway,Slippery,Daylight,Auto-Rickshaw,46,Male,No,60,10:05,Monday,July,2,21.1072,72.8364,Fatal
ACC2981,Karnataka,Bengaluru,Sunny,Expressway,Under Construction,Night - Darkness,LCV,58,Male,Yes,120,04:52,Saturday,October,6,13.0413,77.5709,Minor
ACC2982,Madhya Pradesh,Bhopal,Clear,State Highway,Slippery,Daylight,Car,52,Male,No,70,08:03,Monday,January,2,23.2231,77.4029,Minor
ACC2983,Rajasthan,Jaipur,Mist,City Road,Wet,Night - Darkness,Car,38,Male,Yes,100,02:17,Friday,April,3,27.0064,75.7299,Serious
ACC2984,Kerala,Thiruvananthapuram,Clear,National Highway,Dry,Night - Darkness,Bus,28,Male,Yes,90,13:48,Thursday,March,4,8.4983,76.9771,Minor
ACC2985,Tamil Nadu,Coimbatore,Foggy,National Highway,Wet,Night - Street Lights On,Heavy Truck,67,Female,Yes,60,09:40,Thursday,April,2,11.0264,76.9346,Minor
ACC2986,Haryana,Gurugram,Heavy Rain,National Highway,Slippery,Daylight,Heavy Truck,19,Female,No,90,14:38,Monday,April,1,28.4963,77.0453,Fatal
ACC2987,Maharashtra,Pune,Clear,State Highway,Gravel,Night - Street Lights On,Two-Wheeler,46,Female,No,40,21:15,Monday,March,0,18.5017,73.872,Minor
ACC2988,Punjab,Ludhiana,Heavy Rain,State Highway,Slippery,Daylight,Auto-Rickshaw,62,Male,No,80,09:16,Friday,April,0,30.852,75.8811,Minor
ACC2989,Uttar Pradesh,Lucknow,Heavy Rain,State Highway,Slippery,Twilight/Dusk,Heavy Truck,34,Male,No,50,12:34,Thursday,June,1,26.889,80.9268,Minor
ACC2990,Tamil Nadu,Coimbatore,Clear,National Highway,Wet,Night - Darkness,Car,43,Male,No,60,17:30,Wednesday,November,2,11.0949,76.9557,Fatal
ACC2991,Rajasthan,Jaipur,Foggy,National Highway,Wet,Night - Darkness,LCV,22,Female,No,80,11:37,Monday,June,1,26.9311,75.8541,Serious
ACC2992,Gujarat,Ahmedabad,Clear,City Road,Gravel,Night - Street Lights On,Two-Wheeler,39,Male,Yes,40,14:15,Saturday,December,3,23.0975,72.4986,Serious
ACC2993,Karnataka,Mysuru,Mist,State Highway,Wet,Daylight,Heavy Truck,41,Male,No,40,14:43,Sunday,February,0,12.3582,76.6006,Serious
ACC2994,Delhi,New Delhi,Heavy Rain,National Highway,Slippery,Night - Street Lights On,Heavy Truck,39,Male,No,50,15:34,Sunday,February,4,28.6572,77.2632,Serious
ACC2995,Jammu and Kashmir,Srinagar,Sunny,Rural Road,Gravel,Daylight,Car,39,Male,No,40,01:06,Wednesday,August,0,34.0328,74.8216,Minor
ACC2996,Uttar Pradesh,Kanpur,Clear,State Highway,Dry,Night - Street Lights On,Heavy Truck,23,Male,No,60,12:23,Tuesday,August,2,26.377,80.3399,Minor
ACC2997,Karnataka,Mysuru,Mist,City Road,Wet,Night - Street Lights On,Heavy Truck,61,Male,Yes,60,21:34,Wednesday,May,3,12.2276,76.5735,Serious
ACC2998,Jammu and Kashmir,Srinagar,Sunny,Rural Road,Gravel,Daylight,Car,37,Male,No,100,00:29,Wednesday,August,0,34.0288,74.8046,Minor
ACC2999,Punjab,Amritsar,Foggy,State Highway,Wet,Daylight,Two-Wheeler,41,Male,No,120,21:35,Saturday,August,2,31.6655,74.8052,Minor
ACC3000,Uttar Pradesh,Kanpur,Mist,Expressway,Wet,Night - Street Lights On,LCV,22,Male,Yes,120,10:31,Friday,February,3,26.5101,80.3396,Serious
